cutoff_shell,series,curve_index,point_index,k_path_fraction,energy_ev,source_pdf
1,DFT,0,0,0.00000000,-8.50769996,band_1.pdf
1,DFT,0,1,0.00804834,-8.48509993,band_1.pdf
1,DFT,0,2,0.01606884,-8.41769996,band_1.pdf
1,DFT,0,3,0.02411719,-8.30599997,band_1.pdf
1,DFT,0,4,0.03216554,-8.15109996,band_1.pdf
1,DFT,0,5,0.04018603,-7.95449998,band_1.pdf
1,DFT,0,6,0.04823438,-7.71859997,band_1.pdf
1,DFT,0,7,0.05628272,-7.44629997,band_1.pdf
1,DFT,0,8,0.06430322,-7.14119998,band_1.pdf
1,DFT,0,9,0.07235157,-6.80849996,band_1.pdf
1,DFT,0,10,0.08842041,-6.08909996,band_1.pdf
1,DFT,0,11,0.10451710,-5.36899995,band_1.pdf
1,DFT,0,12,0.11253760,-5.04529994,band_1.pdf
1,DFT,0,13,0.12058594,-4.76800000,band_1.pdf
1,DFT,0,14,0.12863429,-4.55019996,band_1.pdf
1,DFT,0,15,0.13665478,-4.39800000,band_1.pdf
1,DFT,0,16,0.14470313,-4.31039996,band_1.pdf
1,DFT,0,17,0.15275148,-4.27840000,band_1.pdf
1,DFT,0,18,0.16079982,-4.29120000,band_1.pdf
1,DFT,0,19,0.16882032,-4.33699999,band_1.pdf
1,DFT,0,20,0.17686866,-4.40470000,band_1.pdf
1,DFT,0,21,0.20903420,-4.72509995,band_1.pdf
1,DFT,0,22,0.21705470,-4.78769995,band_1.pdf
1,DFT,0,23,0.22510304,-4.83450000,band_1.pdf
1,DFT,0,24,0.23315139,-4.86279997,band_1.pdf
1,DFT,0,25,0.24117188,-4.87239998,band_1.pdf
1,DFT,0,26,0.24685307,-4.86759995,band_1.pdf
1,DFT,0,27,0.25256210,-4.85309995,band_1.pdf
1,DFT,0,28,0.25824329,-4.82979997,band_1.pdf
1,DFT,0,29,0.26392447,-4.79779996,band_1.pdf
1,DFT,0,30,0.27528684,-4.71100000,band_1.pdf
1,DFT,0,31,0.28664922,-4.60159996,band_1.pdf
1,DFT,0,32,0.30372062,-4.42650000,band_1.pdf
1,DFT,0,33,0.30940180,-4.37549999,band_1.pdf
1,DFT,0,34,0.31508299,-4.33359999,band_1.pdf
1,DFT,0,35,0.32076417,-4.30419995,band_1.pdf
1,DFT,0,36,0.32644536,-4.29029996,band_1.pdf
1,DFT,0,37,0.33212655,-4.29419996,band_1.pdf
1,DFT,0,38,0.33780773,-4.31649995,band_1.pdf
1,DFT,0,39,0.34348892,-4.35629997,band_1.pdf
1,DFT,0,40,0.34919795,-4.41089995,band_1.pdf
1,DFT,0,41,0.36056032,-4.55000000,band_1.pdf
1,DFT,0,42,0.37760388,-4.77239999,band_1.pdf
1,DFT,0,43,0.38328506,-4.83679994,band_1.pdf
1,DFT,0,44,0.38896625,-4.89219995,band_1.pdf
1,DFT,0,45,0.39467528,-4.93689995,band_1.pdf
1,DFT,0,46,0.40035647,-4.96969999,band_1.pdf
1,DFT,0,47,0.40603765,-4.98969997,band_1.pdf
1,DFT,0,48,0.41171884,-4.99649998,band_1.pdf
1,DFT,0,49,0.42876239,-5.00049999,band_1.pdf
1,DFT,0,50,0.44015261,-5.01949999,band_1.pdf
1,DFT,0,51,0.44583380,-5.04190000,band_1.pdf
1,DFT,0,52,0.45151498,-5.07849997,band_1.pdf
1,DFT,0,53,0.45719617,-5.13449998,band_1.pdf
1,DFT,0,54,0.46287735,-5.21559998,band_1.pdf
1,DFT,0,55,0.46855854,-5.32609996,band_1.pdf
1,DFT,0,56,0.47423972,-5.46849995,band_1.pdf
1,DFT,0,57,0.47992091,-5.64179995,band_1.pdf
1,DFT,0,58,0.48562994,-5.84139996,band_1.pdf
1,DFT,0,59,0.49699231,-6.29279999,band_1.pdf
1,DFT,0,60,0.51403587,-6.99929999,band_1.pdf
1,DFT,0,61,0.52539824,-7.43189998,band_1.pdf
1,DFT,0,62,0.53110727,-7.62729995,band_1.pdf
1,DFT,0,63,0.53678846,-7.80599994,band_1.pdf
1,DFT,0,64,0.54246965,-7.96649994,band_1.pdf
1,DFT,0,65,0.54815083,-8.10769998,band_1.pdf
1,DFT,0,66,0.55383202,-8.22859994,band_1.pdf
1,DFT,0,67,0.55951320,-8.32839997,band_1.pdf
1,DFT,0,68,0.56519439,-8.40649995,band_1.pdf
1,DFT,0,69,0.57087557,-8.46259998,band_1.pdf
1,DFT,0,70,0.57658460,-8.49639994,band_1.pdf
1,DFT,0,71,0.58226579,-8.50769996,band_1.pdf
1,DFT,0,72,0.58922803,-8.49079994,band_1.pdf
1,DFT,0,73,0.59619027,-8.44019997,band_1.pdf
1,DFT,0,74,0.60315250,-8.35619996,band_1.pdf
1,DFT,0,75,0.61011474,-8.23969993,band_1.pdf
1,DFT,0,76,0.61707697,-8.09119995,band_1.pdf
1,DFT,0,77,0.62403921,-7.91229995,band_1.pdf
1,DFT,0,78,0.63100145,-7.70439995,band_1.pdf
1,DFT,0,79,0.63796368,-7.46929997,band_1.pdf
1,DFT,0,80,0.64492592,-7.20929997,band_1.pdf
1,DFT,0,81,0.65188816,-6.92699996,band_1.pdf
1,DFT,0,82,0.66581263,-6.30779998,band_1.pdf
1,DFT,0,83,0.70062382,-4.65649997,band_1.pdf
1,DFT,0,84,0.70758605,-4.35619996,band_1.pdf
1,DFT,0,85,0.71454829,-4.08149999,band_1.pdf
1,DFT,0,86,0.72151053,-3.83809996,band_1.pdf
1,DFT,0,87,0.72847276,-3.63170001,band_1.pdf
1,DFT,0,88,0.73543500,-3.53100000,band_1.pdf
1,DFT,0,89,0.74239724,-3.53839995,band_1.pdf
1,DFT,0,90,0.74935947,-3.53739996,band_1.pdf
1,DFT,0,91,0.75632171,-3.52859998,band_1.pdf
1,DFT,0,92,0.76328395,-3.51189999,band_1.pdf
1,DFT,0,93,0.77720842,-3.45809997,band_1.pdf
1,DFT,0,94,0.79113290,-3.38910001,band_1.pdf
1,DFT,0,95,0.79809513,-3.46379998,band_1.pdf
1,DFT,0,96,0.81201961,-3.63589998,band_1.pdf
1,DFT,0,97,0.81898184,-3.71349997,band_1.pdf
1,DFT,0,98,0.82594408,-3.77920000,band_1.pdf
1,DFT,0,99,0.83290632,-3.82909996,band_1.pdf
1,DFT,0,100,0.83986855,-3.85979995,band_1.pdf
1,DFT,0,101,0.84683079,-3.86860000,band_1.pdf
1,DFT,0,102,0.85379303,-3.85329997,band_1.pdf
1,DFT,0,103,0.86075526,-3.81229995,band_1.pdf
1,DFT,0,104,0.86771750,-3.74449999,band_1.pdf
1,DFT,0,105,0.87467974,-3.64969996,band_1.pdf
1,DFT,0,106,0.88164197,-3.52930000,band_1.pdf
1,DFT,0,107,0.88860421,-3.55589997,band_1.pdf
1,DFT,0,108,0.90252868,-3.76889997,band_1.pdf
1,DFT,0,109,0.93733987,-4.34079998,band_1.pdf
1,DFT,0,110,0.95126434,-4.53819999,band_1.pdf
1,DFT,0,111,0.95822658,-4.62309998,band_1.pdf
1,DFT,0,112,0.96518881,-4.69709995,band_1.pdf
1,DFT,0,113,0.97215105,-4.75899999,band_1.pdf
1,DFT,0,114,0.97911329,-4.80809998,band_1.pdf
1,DFT,0,115,0.98607553,-4.84369996,band_1.pdf
1,DFT,0,116,0.99303776,-4.86519999,band_1.pdf
1,DFT,0,117,1.00000000,-4.87239998,band_1.pdf
1,DFT,1,0,0.00000000,-8.35509996,band_1.pdf
1,DFT,1,1,0.00804834,-8.33239998,band_1.pdf
1,DFT,1,2,0.01606884,-8.26459996,band_1.pdf
1,DFT,1,3,0.02411719,-8.15209995,band_1.pdf
1,DFT,1,4,0.03216554,-7.99589998,band_1.pdf
1,DFT,1,5,0.04018603,-7.79719995,band_1.pdf
1,DFT,1,6,0.04823438,-7.55779994,band_1.pdf
1,DFT,1,7,0.05628272,-7.27999994,band_1.pdf
1,DFT,1,8,0.06430322,-6.96649994,band_1.pdf
1,DFT,1,9,0.07235157,-6.62059996,band_1.pdf
1,DFT,1,10,0.08039991,-6.24689998,band_1.pdf
1,DFT,1,11,0.09646875,-5.43839996,band_1.pdf
1,DFT,1,12,0.11253760,-4.60179998,band_1.pdf
1,DFT,1,13,0.12058594,-4.20029996,band_1.pdf
1,DFT,1,14,0.12863429,-3.82809997,band_1.pdf
1,DFT,1,15,0.13665478,-3.49959999,band_1.pdf
1,DFT,1,16,0.14470313,-3.65889999,band_1.pdf
1,DFT,1,17,0.16079982,-3.99819999,band_1.pdf
1,DFT,1,18,0.16882032,-4.15329996,band_1.pdf
1,DFT,1,19,0.17686866,-4.29639996,band_1.pdf
1,DFT,1,20,0.18491701,-4.42609996,band_1.pdf
1,DFT,1,21,0.19293751,-4.54110000,band_1.pdf
1,DFT,1,22,0.20098585,-4.64029997,band_1.pdf
1,DFT,1,23,0.20903420,-4.72269999,band_1.pdf
1,DFT,1,24,0.21705470,-4.78700000,band_1.pdf
1,DFT,1,25,0.22510304,-4.83359996,band_1.pdf
1,DFT,1,26,0.23315139,-4.86239999,band_1.pdf
1,DFT,1,27,0.24117188,-4.87199994,band_1.pdf
1,DFT,1,28,0.24685307,-4.86719997,band_1.pdf
1,DFT,1,29,0.25256210,-4.85289999,band_1.pdf
1,DFT,1,30,0.25824329,-4.82859996,band_1.pdf
1,DFT,1,31,0.26392447,-4.79459997,band_1.pdf
1,DFT,1,32,0.26960566,-4.75079995,band_1.pdf
1,DFT,1,33,0.27528684,-4.69739998,band_1.pdf
1,DFT,1,34,0.28096803,-4.63419998,band_1.pdf
1,DFT,1,35,0.28664922,-4.56120000,band_1.pdf
1,DFT,1,36,0.29233040,-4.47859995,band_1.pdf
1,DFT,1,37,0.29801159,-4.38629995,band_1.pdf
1,DFT,1,38,0.30372062,-4.28429998,band_1.pdf
1,DFT,1,39,0.30940180,-4.17270000,band_1.pdf
1,DFT,1,40,0.32076417,-3.92089997,band_1.pdf
1,DFT,1,41,0.33212655,-3.63129996,band_1.pdf
1,DFT,1,42,0.34348892,-3.30520000,band_1.pdf
1,DFT,1,43,0.35487914,-2.94399999,band_1.pdf
1,DFT,1,44,0.36056032,-3.03920001,band_1.pdf
1,DFT,1,45,0.37192269,-3.25089999,band_1.pdf
1,DFT,1,46,0.37760388,-3.34550001,band_1.pdf
1,DFT,1,47,0.38328506,-3.42930000,band_1.pdf
1,DFT,1,48,0.38896625,-3.50019999,band_1.pdf
1,DFT,1,49,0.39467528,-3.55680001,band_1.pdf
1,DFT,1,50,0.40035647,-3.59799999,band_1.pdf
1,DFT,1,51,0.40603765,-3.62289996,band_1.pdf
1,DFT,1,52,0.41740002,-3.63879999,band_1.pdf
1,DFT,1,53,0.42308121,-3.66199996,band_1.pdf
1,DFT,1,54,0.42876239,-3.70289997,band_1.pdf
1,DFT,1,55,0.43444358,-3.76429996,band_1.pdf
1,DFT,1,56,0.44015261,-3.84969995,band_1.pdf
1,DFT,1,57,0.44583380,-3.96289998,band_1.pdf
1,DFT,1,58,0.45151498,-4.10620000,band_1.pdf
1,DFT,1,59,0.45719617,-4.28039998,band_1.pdf
1,DFT,1,60,0.46287735,-4.48379997,band_1.pdf
1,DFT,1,61,0.46855854,-4.71259999,band_1.pdf
1,DFT,1,62,0.47992091,-5.22439997,band_1.pdf
1,DFT,1,63,0.50835468,-6.56629995,band_1.pdf
1,DFT,1,64,0.51971705,-7.04569999,band_1.pdf
1,DFT,1,65,0.52539824,-7.26319993,band_1.pdf
1,DFT,1,66,0.53110727,-7.46369997,band_1.pdf
1,DFT,1,67,0.53678846,-7.64599998,band_1.pdf
1,DFT,1,68,0.54246965,-7.80899996,band_1.pdf
1,DFT,1,69,0.54815083,-7.95199995,band_1.pdf
1,DFT,1,70,0.55383202,-8.07399996,band_1.pdf
1,DFT,1,71,0.55951320,-8.17459996,band_1.pdf
1,DFT,1,72,0.56519439,-8.25329995,band_1.pdf
1,DFT,1,73,0.57087557,-8.30979995,band_1.pdf
1,DFT,1,74,0.57658460,-8.34379994,band_1.pdf
1,DFT,1,75,0.58226579,-8.35509996,band_1.pdf
1,DFT,1,76,0.58922803,-8.33809993,band_1.pdf
1,DFT,1,77,0.59619027,-8.28719993,band_1.pdf
1,DFT,1,78,0.60315250,-8.20269998,band_1.pdf
1,DFT,1,79,0.61011474,-8.08519997,band_1.pdf
1,DFT,1,80,0.61707697,-7.93539997,band_1.pdf
1,DFT,1,81,0.62403921,-7.75429997,band_1.pdf
1,DFT,1,82,0.63100145,-7.54319993,band_1.pdf
1,DFT,1,83,0.63796368,-7.30359995,band_1.pdf
1,DFT,1,84,0.64492592,-7.03709996,band_1.pdf
1,DFT,1,85,0.65188816,-6.74559993,band_1.pdf
1,DFT,1,86,0.65885040,-6.43139999,band_1.pdf
1,DFT,1,87,0.67277487,-5.74579995,band_1.pdf
1,DFT,1,88,0.68669934,-5.00589997,band_1.pdf
1,DFT,1,89,0.70758605,-3.87119997,band_1.pdf
1,DFT,1,90,0.71454829,-3.50980000,band_1.pdf
1,DFT,1,91,0.72151053,-3.48439998,band_1.pdf
1,DFT,1,92,0.72847276,-3.51169997,band_1.pdf
1,DFT,1,93,0.73543500,-3.52880000,band_1.pdf
1,DFT,1,94,0.74239724,-3.53749998,band_1.pdf
1,DFT,1,95,0.74935947,-3.53720000,band_1.pdf
1,DFT,1,96,0.75632171,-3.52719995,band_1.pdf
1,DFT,1,97,0.76328395,-3.50879996,band_1.pdf
1,DFT,1,98,0.77720842,-3.45099999,band_1.pdf
1,DFT,1,99,0.81201961,-3.26869998,band_1.pdf
1,DFT,1,100,0.81898184,-3.23629998,band_1.pdf
1,DFT,1,101,0.82594408,-3.21080001,band_1.pdf
1,DFT,1,102,0.83290632,-3.19450000,band_1.pdf
1,DFT,1,103,0.83986855,-3.18939999,band_1.pdf
1,DFT,1,104,0.84683079,-3.19749996,band_1.pdf
1,DFT,1,105,0.85379303,-3.21999998,band_1.pdf
1,DFT,1,106,0.86075526,-3.25799997,band_1.pdf
1,DFT,1,107,0.86771750,-3.31140001,band_1.pdf
1,DFT,1,108,0.87467974,-3.37950000,band_1.pdf
1,DFT,1,109,0.88860421,-3.53389995,band_1.pdf
1,DFT,1,110,0.90252868,-3.75329998,band_1.pdf
1,DFT,1,111,0.93733987,-4.33599995,band_1.pdf
1,DFT,1,112,0.94430211,-4.43999995,band_1.pdf
1,DFT,1,113,0.95126434,-4.53559995,band_1.pdf
1,DFT,1,114,0.95822658,-4.62129997,band_1.pdf
1,DFT,1,115,0.96518881,-4.69579999,band_1.pdf
1,DFT,1,116,0.97215105,-4.75819997,band_1.pdf
1,DFT,1,117,0.97911329,-4.80749998,band_1.pdf
1,DFT,1,118,0.98607553,-4.84319997,band_1.pdf
1,DFT,1,119,0.99303776,-4.86479995,band_1.pdf
1,DFT,1,120,1.00000000,-4.87199994,band_1.pdf
1,DFT,2,0,0.00000000,-2.53119996,band_1.pdf
1,DFT,2,1,0.01606884,-2.52199999,band_1.pdf
1,DFT,2,2,0.05628272,-2.48559998,band_1.pdf
1,DFT,2,3,0.06430322,-2.46929997,band_1.pdf
1,DFT,2,4,0.07235157,-2.44599999,band_1.pdf
1,DFT,2,5,0.08039991,-2.41519999,band_1.pdf
1,DFT,2,6,0.08842041,-2.39800000,band_1.pdf
1,DFT,2,7,0.09646875,-2.54969997,band_1.pdf
1,DFT,2,8,0.11253760,-2.91680001,band_1.pdf
1,DFT,2,9,0.13665478,-3.47819997,band_1.pdf
1,DFT,2,10,0.14470313,-3.22810000,band_1.pdf
1,DFT,2,11,0.15275148,-3.02049998,band_1.pdf
1,DFT,2,12,0.16079982,-2.87829996,band_1.pdf
1,DFT,2,13,0.16882032,-2.79579998,band_1.pdf
1,DFT,2,14,0.17686866,-2.76240000,band_1.pdf
1,DFT,2,15,0.18491701,-2.76559998,band_1.pdf
1,DFT,2,16,0.19293751,-2.79359999,band_1.pdf
1,DFT,2,17,0.22510304,-2.95810000,band_1.pdf
1,DFT,2,18,0.23315139,-2.98029999,band_1.pdf
1,DFT,2,19,0.24117188,-2.98830000,band_1.pdf
1,DFT,2,20,0.24685307,-2.98339996,band_1.pdf
1,DFT,2,21,0.25256210,-2.97049995,band_1.pdf
1,DFT,2,22,0.25824329,-2.94889998,band_1.pdf
1,DFT,2,23,0.26392447,-2.91859996,band_1.pdf
1,DFT,2,24,0.26960566,-2.87969999,band_1.pdf
1,DFT,2,25,0.27528684,-2.83219999,band_1.pdf
1,DFT,2,26,0.28096803,-2.77590001,band_1.pdf
1,DFT,2,27,0.29233040,-2.64400001,band_1.pdf
1,DFT,2,28,0.29801159,-2.58949998,band_1.pdf
1,DFT,2,29,0.30372062,-2.54259998,band_1.pdf
1,DFT,2,30,0.30940180,-2.50760001,band_1.pdf
1,DFT,2,31,0.31508299,-2.48899999,band_1.pdf
1,DFT,2,32,0.32076417,-2.49080000,band_1.pdf
1,DFT,2,33,0.32644536,-2.51540000,band_1.pdf
1,DFT,2,34,0.33212655,-2.56350001,band_1.pdf
1,DFT,2,35,0.33780773,-2.63309998,band_1.pdf
1,DFT,2,36,0.34348892,-2.72069996,band_1.pdf
1,DFT,2,37,0.35487914,-2.92879998,band_1.pdf
1,DFT,2,38,0.36056032,-2.98959996,band_1.pdf
1,DFT,2,39,0.36624151,-3.09959995,band_1.pdf
1,DFT,2,40,0.37192269,-3.19790000,band_1.pdf
1,DFT,2,41,0.37760388,-3.28400000,band_1.pdf
1,DFT,2,42,0.38328506,-3.35759998,band_1.pdf
1,DFT,2,43,0.38896625,-3.41829996,band_1.pdf
1,DFT,2,44,0.39467528,-3.46579996,band_1.pdf
1,DFT,2,45,0.40035647,-3.49979995,band_1.pdf
1,DFT,2,46,0.40603765,-3.52029999,band_1.pdf
1,DFT,2,47,0.41171884,-3.52719995,band_1.pdf
1,DFT,2,48,0.42308121,-3.51669996,band_1.pdf
1,DFT,2,49,0.43444358,-3.48570000,band_1.pdf
1,DFT,2,50,0.44583380,-3.43519997,band_1.pdf
1,DFT,2,51,0.45719617,-3.36709998,band_1.pdf
1,DFT,2,52,0.46855854,-3.28389999,band_1.pdf
1,DFT,2,53,0.48562994,-3.13799999,band_1.pdf
1,DFT,2,54,0.53110727,-2.72629996,band_1.pdf
1,DFT,2,55,0.54246965,-2.64369998,band_1.pdf
1,DFT,2,56,0.55383202,-2.57899999,band_1.pdf
1,DFT,2,57,0.55951320,-2.55510000,band_1.pdf
1,DFT,2,58,0.56519439,-2.53830000,band_1.pdf
1,DFT,2,59,0.57087557,-2.53039999,band_1.pdf
1,DFT,2,60,0.59619027,-2.53539999,band_1.pdf
1,DFT,2,61,0.60315250,-2.54869998,band_1.pdf
1,DFT,2,62,0.61011474,-2.56989997,band_1.pdf
1,DFT,2,63,0.61707697,-2.59879996,band_1.pdf
1,DFT,2,64,0.62403921,-2.63569996,band_1.pdf
1,DFT,2,65,0.63100145,-2.68080000,band_1.pdf
1,DFT,2,66,0.63796368,-2.73379999,band_1.pdf
1,DFT,2,67,0.65188816,-2.85999997,band_1.pdf
1,DFT,2,68,0.67277487,-3.07770000,band_1.pdf
1,DFT,2,69,0.68669934,-3.22179999,band_1.pdf
1,DFT,2,70,0.70062382,-3.34899996,band_1.pdf
1,DFT,2,71,0.70758605,-3.40239999,band_1.pdf
1,DFT,2,72,0.71454829,-3.44739996,band_1.pdf
1,DFT,2,73,0.72151053,-3.48159998,band_1.pdf
1,DFT,2,74,0.72847276,-3.50889997,band_1.pdf
1,DFT,2,75,0.73543500,-3.46079996,band_1.pdf
1,DFT,2,76,0.74239724,-3.33449997,band_1.pdf
1,DFT,2,77,0.74935947,-3.24710000,band_1.pdf
1,DFT,2,78,0.75632171,-3.19779999,band_1.pdf
1,DFT,2,79,0.76328395,-3.18319998,band_1.pdf
1,DFT,2,80,0.77024618,-3.19900000,band_1.pdf
1,DFT,2,81,0.77720842,-3.24019998,band_1.pdf
1,DFT,2,82,0.79113290,-3.36759998,band_1.pdf
1,DFT,2,83,0.82594408,-3.18209999,band_1.pdf
1,DFT,2,84,0.83290632,-3.16320000,band_1.pdf
1,DFT,2,85,0.83986855,-3.15619997,band_1.pdf
1,DFT,2,86,0.84683079,-3.16330001,band_1.pdf
1,DFT,2,87,0.85379303,-3.18589997,band_1.pdf
1,DFT,2,88,0.86075526,-3.22489996,band_1.pdf
1,DFT,2,89,0.86771750,-3.28029997,band_1.pdf
1,DFT,2,90,0.87467974,-3.35110001,band_1.pdf
1,DFT,2,91,0.88164197,-3.43540000,band_1.pdf
1,DFT,2,92,0.88860421,-3.37709998,band_1.pdf
1,DFT,2,93,0.89556645,-3.20389999,band_1.pdf
1,DFT,2,94,0.90252868,-3.00659999,band_1.pdf
1,DFT,2,95,0.90949092,-2.78829996,band_1.pdf
1,DFT,2,96,0.92341540,-2.31200001,band_1.pdf
1,DFT,2,97,0.93037763,-2.37199997,band_1.pdf
1,DFT,2,98,0.94430211,-2.57020001,band_1.pdf
1,DFT,2,99,0.95126434,-2.66080001,band_1.pdf
1,DFT,2,100,0.95822658,-2.74290000,band_1.pdf
1,DFT,2,101,0.96518881,-2.81519996,band_1.pdf
1,DFT,2,102,0.97215105,-2.87609996,band_1.pdf
1,DFT,2,103,0.97911329,-2.92460001,band_1.pdf
1,DFT,2,104,0.98607553,-2.95980000,band_1.pdf
1,DFT,2,105,0.99303776,-2.98119996,band_1.pdf
1,DFT,2,106,1.00000000,-2.98830000,band_1.pdf
1,DFT,3,0,0.00000000,-2.50489996,band_1.pdf
1,DFT,3,1,0.04018603,-2.50189999,band_1.pdf
1,DFT,3,2,0.05628272,-2.48549997,band_1.pdf
1,DFT,3,3,0.06430322,-2.46859996,band_1.pdf
1,DFT,3,4,0.07235157,-2.44429999,band_1.pdf
1,DFT,3,5,0.08039991,-2.41140000,band_1.pdf
1,DFT,3,6,0.08842041,-2.36850001,band_1.pdf
1,DFT,3,7,0.09646875,-2.31439997,band_1.pdf
1,DFT,3,8,0.10451710,-2.24820000,band_1.pdf
1,DFT,3,9,0.11253760,-2.16899996,band_1.pdf
1,DFT,3,10,0.12058594,-2.07649999,band_1.pdf
1,DFT,3,11,0.12863429,-1.97050001,band_1.pdf
1,DFT,3,12,0.13665478,-1.85149996,band_1.pdf
1,DFT,3,13,0.14470313,-1.72129996,band_1.pdf
1,DFT,3,14,0.15275148,-1.71809998,band_1.pdf
1,DFT,3,15,0.16882032,-2.11049998,band_1.pdf
1,DFT,3,16,0.17686866,-2.28649997,band_1.pdf
1,DFT,3,17,0.18491701,-2.44550000,band_1.pdf
1,DFT,3,18,0.19293751,-2.58599996,band_1.pdf
1,DFT,3,19,0.20098585,-2.70689998,band_1.pdf
1,DFT,3,20,0.20903420,-2.80709999,band_1.pdf
1,DFT,3,21,0.21705470,-2.88589999,band_1.pdf
1,DFT,3,22,0.22510304,-2.94259996,band_1.pdf
1,DFT,3,23,0.23315139,-2.97669996,band_1.pdf
1,DFT,3,24,0.24117188,-2.98770000,band_1.pdf
1,DFT,3,25,0.24685307,-2.98309999,band_1.pdf
1,DFT,3,26,0.25256210,-2.96749999,band_1.pdf
1,DFT,3,27,0.25824329,-2.94199995,band_1.pdf
1,DFT,3,28,0.26392447,-2.90720000,band_1.pdf
1,DFT,3,29,0.27528684,-2.81440000,band_1.pdf
1,DFT,3,30,0.28664922,-2.70160001,band_1.pdf
1,DFT,3,31,0.29233040,-2.63679995,band_1.pdf
1,DFT,3,32,0.29801159,-2.55439999,band_1.pdf
1,DFT,3,33,0.30372062,-2.46309997,band_1.pdf
1,DFT,3,34,0.31508299,-2.25430000,band_1.pdf
1,DFT,3,35,0.32076417,-2.13760001,band_1.pdf
1,DFT,3,36,0.32644536,-2.13030001,band_1.pdf
1,DFT,3,37,0.33780773,-2.44849996,band_1.pdf
1,DFT,3,38,0.34919795,-2.73780000,band_1.pdf
1,DFT,3,39,0.35487914,-2.86879996,band_1.pdf
1,DFT,3,40,0.36056032,-2.75109998,band_1.pdf
1,DFT,3,41,0.37192269,-2.34459997,band_1.pdf
1,DFT,3,42,0.38896625,-1.70990000,band_1.pdf
1,DFT,3,43,0.39467528,-1.57300001,band_1.pdf
1,DFT,3,44,0.40603765,-1.61789997,band_1.pdf
1,DFT,3,45,0.41171884,-1.62479999,band_1.pdf
1,DFT,3,46,0.42308121,-1.61289997,band_1.pdf
1,DFT,3,47,0.43444358,-1.57829998,band_1.pdf
1,DFT,3,48,0.44583380,-1.52890001,band_1.pdf
1,DFT,3,49,0.45151498,-1.55219999,band_1.pdf
1,DFT,3,50,0.45719617,-1.73740001,band_1.pdf
1,DFT,3,51,0.46287735,-1.95889997,band_1.pdf
1,DFT,3,52,0.46855854,-2.16160001,band_1.pdf
1,DFT,3,53,0.47423972,-2.32810000,band_1.pdf
1,DFT,3,54,0.47992091,-2.45400001,band_1.pdf
1,DFT,3,55,0.48562994,-2.54089998,band_1.pdf
1,DFT,3,56,0.49131113,-2.59399998,band_1.pdf
1,DFT,3,57,0.49699231,-2.62039999,band_1.pdf
1,DFT,3,58,0.50267350,-2.62709999,band_1.pdf
1,DFT,3,59,0.50835468,-2.62039999,band_1.pdf
1,DFT,3,60,0.51971705,-2.58729998,band_1.pdf
1,DFT,3,61,0.53678846,-2.53649999,band_1.pdf
1,DFT,3,62,0.54815083,-2.51699999,band_1.pdf
1,DFT,3,63,0.56519439,-2.50629999,band_1.pdf
1,DFT,3,64,0.59619027,-2.50559997,band_1.pdf
1,DFT,3,65,0.60315250,-2.51899997,band_1.pdf
1,DFT,3,66,0.61011474,-2.54199998,band_1.pdf
1,DFT,3,67,0.61707697,-2.57369996,band_1.pdf
1,DFT,3,68,0.62403921,-2.61380001,band_1.pdf
1,DFT,3,69,0.63100145,-2.66229999,band_1.pdf
1,DFT,3,70,0.64492592,-2.78210001,band_1.pdf
1,DFT,3,71,0.65885040,-2.92439999,band_1.pdf
1,DFT,3,72,0.68669934,-3.22069999,band_1.pdf
1,DFT,3,73,0.70062382,-3.34669996,band_1.pdf
1,DFT,3,74,0.70758605,-3.39979996,band_1.pdf
1,DFT,3,75,0.71454829,-3.44500001,band_1.pdf
1,DFT,3,76,0.72151053,-3.16699999,band_1.pdf
1,DFT,3,77,0.72847276,-2.85199995,band_1.pdf
1,DFT,3,78,0.73543500,-2.57089996,band_1.pdf
1,DFT,3,79,0.74239724,-2.32949997,band_1.pdf
1,DFT,3,80,0.74935947,-2.13250000,band_1.pdf
1,DFT,3,81,0.75632171,-1.98210000,band_1.pdf
1,DFT,3,82,0.76328395,-1.88619997,band_1.pdf
1,DFT,3,83,0.77024618,-1.88479999,band_1.pdf
1,DFT,3,84,0.78417066,-1.86229998,band_1.pdf
1,DFT,3,85,0.79113290,-1.84420002,band_1.pdf
1,DFT,3,86,0.79809513,-1.89359998,band_1.pdf
1,DFT,3,87,0.82594408,-2.14210001,band_1.pdf
1,DFT,3,88,0.83290632,-2.18209999,band_1.pdf
1,DFT,3,89,0.83986855,-2.20329998,band_1.pdf
1,DFT,3,90,0.84683079,-2.20209997,band_1.pdf
1,DFT,3,91,0.85379303,-2.17569996,band_1.pdf
1,DFT,3,92,0.86075526,-2.12200002,band_1.pdf
1,DFT,3,93,0.86771750,-2.03939997,band_1.pdf
1,DFT,3,94,0.87467974,-1.92719999,band_1.pdf
1,DFT,3,95,0.88164197,-1.78629998,band_1.pdf
1,DFT,3,96,0.88860421,-1.81440000,band_1.pdf
1,DFT,3,97,0.89556645,-1.88789997,band_1.pdf
1,DFT,3,98,0.90252868,-1.97260000,band_1.pdf
1,DFT,3,99,0.91645316,-2.16529998,band_1.pdf
1,DFT,3,100,0.94430211,-2.56860001,band_1.pdf
1,DFT,3,101,0.95126434,-2.65960000,band_1.pdf
1,DFT,3,102,0.95822658,-2.74199997,band_1.pdf
1,DFT,3,103,0.96518881,-2.81440000,band_1.pdf
1,DFT,3,104,0.97215105,-2.87540001,band_1.pdf
1,DFT,3,105,0.97911329,-2.92389999,band_1.pdf
1,DFT,3,106,0.98607553,-2.95920000,band_1.pdf
1,DFT,3,107,0.99303776,-2.98059996,band_1.pdf
1,DFT,3,108,1.00000000,-2.98770000,band_1.pdf
1,DFT,4,0,0.00000000,-2.47249996,band_1.pdf
1,DFT,4,1,0.00804834,-2.46939999,band_1.pdf
1,DFT,4,2,0.01606884,-2.45829999,band_1.pdf
1,DFT,4,3,0.02411719,-2.43509996,band_1.pdf
1,DFT,4,4,0.03216554,-2.39800000,band_1.pdf
1,DFT,4,5,0.04018603,-2.34789996,band_1.pdf
1,DFT,4,6,0.04823438,-2.28620000,band_1.pdf
1,DFT,4,7,0.05628272,-2.21379997,band_1.pdf
1,DFT,4,8,0.06430322,-2.13169998,band_1.pdf
1,DFT,4,9,0.07235157,-2.04099996,band_1.pdf
1,DFT,4,10,0.08039991,-2.19690002,band_1.pdf
1,DFT,4,11,0.08842041,-2.33999996,band_1.pdf
1,DFT,4,12,0.09646875,-2.31080000,band_1.pdf
1,DFT,4,13,0.10451710,-2.24639999,band_1.pdf
1,DFT,4,14,0.11253760,-2.16759999,band_1.pdf
1,DFT,4,15,0.12058594,-2.07509996,band_1.pdf
1,DFT,4,16,0.12863429,-1.96880001,band_1.pdf
1,DFT,4,17,0.13665478,-1.84920001,band_1.pdf
1,DFT,4,18,0.14470313,-1.71699998,band_1.pdf
1,DFT,4,19,0.15275148,-1.57329998,band_1.pdf
1,DFT,4,20,0.16882032,-1.25950001,band_1.pdf
1,DFT,4,21,0.19293751,-0.76829997,band_1.pdf
1,DFT,4,22,0.20098585,-0.61689998,band_1.pdf
1,DFT,4,23,0.20903420,-0.48169999,band_1.pdf
1,DFT,4,24,0.21705470,-0.37000000,band_1.pdf
1,DFT,4,25,0.22510304,-0.28989998,band_1.pdf
1,DFT,4,26,0.23315139,-0.24579998,band_1.pdf
1,DFT,4,27,0.24117188,-0.23260001,band_1.pdf
1,DFT,4,28,0.24685307,-0.23969999,band_1.pdf
1,DFT,4,29,0.25256210,-0.26749997,band_1.pdf
1,DFT,4,30,0.25824329,-0.32469999,band_1.pdf
1,DFT,4,31,0.26392447,-0.40899998,band_1.pdf
1,DFT,4,32,0.26960566,-0.51579999,band_1.pdf
1,DFT,4,33,0.27528684,-0.64130002,band_1.pdf
1,DFT,4,34,0.28096803,-0.78220002,band_1.pdf
1,DFT,4,35,0.29233040,-1.09740001,band_1.pdf
1,DFT,4,36,0.30940180,-1.61339996,band_1.pdf
1,DFT,4,37,0.32076417,-1.95860000,band_1.pdf
1,DFT,4,38,0.32644536,-2.00790001,band_1.pdf
1,DFT,4,39,0.33780773,-1.73149998,band_1.pdf
1,DFT,4,40,0.34348892,-1.65049998,band_1.pdf
1,DFT,4,41,0.34919795,-1.64319998,band_1.pdf
1,DFT,4,42,0.35487914,-1.61930000,band_1.pdf
1,DFT,4,43,0.36056032,-1.58300000,band_1.pdf
1,DFT,4,44,0.37760388,-1.45749997,band_1.pdf
1,DFT,4,45,0.38328506,-1.46390000,band_1.pdf
1,DFT,4,46,0.38896625,-1.50829996,band_1.pdf
1,DFT,4,47,0.39467528,-1.48800000,band_1.pdf
1,DFT,4,48,0.40035647,-1.32619997,band_1.pdf
1,DFT,4,49,0.40603765,-1.26440000,band_1.pdf
1,DFT,4,50,0.41171884,-1.25579998,band_1.pdf
1,DFT,4,51,0.42308121,-1.26529998,band_1.pdf
1,DFT,4,52,0.42876239,-1.27800002,band_1.pdf
1,DFT,4,53,0.43444358,-1.29779999,band_1.pdf
1,DFT,4,54,0.44015261,-1.32899998,band_1.pdf
1,DFT,4,55,0.44583380,-1.38420002,band_1.pdf
1,DFT,4,56,0.45151498,-1.45419997,band_1.pdf
1,DFT,4,57,0.45719617,-1.43809999,band_1.pdf
1,DFT,4,58,0.46287735,-1.40899998,band_1.pdf
1,DFT,4,59,0.46855854,-1.39499998,band_1.pdf
1,DFT,4,60,0.47423972,-1.40320002,band_1.pdf
1,DFT,4,61,0.50267350,-1.49080000,band_1.pdf
1,DFT,4,62,0.50835468,-1.59409999,band_1.pdf
1,DFT,4,63,0.51971705,-1.83149997,band_1.pdf
1,DFT,4,64,0.53110727,-2.04140000,band_1.pdf
1,DFT,4,65,0.53678846,-2.13379996,band_1.pdf
1,DFT,4,66,0.54246965,-2.21679999,band_1.pdf
1,DFT,4,67,0.54815083,-2.28960001,band_1.pdf
1,DFT,4,68,0.55383202,-2.35160000,band_1.pdf
1,DFT,4,69,0.55951320,-2.40190000,band_1.pdf
1,DFT,4,70,0.56519439,-2.43909997,band_1.pdf
1,DFT,4,71,0.57087557,-2.46170000,band_1.pdf
1,DFT,4,72,0.57658460,-2.47070000,band_1.pdf
1,DFT,4,73,0.58922803,-2.46999999,band_1.pdf
1,DFT,4,74,0.59619027,-2.45099999,band_1.pdf
1,DFT,4,75,0.60315250,-2.40470000,band_1.pdf
1,DFT,4,76,0.61011474,-2.33490001,band_1.pdf
1,DFT,4,77,0.61707697,-2.24380001,band_1.pdf
1,DFT,4,78,0.62403921,-2.13250000,band_1.pdf
1,DFT,4,79,0.63100145,-2.00159999,band_1.pdf
1,DFT,4,80,0.63796368,-1.85140001,band_1.pdf
1,DFT,4,81,0.64492592,-1.68279997,band_1.pdf
1,DFT,4,82,0.65188816,-1.49860000,band_1.pdf
1,DFT,4,83,0.65885040,-1.38180000,band_1.pdf
1,DFT,4,84,0.67973711,-1.34959997,band_1.pdf
1,DFT,4,85,0.68669934,-1.35929999,band_1.pdf
1,DFT,4,86,0.69366158,-1.41289998,band_1.pdf
1,DFT,4,87,0.71454829,-1.63489999,band_1.pdf
1,DFT,4,88,0.72151053,-1.69809999,band_1.pdf
1,DFT,4,89,0.72847276,-1.75269998,band_1.pdf
1,DFT,4,90,0.73543500,-1.79809999,band_1.pdf
1,DFT,4,91,0.74239724,-1.83379998,band_1.pdf
1,DFT,4,92,0.74935947,-1.85999997,band_1.pdf
1,DFT,4,93,0.75632171,-1.87679998,band_1.pdf
1,DFT,4,94,0.77024618,-1.88220002,band_1.pdf
1,DFT,4,95,0.77720842,-1.87389996,band_1.pdf
1,DFT,4,96,0.79113290,-1.83809996,band_1.pdf
1,DFT,4,97,0.79809513,-1.81749997,band_1.pdf
1,DFT,4,98,0.83290632,-1.67920001,band_1.pdf
1,DFT,4,99,0.83986855,-1.65979996,band_1.pdf
1,DFT,4,100,0.84683079,-1.64769998,band_1.pdf
1,DFT,4,101,0.85379303,-1.64439999,band_1.pdf
1,DFT,4,102,0.86075526,-1.65219999,band_1.pdf
1,DFT,4,103,0.86771750,-1.67219997,band_1.pdf
1,DFT,4,104,0.87467974,-1.70559996,band_1.pdf
1,DFT,4,105,0.88860421,-1.80249998,band_1.pdf
1,DFT,4,106,0.89556645,-1.87749999,band_1.pdf
1,DFT,4,107,0.90252868,-1.96359999,band_1.pdf
1,DFT,4,108,0.92341540,-2.25179997,band_1.pdf
1,DFT,4,109,0.93037763,-2.03640001,band_1.pdf
1,DFT,4,110,0.95126434,-1.24660001,band_1.pdf
1,DFT,4,111,0.95822658,-1.00149998,band_1.pdf
1,DFT,4,112,0.96518881,-0.77750000,band_1.pdf
1,DFT,4,113,0.97215105,-0.58190000,band_1.pdf
1,DFT,4,114,0.97911329,-0.42229997,band_1.pdf
1,DFT,4,115,0.98607553,-0.30679999,band_1.pdf
1,DFT,4,116,0.99303776,-0.24610002,band_1.pdf
1,DFT,4,117,1.00000000,-0.23260001,band_1.pdf
1,DFT,5,0,0.00000000,-1.30630000,band_1.pdf
1,DFT,5,1,0.00804834,-1.31470000,band_1.pdf
1,DFT,5,2,0.01606884,-1.34330001,band_1.pdf
1,DFT,5,3,0.02411719,-1.39109998,band_1.pdf
1,DFT,5,4,0.03216554,-1.45759998,band_1.pdf
1,DFT,5,5,0.04018603,-1.54209999,band_1.pdf
1,DFT,5,6,0.04823438,-1.64379999,band_1.pdf
1,DFT,5,7,0.05628272,-1.76169998,band_1.pdf
1,DFT,5,8,0.06430322,-1.89440000,band_1.pdf
1,DFT,5,9,0.07235157,-2.04030001,band_1.pdf
1,DFT,5,10,0.08842041,-1.83769998,band_1.pdf
1,DFT,5,11,0.10451710,-1.61260000,band_1.pdf
1,DFT,5,12,0.12863429,-1.26359998,band_1.pdf
1,DFT,5,13,0.13665478,-1.28190002,band_1.pdf
1,DFT,5,14,0.14470313,-1.49439997,band_1.pdf
1,DFT,5,15,0.15275148,-1.56929997,band_1.pdf
1,DFT,5,16,0.16079982,-1.41959998,band_1.pdf
1,DFT,5,17,0.18491701,-0.92800001,band_1.pdf
1,DFT,5,18,0.19293751,-0.76619998,band_1.pdf
1,DFT,5,19,0.20098585,-0.61359998,band_1.pdf
1,DFT,5,20,0.20903420,-0.47640002,band_1.pdf
1,DFT,5,21,0.21705470,-0.36079997,band_1.pdf
1,DFT,5,22,0.22510304,-0.27290001,band_1.pdf
1,DFT,5,23,0.23315139,-0.21779998,band_1.pdf
1,DFT,5,24,0.24117188,-0.19900000,band_1.pdf
1,DFT,5,25,0.24685307,-0.20839999,band_1.pdf
1,DFT,5,26,0.25256210,-0.23660002,band_1.pdf
1,DFT,5,27,0.25824329,-0.28290001,band_1.pdf
1,DFT,5,28,0.26392447,-0.34680003,band_1.pdf
1,DFT,5,29,0.26960566,-0.42689998,band_1.pdf
1,DFT,5,30,0.27528684,-0.52170002,band_1.pdf
1,DFT,5,31,0.28096803,-0.62909997,band_1.pdf
1,DFT,5,32,0.29233040,-0.87129999,band_1.pdf
1,DFT,5,33,0.30940180,-1.25019998,band_1.pdf
1,DFT,5,34,0.31508299,-1.36340001,band_1.pdf
1,DFT,5,35,0.32076417,-1.46240001,band_1.pdf
1,DFT,5,36,0.32644536,-1.54280000,band_1.pdf
1,DFT,5,37,0.33212655,-1.60160002,band_1.pdf
1,DFT,5,38,0.33780773,-1.63730001,band_1.pdf
1,DFT,5,39,0.34348892,-1.58030001,band_1.pdf
1,DFT,5,40,0.35487914,-1.25359998,band_1.pdf
1,DFT,5,41,0.36056032,-1.07919998,band_1.pdf
1,DFT,5,42,0.36624151,-1.13949997,band_1.pdf
1,DFT,5,43,0.37192269,-1.24200000,band_1.pdf
1,DFT,5,44,0.37760388,-1.32100002,band_1.pdf
1,DFT,5,45,0.38328506,-1.34560002,band_1.pdf
1,DFT,5,46,0.38896625,-1.32079999,band_1.pdf
1,DFT,5,47,0.40035647,-1.25249998,band_1.pdf
1,DFT,5,48,0.40603765,-1.16359998,band_1.pdf
1,DFT,5,49,0.41171884,-1.11470001,band_1.pdf
1,DFT,5,50,0.42876239,-1.12350000,band_1.pdf
1,DFT,5,51,0.44015261,-1.13970000,band_1.pdf
1,DFT,5,52,0.44583380,-1.15359999,band_1.pdf
1,DFT,5,53,0.45151498,-1.18390000,band_1.pdf
1,DFT,5,54,0.45719617,-1.23770001,band_1.pdf
1,DFT,5,55,0.46287735,-1.27039998,band_1.pdf
1,DFT,5,56,0.46855854,-1.27099999,band_1.pdf
1,DFT,5,57,0.47992091,-1.21080001,band_1.pdf
1,DFT,5,58,0.49131113,-1.22279998,band_1.pdf
1,DFT,5,59,0.49699231,-1.33799998,band_1.pdf
1,DFT,5,60,0.50267350,-1.46769998,band_1.pdf
1,DFT,5,61,0.50835468,-1.49849999,band_1.pdf
1,DFT,5,62,0.51971705,-1.49629999,band_1.pdf
1,DFT,5,63,0.53110727,-1.47020001,band_1.pdf
1,DFT,5,64,0.54246965,-1.42600001,band_1.pdf
1,DFT,5,65,0.55951320,-1.35299997,band_1.pdf
1,DFT,5,66,0.57087557,-1.31870001,band_1.pdf
1,DFT,5,67,0.58226579,-1.30630000,band_1.pdf
1,DFT,5,68,0.59619027,-1.31480001,band_1.pdf
1,DFT,5,69,0.61707697,-1.35029998,band_1.pdf
1,DFT,5,70,0.63100145,-1.37340000,band_1.pdf
1,DFT,5,71,0.64492592,-1.38300001,band_1.pdf
1,DFT,5,72,0.65188816,-1.37989998,band_1.pdf
1,DFT,5,73,0.65885040,-1.35050000,band_1.pdf
1,DFT,5,74,0.67973711,-1.30300000,band_1.pdf
1,DFT,5,75,0.68669934,-1.31519999,band_1.pdf
1,DFT,5,76,0.69366158,-1.39219998,band_1.pdf
1,DFT,5,77,0.70758605,-1.55709998,band_1.pdf
1,DFT,5,78,0.71454829,-1.62979998,band_1.pdf
1,DFT,5,79,0.72151053,-1.69420000,band_1.pdf
1,DFT,5,80,0.72847276,-1.74960000,band_1.pdf
1,DFT,5,81,0.73543500,-1.79529999,band_1.pdf
1,DFT,5,82,0.74239724,-1.83139996,band_1.pdf
1,DFT,5,83,0.74935947,-1.85769997,band_1.pdf
1,DFT,5,84,0.75632171,-1.87469999,band_1.pdf
1,DFT,5,85,0.76328395,-1.87609996,band_1.pdf
1,DFT,5,86,0.77024618,-1.81629996,band_1.pdf
1,DFT,5,87,0.77720842,-1.79380001,band_1.pdf
1,DFT,5,88,0.78417066,-1.80409997,band_1.pdf
1,DFT,5,89,0.79113290,-1.83759997,band_1.pdf
1,DFT,5,90,0.80505737,-1.78359999,band_1.pdf
1,DFT,5,91,0.83290632,-1.66719998,band_1.pdf
1,DFT,5,92,0.83986855,-1.64659999,band_1.pdf
1,DFT,5,93,0.84683079,-1.63349996,band_1.pdf
1,DFT,5,94,0.85379303,-1.62959996,band_1.pdf
1,DFT,5,95,0.86075526,-1.63709999,band_1.pdf
1,DFT,5,96,0.86771750,-1.65729999,band_1.pdf
1,DFT,5,97,0.87467974,-1.69119997,band_1.pdf
1,DFT,5,98,0.88164197,-1.73910001,band_1.pdf
1,DFT,5,99,0.88860421,-1.61239998,band_1.pdf
1,DFT,5,100,0.89556645,-1.41210001,band_1.pdf
1,DFT,5,101,0.90252868,-1.18529997,band_1.pdf
1,DFT,5,102,0.91645316,-0.70100001,band_1.pdf
1,DFT,5,103,0.92341540,-0.60660001,band_1.pdf
1,DFT,5,104,0.93733987,-0.49380002,band_1.pdf
1,DFT,5,105,0.95126434,-0.39360001,band_1.pdf
1,DFT,5,106,0.96518881,-0.31069999,band_1.pdf
1,DFT,5,107,0.97911329,-0.25060002,band_1.pdf
1,DFT,5,108,0.99303776,-0.20939998,band_1.pdf
1,DFT,5,109,1.00000000,-0.19900000,band_1.pdf
1,DFT,6,0,0.00000000,-1.29910001,band_1.pdf
1,DFT,6,1,0.00804834,-1.29649997,band_1.pdf
1,DFT,6,2,0.01606884,-1.28549999,band_1.pdf
1,DFT,6,3,0.02411719,-1.26680002,band_1.pdf
1,DFT,6,4,0.03216554,-1.24100001,band_1.pdf
1,DFT,6,5,0.04823438,-1.16929999,band_1.pdf
1,DFT,6,6,0.05628272,-1.12360001,band_1.pdf
1,DFT,6,7,0.06430322,-1.07050001,band_1.pdf
1,DFT,6,8,0.07235157,-1.00829999,band_1.pdf
1,DFT,6,9,0.08039991,-0.93379997,band_1.pdf
1,DFT,6,10,0.08842041,-0.84169999,band_1.pdf
1,DFT,6,11,0.09646875,-0.72379999,band_1.pdf
1,DFT,6,12,0.10451710,-0.56889999,band_1.pdf
1,DFT,6,13,0.11253760,-0.54589998,band_1.pdf
1,DFT,6,14,0.12863429,-1.01669999,band_1.pdf
1,DFT,6,15,0.13665478,-1.11279999,band_1.pdf
1,DFT,6,16,0.15275148,-0.89620002,band_1.pdf
1,DFT,6,17,0.16882032,-0.68470000,band_1.pdf
1,DFT,6,18,0.17686866,-0.58870001,band_1.pdf
1,DFT,6,19,0.18491701,-0.50090001,band_1.pdf
1,DFT,6,20,0.19293751,-0.42210001,band_1.pdf
1,DFT,6,21,0.20098585,-0.35330000,band_1.pdf
1,DFT,6,22,0.20903420,-0.29480002,band_1.pdf
1,DFT,6,23,0.21705470,-0.24610002,band_1.pdf
1,DFT,6,24,0.22510304,-0.20599997,band_1.pdf
1,DFT,6,25,0.23315139,-0.17539999,band_1.pdf
1,DFT,6,26,0.24117188,-0.16320000,band_1.pdf
1,DFT,6,27,0.26392447,-0.18170000,band_1.pdf
1,DFT,6,28,0.28096803,-0.16340002,band_1.pdf
1,DFT,6,29,0.30372062,-0.12140001,band_1.pdf
1,DFT,6,30,0.32644536,-0.06950002,band_1.pdf
1,DFT,6,31,0.33780773,-0.42469999,band_1.pdf
1,DFT,6,32,0.34919795,-0.74580001,band_1.pdf
1,DFT,6,33,0.35487914,-0.88969998,band_1.pdf
1,DFT,6,34,0.36056032,-1.02140002,band_1.pdf
1,DFT,6,35,0.36624151,-0.89840001,band_1.pdf
1,DFT,6,36,0.39467528,0.02910000,band_1.pdf
1,DFT,6,37,0.40035647,0.05359999,band_1.pdf
1,DFT,6,38,0.41171884,0.05710001,band_1.pdf
1,DFT,6,39,0.41740002,0.04849999,band_1.pdf
1,DFT,6,40,0.42308121,0.02240000,band_1.pdf
1,DFT,6,41,0.42876239,-0.12300000,band_1.pdf
1,DFT,6,42,0.43444358,-0.38039997,band_1.pdf
1,DFT,6,43,0.44583380,-0.91659999,band_1.pdf
1,DFT,6,44,0.45151498,-1.08929999,band_1.pdf
1,DFT,6,45,0.45719617,-1.14179998,band_1.pdf
1,DFT,6,46,0.46855854,-1.17290002,band_1.pdf
1,DFT,6,47,0.47423972,-1.18280000,band_1.pdf
1,DFT,6,48,0.47992091,-1.17599999,band_1.pdf
1,DFT,6,49,0.48562994,-1.12760002,band_1.pdf
1,DFT,6,50,0.49131113,-1.20640001,band_1.pdf
1,DFT,6,51,0.49699231,-1.23229998,band_1.pdf
1,DFT,6,52,0.52539824,-1.27139997,band_1.pdf
1,DFT,6,53,0.54815083,-1.28979997,band_1.pdf
1,DFT,6,54,0.57658460,-1.29889998,band_1.pdf
1,DFT,6,55,0.58922803,-1.30130000,band_1.pdf
1,DFT,6,56,0.60315250,-1.31650001,band_1.pdf
1,DFT,6,57,0.63100145,-1.35400002,band_1.pdf
1,DFT,6,58,0.64492592,-1.35539999,band_1.pdf
1,DFT,6,59,0.65188816,-1.34770000,band_1.pdf
1,DFT,6,60,0.65885040,-1.27280000,band_1.pdf
1,DFT,6,61,0.66581263,-1.07149999,band_1.pdf
1,DFT,6,62,0.67277487,-1.09809997,band_1.pdf
1,DFT,6,63,0.67973711,-1.18969996,band_1.pdf
1,DFT,6,64,0.68669934,-1.25749998,band_1.pdf
1,DFT,6,65,0.69366158,-1.26419998,band_1.pdf
1,DFT,6,66,0.70758605,-1.23420000,band_1.pdf
1,DFT,6,67,0.73543500,-1.16040000,band_1.pdf
1,DFT,6,68,0.75632171,-1.11960000,band_1.pdf
1,DFT,6,69,0.77720842,-1.09560000,band_1.pdf
1,DFT,6,70,0.79113290,-1.08850002,band_1.pdf
1,DFT,6,71,0.83986855,-1.10159999,band_1.pdf
1,DFT,6,72,0.85379303,-1.07600000,band_1.pdf
1,DFT,6,73,0.86075526,-1.05310000,band_1.pdf
1,DFT,6,74,0.86771750,-1.02259997,band_1.pdf
1,DFT,6,75,0.88164197,-0.94059998,band_1.pdf
1,DFT,6,76,0.89556645,-0.83489998,band_1.pdf
1,DFT,6,77,0.94430211,-0.42030000,band_1.pdf
1,DFT,6,78,0.95822658,-0.31970000,band_1.pdf
1,DFT,6,79,0.97215105,-0.24200000,band_1.pdf
1,DFT,6,80,0.98607553,-0.19039998,band_1.pdf
1,DFT,6,81,0.99303776,-0.17259999,band_1.pdf
1,DFT,6,82,1.00000000,-0.16320000,band_1.pdf
1,DFT,7,0,0.00000000,-0.38360002,band_1.pdf
1,DFT,7,1,0.03216554,-0.37750002,band_1.pdf
1,DFT,7,2,0.04823438,-0.38379998,band_1.pdf
1,DFT,7,3,0.06430322,-0.37429998,band_1.pdf
1,DFT,7,4,0.07235157,-0.35879999,band_1.pdf
1,DFT,7,5,0.08039991,-0.33370000,band_1.pdf
1,DFT,7,6,0.08842041,-0.29750001,band_1.pdf
1,DFT,7,7,0.09646875,-0.25000001,band_1.pdf
1,DFT,7,8,0.11253760,-0.36410002,band_1.pdf
1,DFT,7,9,0.12058594,-0.10570001,band_1.pdf
1,DFT,7,10,0.12863429,0.09089998,band_1.pdf
1,DFT,7,11,0.13665478,0.22870001,band_1.pdf
1,DFT,7,12,0.14470313,0.37659998,band_1.pdf
1,DFT,7,13,0.15275148,0.53879999,band_1.pdf
1,DFT,7,14,0.16079982,0.71469998,band_1.pdf
1,DFT,7,15,0.17686866,1.09860002,band_1.pdf
1,DFT,7,16,0.20098585,1.69349998,band_1.pdf
1,DFT,7,17,0.20903420,1.87079999,band_1.pdf
1,DFT,7,18,0.21705470,2.02219998,band_1.pdf
1,DFT,7,19,0.22510304,2.13519999,band_1.pdf
1,DFT,7,20,0.23315139,2.19850001,band_1.pdf
1,DFT,7,21,0.24117188,2.21649996,band_1.pdf
1,DFT,7,22,0.24685307,2.20690001,band_1.pdf
1,DFT,7,23,0.25256210,2.16770000,band_1.pdf
1,DFT,7,24,0.25824329,2.09000000,band_1.pdf
1,DFT,7,25,0.26392447,1.97940001,band_1.pdf
1,DFT,7,26,0.26960566,1.84240000,band_1.pdf
1,DFT,7,27,0.27528684,1.68430001,band_1.pdf
1,DFT,7,28,0.28664922,1.32289998,band_1.pdf
1,DFT,7,29,0.30372062,0.72419998,band_1.pdf
1,DFT,7,30,0.32076417,0.12470001,band_1.pdf
1,DFT,7,31,0.32644536,-0.06600000,band_1.pdf
1,DFT,7,32,0.34348892,-0.03030001,band_1.pdf
1,DFT,7,33,0.37192269,0.02499998,band_1.pdf
1,DFT,7,34,0.39467528,0.06009997,band_1.pdf
1,DFT,7,35,0.40035647,0.19549999,band_1.pdf
1,DFT,7,36,0.40603765,0.30750001,band_1.pdf
1,DFT,7,37,0.41171884,0.27470003,band_1.pdf
1,DFT,7,38,0.41740002,0.22629999,band_1.pdf
1,DFT,7,39,0.42308121,0.08749997,band_1.pdf
1,DFT,7,40,0.42876239,-0.02159998,band_1.pdf
1,DFT,7,41,0.43444358,-0.08970003,band_1.pdf
1,DFT,7,42,0.44015261,-0.21339999,band_1.pdf
1,DFT,7,43,0.44583380,-0.36369998,band_1.pdf
1,DFT,7,44,0.45151498,-0.50179998,band_1.pdf
1,DFT,7,45,0.45719617,-0.61620002,band_1.pdf
1,DFT,7,46,0.46287735,-0.70419999,band_1.pdf
1,DFT,7,47,0.47423972,-0.83819997,band_1.pdf
1,DFT,7,48,0.47992091,-0.94779998,band_1.pdf
1,DFT,7,49,0.48562994,-1.07500001,band_1.pdf
1,DFT,7,50,0.49131113,-1.06830001,band_1.pdf
1,DFT,7,51,0.53110727,-0.63440000,band_1.pdf
1,DFT,7,52,0.54246965,-0.53230002,band_1.pdf
1,DFT,7,53,0.55383202,-0.45120001,band_1.pdf
1,DFT,7,54,0.55951320,-0.42040001,band_1.pdf
1,DFT,7,55,0.56519439,-0.39779998,band_1.pdf
1,DFT,7,56,0.57087557,-0.38520001,band_1.pdf
1,DFT,7,57,0.58226579,-0.38360002,band_1.pdf
1,DFT,7,58,0.58922803,-0.38400000,band_1.pdf
1,DFT,7,59,0.59619027,-0.39250001,band_1.pdf
1,DFT,7,60,0.60315250,-0.41150001,band_1.pdf
1,DFT,7,61,0.61011474,-0.44010002,band_1.pdf
1,DFT,7,62,0.61707697,-0.47819997,band_1.pdf
1,DFT,7,63,0.62403921,-0.52610001,band_1.pdf
1,DFT,7,64,0.63100145,-0.58389998,band_1.pdf
1,DFT,7,65,0.63796368,-0.65130001,band_1.pdf
1,DFT,7,66,0.65188816,-0.81120001,band_1.pdf
1,DFT,7,67,0.67973711,-1.17189997,band_1.pdf
1,DFT,7,68,0.68669934,-1.23380002,band_1.pdf
1,DFT,7,69,0.69366158,-1.23889996,band_1.pdf
1,DFT,7,70,0.71454829,-1.18259998,band_1.pdf
1,DFT,7,71,0.73543500,-1.13080000,band_1.pdf
1,DFT,7,72,0.74935947,-1.10630001,band_1.pdf
1,DFT,7,73,0.76328395,-1.09099999,band_1.pdf
1,DFT,7,74,0.78417066,-1.08510001,band_1.pdf
1,DFT,7,75,0.80505737,-1.08319999,band_1.pdf
1,DFT,7,76,0.83290632,-1.07189998,band_1.pdf
1,DFT,7,77,0.84683079,-1.05260001,band_1.pdf
1,DFT,7,78,0.86075526,-1.01470002,band_1.pdf
1,DFT,7,79,0.87467974,-0.95380002,band_1.pdf
1,DFT,7,80,0.88860421,-0.87069998,band_1.pdf
1,DFT,7,81,0.90252868,-0.77009998,band_1.pdf
1,DFT,7,82,0.90949092,-0.70940001,band_1.pdf
1,DFT,7,83,0.91645316,-0.60720002,band_1.pdf
1,DFT,7,84,0.92341540,-0.34680003,band_1.pdf
1,DFT,7,85,0.93733987,0.27500000,band_1.pdf
1,DFT,7,86,0.95126434,0.91209999,band_1.pdf
1,DFT,7,87,0.95822658,1.21650002,band_1.pdf
1,DFT,7,88,0.96518881,1.49920000,band_1.pdf
1,DFT,7,89,0.97215105,1.74999999,band_1.pdf
1,DFT,7,90,0.97911329,1.95829996,band_1.pdf
1,DFT,7,91,0.98607553,2.11250002,band_1.pdf
1,DFT,7,92,0.99303776,2.19759997,band_1.pdf
1,DFT,7,93,1.00000000,2.21649996,band_1.pdf
1,DFT,8,0,0.00000000,-0.36240002,band_1.pdf
1,DFT,8,1,0.02411719,-0.37170000,band_1.pdf
1,DFT,8,2,0.04823438,-0.38140002,band_1.pdf
1,DFT,8,3,0.06430322,-0.37049999,band_1.pdf
1,DFT,8,4,0.07235157,-0.35440000,band_1.pdf
1,DFT,8,5,0.08039991,-0.32870000,band_1.pdf
1,DFT,8,6,0.08842041,-0.29149997,band_1.pdf
1,DFT,8,7,0.09646875,-0.24110002,band_1.pdf
1,DFT,8,8,0.10451710,-0.17759998,band_1.pdf
1,DFT,8,9,0.11253760,-0.10170000,band_1.pdf
1,DFT,8,10,0.12058594,-0.00670000,band_1.pdf
1,DFT,8,11,0.12863429,0.10549998,band_1.pdf
1,DFT,8,12,0.13665478,0.23459998,band_1.pdf
1,DFT,8,13,0.14470313,0.38020001,band_1.pdf
1,DFT,8,14,0.15275148,0.54160000,band_1.pdf
1,DFT,8,15,0.16079982,0.71709999,band_1.pdf
1,DFT,8,16,0.17686866,1.10109999,band_1.pdf
1,DFT,8,17,0.20098585,1.69729997,band_1.pdf
1,DFT,8,18,0.20903420,1.87609996,band_1.pdf
1,DFT,8,19,0.21705470,2.03039996,band_1.pdf
1,DFT,8,20,0.22510304,2.15029999,band_1.pdf
1,DFT,8,21,0.23315139,2.22659996,band_1.pdf
1,DFT,8,22,0.24117188,2.25289997,band_1.pdf
1,DFT,8,23,0.24685307,2.23969999,band_1.pdf
1,DFT,8,24,0.25256210,2.20039997,band_1.pdf
1,DFT,8,25,0.25824329,2.13590001,band_1.pdf
1,DFT,8,26,0.26392447,2.04779997,band_1.pdf
1,DFT,8,27,0.26960566,1.93839999,band_1.pdf
1,DFT,8,28,0.27528684,1.81069996,band_1.pdf
1,DFT,8,29,0.28664922,1.51619997,band_1.pdf
1,DFT,8,30,0.30372062,1.05509997,band_1.pdf
1,DFT,8,31,0.30940180,0.92109999,band_1.pdf
1,DFT,8,32,0.31508299,0.80799997,band_1.pdf
1,DFT,8,33,0.32076417,0.72149999,band_1.pdf
1,DFT,8,34,0.32644536,0.66559999,band_1.pdf
1,DFT,8,35,0.33212655,0.64180001,band_1.pdf
1,DFT,8,36,0.33780773,0.64879998,band_1.pdf
1,DFT,8,37,0.34348892,0.68310000,band_1.pdf
1,DFT,8,38,0.34919795,0.73979997,band_1.pdf
1,DFT,8,39,0.35487914,0.81309998,band_1.pdf
1,DFT,8,40,0.36624151,0.98710000,band_1.pdf
1,DFT,8,41,0.37760388,1.16479999,band_1.pdf
1,DFT,8,42,0.38328506,1.24480000,band_1.pdf
1,DFT,8,43,0.39467528,0.72209999,band_1.pdf
1,DFT,8,44,0.40035647,0.49710002,band_1.pdf
1,DFT,8,45,0.40603765,0.33560002,band_1.pdf
1,DFT,8,46,0.41171884,0.34960003,band_1.pdf
1,DFT,8,47,0.41740002,0.32110003,band_1.pdf
1,DFT,8,48,0.42308121,0.23940002,band_1.pdf
1,DFT,8,49,0.42876239,0.11719998,band_1.pdf
1,DFT,8,50,0.43444358,-0.02229999,band_1.pdf
1,DFT,8,51,0.44015261,-0.13080000,band_1.pdf
1,DFT,8,52,0.45151498,-0.31909999,band_1.pdf
1,DFT,8,53,0.46287735,-0.53780001,band_1.pdf
1,DFT,8,54,0.46855854,-0.65070001,band_1.pdf
1,DFT,8,55,0.47423972,-0.73780000,band_1.pdf
1,DFT,8,56,0.47992091,-0.76490002,band_1.pdf
1,DFT,8,57,0.48562994,-0.75740000,band_1.pdf
1,DFT,8,58,0.49131113,-0.73230001,band_1.pdf
1,DFT,8,59,0.50267350,-0.65420002,band_1.pdf
1,DFT,8,60,0.51971705,-0.52419999,band_1.pdf
1,DFT,8,61,0.53110727,-0.45580003,band_1.pdf
1,DFT,8,62,0.54246965,-0.40920000,band_1.pdf
1,DFT,8,63,0.55383202,-0.38209997,band_1.pdf
1,DFT,8,64,0.56519439,-0.36840000,band_1.pdf
1,DFT,8,65,0.58226579,-0.36240002,band_1.pdf
1,DFT,8,66,0.59619027,-0.36599999,band_1.pdf
1,DFT,8,67,0.60315250,-0.38470001,band_1.pdf
1,DFT,8,68,0.61011474,-0.41440002,band_1.pdf
1,DFT,8,69,0.61707697,-0.45450001,band_1.pdf
1,DFT,8,70,0.62403921,-0.50469999,band_1.pdf
1,DFT,8,71,0.63100145,-0.56520001,band_1.pdf
1,DFT,8,72,0.63796368,-0.63529997,band_1.pdf
1,DFT,8,73,0.65188816,-0.80019997,band_1.pdf
1,DFT,8,74,0.65885040,-0.89100000,band_1.pdf
1,DFT,8,75,0.66581263,-0.97050001,band_1.pdf
1,DFT,8,76,0.67277487,-0.79550001,band_1.pdf
1,DFT,8,77,0.67973711,-0.52900002,band_1.pdf
1,DFT,8,78,0.68669934,-0.23619997,band_1.pdf
1,DFT,8,79,0.69366158,0.08340001,band_1.pdf
1,DFT,8,80,0.70062382,0.43230002,band_1.pdf
1,DFT,8,81,0.70758605,0.81350002,band_1.pdf
1,DFT,8,82,0.72151053,1.66070000,band_1.pdf
1,DFT,8,83,0.72847276,1.70969998,band_1.pdf
1,DFT,8,84,0.74935947,1.78880001,band_1.pdf
1,DFT,8,85,0.76328395,1.82979997,band_1.pdf
1,DFT,8,86,0.77720842,1.85849999,band_1.pdf
1,DFT,8,87,0.79113290,1.87200000,band_1.pdf
1,DFT,8,88,0.80505737,1.85700001,band_1.pdf
1,DFT,8,89,0.81898184,1.82029997,band_1.pdf
1,DFT,8,90,0.83290632,1.76289999,band_1.pdf
1,DFT,8,91,0.86771750,1.59590000,band_1.pdf
1,DFT,8,92,0.87467974,1.57690000,band_1.pdf
1,DFT,8,93,0.88164197,1.56819997,band_1.pdf
1,DFT,8,94,0.88860421,1.57130000,band_1.pdf
1,DFT,8,95,0.89556645,1.58679999,band_1.pdf
1,DFT,8,96,0.90252868,1.61450002,band_1.pdf
1,DFT,8,97,0.90949092,1.65329999,band_1.pdf
1,DFT,8,98,0.92341540,1.75630000,band_1.pdf
1,DFT,8,99,0.93733987,1.87169997,band_1.pdf
1,DFT,8,100,0.95822658,2.04930001,band_1.pdf
1,DFT,8,101,0.97215105,2.14679998,band_1.pdf
1,DFT,8,102,0.97911329,2.18429998,band_1.pdf
1,DFT,8,103,0.99303776,2.23889996,band_1.pdf
1,DFT,8,104,1.00000000,2.25289997,band_1.pdf
1,DFT,9,0,0.00000000,-0.33100001,band_1.pdf
1,DFT,9,1,0.00804834,-0.32789998,band_1.pdf
1,DFT,9,2,0.01606884,-0.31550003,band_1.pdf
1,DFT,9,3,0.02411719,-0.28829999,band_1.pdf
1,DFT,9,4,0.03216554,-0.24540000,band_1.pdf
1,DFT,9,5,0.04018603,-0.18829999,band_1.pdf
1,DFT,9,6,0.04823438,-0.11850000,band_1.pdf
1,DFT,9,7,0.05628272,-0.03679999,band_1.pdf
1,DFT,9,8,0.06430322,0.05560003,band_1.pdf
1,DFT,9,9,0.07235157,0.15780002,band_1.pdf
1,DFT,9,10,0.08039991,0.26879999,band_1.pdf
1,DFT,9,11,0.08842041,0.16359998,band_1.pdf
1,DFT,9,12,0.09646875,-0.06450002,band_1.pdf
1,DFT,9,13,0.10451710,-0.17589998,band_1.pdf
1,DFT,9,14,0.11253760,-0.09329999,band_1.pdf
1,DFT,9,15,0.12058594,0.01879998,band_1.pdf
1,DFT,9,16,0.12863429,0.28929997,band_1.pdf
1,DFT,9,17,0.13665478,0.72130002,band_1.pdf
1,DFT,9,18,0.14470313,1.24419999,band_1.pdf
1,DFT,9,19,0.15275148,1.44979998,band_1.pdf
1,DFT,9,20,0.16882032,1.69270001,band_1.pdf
1,DFT,9,21,0.17686866,1.80259999,band_1.pdf
1,DFT,9,22,0.18491701,1.90309998,band_1.pdf
1,DFT,9,23,0.19293751,1.99309998,band_1.pdf
1,DFT,9,24,0.20098585,2.07160001,band_1.pdf
1,DFT,9,25,0.20903420,2.13799999,band_1.pdf
1,DFT,9,26,0.21705470,2.19230000,band_1.pdf
1,DFT,9,27,0.22510304,2.23619997,band_1.pdf
1,DFT,9,28,0.23315139,2.27170000,band_1.pdf
1,DFT,9,29,0.24117188,2.28749996,band_1.pdf
1,DFT,9,30,0.25824329,2.26629997,band_1.pdf
1,DFT,9,31,0.26960566,2.27400001,band_1.pdf
1,DFT,9,32,0.28664922,2.30059999,band_1.pdf
1,DFT,9,33,0.30940180,2.35209999,band_1.pdf
1,DFT,9,34,0.36056032,2.47869996,band_1.pdf
1,DFT,9,35,0.36624151,2.22389997,band_1.pdf
1,DFT,9,36,0.37760388,1.57789999,band_1.pdf
1,DFT,9,37,0.38328506,1.27269999,band_1.pdf
1,DFT,9,38,0.38896625,1.31439997,band_1.pdf
1,DFT,9,39,0.39467528,1.37099998,band_1.pdf
1,DFT,9,40,0.40035647,1.41250000,band_1.pdf
1,DFT,9,41,0.40603765,1.43749998,band_1.pdf
1,DFT,9,42,0.41171884,1.44560001,band_1.pdf
1,DFT,9,43,0.42876239,1.44069997,band_1.pdf
1,DFT,9,44,0.44015261,1.42299999,band_1.pdf
1,DFT,9,45,0.45151498,1.39119999,band_1.pdf
1,DFT,9,46,0.47992091,1.28809997,band_1.pdf
1,DFT,9,47,0.48562994,1.24409998,band_1.pdf
1,DFT,9,48,0.50267350,0.79450002,band_1.pdf
1,DFT,9,49,0.51403587,0.51509997,band_1.pdf
1,DFT,9,50,0.52539824,0.26380000,band_1.pdf
1,DFT,9,51,0.53678846,0.04849999,band_1.pdf
1,DFT,9,52,0.54246965,-0.04370001,band_1.pdf
1,DFT,9,53,0.54815083,-0.12459999,band_1.pdf
1,DFT,9,54,0.55383202,-0.19350001,band_1.pdf
1,DFT,9,55,0.55951320,-0.24959997,band_1.pdf
1,DFT,9,56,0.56519439,-0.29190001,band_1.pdf
1,DFT,9,57,0.57087557,-0.31839998,band_1.pdf
1,DFT,9,58,0.57658460,-0.32909999,band_1.pdf
1,DFT,9,59,0.58922803,-0.32849998,band_1.pdf
1,DFT,9,60,0.59619027,-0.30580000,band_1.pdf
1,DFT,9,61,0.60315250,-0.25340002,band_1.pdf
1,DFT,9,62,0.61011474,-0.17610000,band_1.pdf
1,DFT,9,63,0.61707697,-0.07629997,band_1.pdf
1,DFT,9,64,0.62403921,0.04509998,band_1.pdf
1,DFT,9,65,0.63100145,0.18690002,band_1.pdf
1,DFT,9,66,0.63796368,0.34869999,band_1.pdf
1,DFT,9,67,0.64492592,0.52940001,band_1.pdf
1,DFT,9,68,0.65188816,0.72800002,band_1.pdf
1,DFT,9,69,0.65885040,0.94360001,band_1.pdf
1,DFT,9,70,0.67277487,1.41590000,band_1.pdf
1,DFT,9,71,0.67973711,1.50719996,band_1.pdf
1,DFT,9,72,0.70062382,1.58920000,band_1.pdf
1,DFT,9,73,0.72151053,1.68299999,band_1.pdf
1,DFT,9,74,0.72847276,1.73780000,band_1.pdf
1,DFT,9,75,0.74239724,1.79040000,band_1.pdf
1,DFT,9,76,0.75632171,1.83139996,band_1.pdf
1,DFT,9,77,0.77024618,1.85949998,band_1.pdf
1,DFT,9,78,0.78417066,1.87229997,band_1.pdf
1,DFT,9,79,0.80505737,1.86739999,band_1.pdf
1,DFT,9,80,0.81898184,1.84119999,band_1.pdf
1,DFT,9,81,0.83290632,1.79289997,band_1.pdf
1,DFT,9,82,0.85379303,1.69380001,band_1.pdf
1,DFT,9,83,0.86771750,1.63280000,band_1.pdf
1,DFT,9,84,0.87467974,1.61160001,band_1.pdf
1,DFT,9,85,0.88164197,1.59949997,band_1.pdf
1,DFT,9,86,0.88860421,1.59829996,band_1.pdf
1,DFT,9,87,0.89556645,1.60880001,band_1.pdf
1,DFT,9,88,0.90252868,1.63079997,band_1.pdf
1,DFT,9,89,0.90949092,1.66369996,band_1.pdf
1,DFT,9,90,0.91645316,1.70610001,band_1.pdf
1,DFT,9,91,0.92341540,1.75800000,band_1.pdf
1,DFT,9,92,0.93733987,1.88479999,band_1.pdf
1,DFT,9,93,0.95822658,2.07710000,band_1.pdf
1,DFT,9,94,0.96518881,2.13300000,band_1.pdf
1,DFT,9,95,0.97215105,2.18159999,band_1.pdf
1,DFT,9,96,0.97911329,2.22159997,band_1.pdf
1,DFT,9,97,0.98607553,2.25229996,band_1.pdf
1,DFT,9,98,0.99303776,2.27529997,band_1.pdf
1,DFT,9,99,1.00000000,2.28749996,band_1.pdf
1,DFT,10,0,0.00000000,1.57630000,band_1.pdf
1,DFT,10,1,0.00804834,1.56360002,band_1.pdf
1,DFT,10,2,0.01606884,1.52450002,band_1.pdf
1,DFT,10,3,0.02411719,1.45979998,band_1.pdf
1,DFT,10,4,0.03216554,1.37020002,band_1.pdf
1,DFT,10,5,0.04018603,1.25660000,band_1.pdf
1,DFT,10,6,0.04823438,1.12040002,band_1.pdf
1,DFT,10,7,0.05628272,0.96289998,band_1.pdf
1,DFT,10,8,0.06430322,0.78619997,band_1.pdf
1,DFT,10,9,0.07235157,0.59239999,band_1.pdf
1,DFT,10,10,0.08039991,0.38389999,band_1.pdf
1,DFT,10,11,0.08842041,0.38750001,band_1.pdf
1,DFT,10,12,0.10451710,0.64269999,band_1.pdf
1,DFT,10,13,0.14470313,1.31970000,band_1.pdf
1,DFT,10,14,0.15275148,1.84619999,band_1.pdf
1,DFT,10,15,0.16079982,2.51590000,band_1.pdf
1,DFT,10,16,0.16882032,3.24150000,band_1.pdf
1,DFT,10,17,0.17686866,4.01239995,band_1.pdf
1,DFT,10,18,0.19293751,5.64529997,band_1.pdf
1,DFT,10,19,0.20903420,7.30119993,band_1.pdf
1,DFT,10,20,0.21705470,8.07499995,band_1.pdf
1,DFT,10,21,0.21956881,8.28298041,band_1.pdf
1,DFT,11,0,0.27268164,8.28298041,band_1.pdf
1,DFT,11,1,0.27528684,8.13279998,band_1.pdf
1,DFT,11,2,0.28664922,7.41649995,band_1.pdf
1,DFT,11,3,0.30940180,5.88869999,band_1.pdf
1,DFT,11,4,0.33212655,4.36419997,band_1.pdf
1,DFT,11,5,0.34919795,3.26519997,band_1.pdf
1,DFT,11,6,0.36056032,2.56850000,band_1.pdf
1,DFT,11,7,0.36624151,2.49669998,band_1.pdf
1,DFT,11,8,0.38328506,2.52479999,band_1.pdf
1,DFT,11,9,0.38896625,2.43809999,band_1.pdf
1,DFT,11,10,0.39467528,2.20699996,band_1.pdf
1,DFT,11,11,0.40035647,2.01359996,band_1.pdf
1,DFT,11,12,0.40603765,1.87919999,band_1.pdf
1,DFT,11,13,0.41171884,1.82999999,band_1.pdf
1,DFT,11,14,0.42308121,1.82560000,band_1.pdf
1,DFT,11,15,0.44015261,1.80309998,band_1.pdf
1,DFT,11,16,0.45719617,1.76580000,band_1.pdf
1,DFT,11,17,0.46287735,1.75130000,band_1.pdf
1,DFT,11,18,0.46855854,1.69339997,band_1.pdf
1,DFT,11,19,0.47992091,1.39619999,band_1.pdf
1,DFT,11,20,0.48562994,1.27120001,band_1.pdf
1,DFT,11,21,0.49699231,1.24979999,band_1.pdf
1,DFT,11,22,0.50267350,1.24720001,band_1.pdf
1,DFT,11,23,0.50835468,1.25129997,band_1.pdf
1,DFT,11,24,0.51403587,1.26239997,band_1.pdf
1,DFT,11,25,0.51971705,1.28049999,band_1.pdf
1,DFT,11,26,0.53110727,1.33569997,band_1.pdf
1,DFT,11,27,0.56519439,1.53929999,band_1.pdf
1,DFT,11,28,0.57087557,1.55950000,band_1.pdf
1,DFT,11,29,0.57658460,1.57209997,band_1.pdf
1,DFT,11,30,0.58226579,1.57630000,band_1.pdf
1,DFT,11,31,0.59619027,1.56449999,band_1.pdf
1,DFT,11,32,0.61011474,1.53309998,band_1.pdf
1,DFT,11,33,0.63100145,1.47910001,band_1.pdf
1,DFT,11,34,0.64492592,1.45969996,band_1.pdf
1,DFT,11,35,0.65885040,1.46340000,band_1.pdf
1,DFT,11,36,0.66581263,1.47449999,band_1.pdf
1,DFT,11,37,0.67277487,1.49370001,band_1.pdf
1,DFT,11,38,0.67973711,1.53890001,band_1.pdf
1,DFT,11,39,0.70062382,1.62349997,band_1.pdf
1,DFT,11,40,0.71454829,1.68530000,band_1.pdf
1,DFT,11,41,0.72151053,1.73690002,band_1.pdf
1,DFT,11,42,0.72847276,2.18620001,band_1.pdf
1,DFT,11,43,0.73543500,2.72079997,band_1.pdf
1,DFT,11,44,0.74239724,3.29719998,band_1.pdf
1,DFT,11,45,0.74935947,3.91280000,band_1.pdf
1,DFT,11,46,0.75632171,4.56519995,band_1.pdf
1,DFT,11,47,0.77024618,5.96539995,band_1.pdf
1,DFT,11,48,0.78417066,7.43909997,band_1.pdf
1,DFT,11,49,0.79113290,8.10769998,band_1.pdf
1,DFT,11,50,0.80505737,7.52399997,band_1.pdf
1,DFT,11,51,0.81201961,7.26639998,band_1.pdf
1,DFT,11,52,0.81898184,7.03759996,band_1.pdf
1,DFT,11,53,0.82594408,6.83859996,band_1.pdf
1,DFT,11,54,0.83290632,6.67079994,band_1.pdf
1,DFT,11,55,0.83986855,6.53529998,band_1.pdf
1,DFT,11,56,0.84683079,6.43219995,band_1.pdf
1,DFT,11,57,0.85379303,6.36239996,band_1.pdf
1,DFT,11,58,0.86075526,6.32529994,band_1.pdf
1,DFT,11,59,0.86771750,6.32079994,band_1.pdf
1,DFT,11,60,0.87467974,6.34799997,band_1.pdf
1,DFT,11,61,0.88164197,6.40499997,band_1.pdf
1,DFT,11,62,0.88860421,6.49059998,band_1.pdf
1,DFT,11,63,0.89556645,6.60309994,band_1.pdf
1,DFT,11,64,0.90252868,6.74009994,band_1.pdf
1,DFT,11,65,0.90949092,6.89979998,band_1.pdf
1,DFT,11,66,0.91645316,7.07979999,band_1.pdf
1,DFT,11,67,0.92341540,7.27809997,band_1.pdf
1,DFT,11,68,0.93037763,7.49129994,band_1.pdf
1,DFT,11,69,0.94430211,7.95249994,band_1.pdf
1,DFT,11,70,0.95391065,8.28298041,band_1.pdf
1,DFT,12,0,0.00000000,1.57750001,band_1.pdf
1,DFT,12,1,0.00804834,1.58229998,band_1.pdf
1,DFT,12,2,0.01606884,1.59719996,band_1.pdf
1,DFT,12,3,0.02411719,1.62160000,band_1.pdf
1,DFT,12,4,0.03216554,1.65460000,band_1.pdf
1,DFT,12,5,0.04823438,1.74190002,band_1.pdf
1,DFT,12,6,0.06430322,1.84929996,band_1.pdf
1,DFT,12,7,0.08039991,1.96940002,band_1.pdf
1,DFT,12,8,0.09646875,2.10630001,band_1.pdf
1,DFT,12,9,0.10451710,2.18919997,band_1.pdf
1,DFT,12,10,0.11253760,2.29089997,band_1.pdf
1,DFT,12,11,0.12058594,2.42160001,band_1.pdf
1,DFT,12,12,0.12863429,2.59489996,band_1.pdf
1,DFT,12,13,0.13665478,2.82539998,band_1.pdf
1,DFT,12,14,0.14470313,3.12659997,band_1.pdf
1,DFT,12,15,0.15275148,3.50779997,band_1.pdf
1,DFT,12,16,0.16079982,3.97159995,band_1.pdf
1,DFT,12,17,0.16882032,4.51329996,band_1.pdf
1,DFT,12,18,0.17686866,5.12339999,band_1.pdf
1,DFT,12,19,0.18491701,5.78829996,band_1.pdf
1,DFT,12,20,0.21336715,8.28298041,band_1.pdf
1,DFT,13,0,0.28374628,8.28298041,band_1.pdf
1,DFT,13,1,0.29233040,7.81139998,band_1.pdf
1,DFT,13,2,0.30940180,6.81899995,band_1.pdf
1,DFT,13,3,0.34348892,4.81199998,band_1.pdf
1,DFT,13,4,0.36056032,3.85630000,band_1.pdf
1,DFT,13,5,0.37192269,3.25369999,band_1.pdf
1,DFT,13,6,0.38328506,2.69409998,band_1.pdf
1,DFT,13,7,0.38896625,2.53170001,band_1.pdf
1,DFT,13,8,0.40603765,2.54369998,band_1.pdf
1,DFT,13,9,0.41171884,2.54450001,band_1.pdf
1,DFT,13,10,0.41740002,2.53450001,band_1.pdf
1,DFT,13,11,0.42308121,2.50480001,band_1.pdf
1,DFT,13,12,0.42876239,2.45589998,band_1.pdf
1,DFT,13,13,0.43444358,2.38879997,band_1.pdf
1,DFT,13,14,0.44015261,2.30480002,band_1.pdf
1,DFT,13,15,0.44583380,2.20549998,band_1.pdf
1,DFT,13,16,0.45151498,2.09280000,band_1.pdf
1,DFT,13,17,0.46287735,1.83470002,band_1.pdf
1,DFT,13,18,0.46855854,1.73630001,band_1.pdf
1,DFT,13,19,0.50267350,1.65099998,band_1.pdf
1,DFT,13,20,0.51971705,1.61940001,band_1.pdf
1,DFT,13,21,0.54246965,1.59250000,band_1.pdf
1,DFT,13,22,0.56519439,1.57999998,band_1.pdf
1,DFT,13,23,0.59619027,1.56620000,band_1.pdf
1,DFT,13,24,0.61011474,1.53819999,band_1.pdf
1,DFT,13,25,0.63100145,1.49279998,band_1.pdf
1,DFT,13,26,0.64492592,1.47980002,band_1.pdf
1,DFT,13,27,0.65885040,1.48920001,band_1.pdf
1,DFT,13,28,0.66581263,1.50260001,band_1.pdf
1,DFT,13,29,0.67277487,1.52359998,band_1.pdf
1,DFT,13,30,0.67973711,1.69220002,band_1.pdf
1,DFT,13,31,0.68669934,1.96700000,band_1.pdf
1,DFT,13,32,0.69366158,2.25899996,band_1.pdf
1,DFT,13,33,0.70062382,2.56740000,band_1.pdf
1,DFT,13,34,0.70758605,2.89369999,band_1.pdf
1,DFT,13,35,0.71454829,3.24029999,band_1.pdf
1,DFT,13,36,0.72151053,3.61029999,band_1.pdf
1,DFT,13,37,0.72847276,4.00730000,band_1.pdf
1,DFT,13,38,0.73543500,4.43540000,band_1.pdf
1,DFT,13,39,0.74239724,4.89869999,band_1.pdf
1,DFT,13,40,0.74935947,5.39999998,band_1.pdf
1,DFT,13,41,0.75632171,5.94119999,band_1.pdf
1,DFT,13,42,0.76328395,6.52209994,band_1.pdf
1,DFT,13,43,0.77720842,7.78999996,band_1.pdf
1,DFT,13,44,0.78256963,8.28298041,band_1.pdf
1,DFT,14,0,0.78768929,8.28298041,band_1.pdf
1,DFT,14,1,0.80505737,7.55619994,band_1.pdf
1,DFT,14,2,0.81201961,7.29639996,band_1.pdf
1,DFT,14,3,0.81898184,7.06539994,band_1.pdf
1,DFT,14,4,0.82594408,6.86459999,band_1.pdf
1,DFT,14,5,0.83290632,6.69529993,band_1.pdf
1,DFT,14,6,0.83986855,6.55859996,band_1.pdf
1,DFT,14,7,0.84683079,6.45459996,band_1.pdf
1,DFT,14,8,0.85379303,6.38459994,band_1.pdf
1,DFT,14,9,0.86075526,6.34789996,band_1.pdf
1,DFT,14,10,0.86771750,6.34429994,band_1.pdf
1,DFT,14,11,0.87467974,6.37309997,band_1.pdf
1,DFT,14,12,0.88164197,6.43219995,band_1.pdf
1,DFT,14,13,0.88860421,6.52039994,band_1.pdf
1,DFT,14,14,0.89556645,6.63599999,band_1.pdf
1,DFT,14,15,0.90252868,6.77659996,band_1.pdf
1,DFT,14,16,0.90949092,6.94019994,band_1.pdf
1,DFT,14,17,0.91645316,7.12449998,band_1.pdf
1,DFT,14,18,0.92341540,7.32729997,band_1.pdf
1,DFT,14,19,0.93037763,7.54529997,band_1.pdf
1,DFT,14,20,0.94430211,8.01689995,band_1.pdf
1,DFT,14,21,0.95186079,8.28298041,band_1.pdf
1,DFT,15,0,0.28780938,8.28298041,band_1.pdf
1,DFT,15,1,0.29801159,7.96889996,band_1.pdf
1,DFT,15,2,0.30372062,7.81029998,band_1.pdf
1,DFT,15,3,0.30940180,7.66499998,band_1.pdf
1,DFT,15,4,0.31508299,7.53339996,band_1.pdf
1,DFT,15,5,0.32076417,7.41509998,band_1.pdf
1,DFT,15,6,0.32644536,7.31019994,band_1.pdf
1,DFT,15,7,0.33212655,7.21759996,band_1.pdf
1,DFT,15,8,0.33780773,7.13639994,band_1.pdf
1,DFT,15,9,0.34348892,7.06609996,band_1.pdf
1,DFT,15,10,0.34919795,7.00559994,band_1.pdf
1,DFT,15,11,0.35487914,6.95399998,band_1.pdf
1,DFT,15,12,0.36056032,6.91029997,band_1.pdf
1,DFT,15,13,0.37192269,6.84339993,band_1.pdf
1,DFT,15,14,0.38328506,6.79879994,band_1.pdf
1,DFT,15,15,0.39467528,6.77189994,band_1.pdf
1,DFT,15,16,0.40603765,6.75929996,band_1.pdf
1,DFT,15,17,0.41171884,6.75769997,band_1.pdf
1,DFT,15,18,0.41740002,6.82769999,band_1.pdf
1,DFT,15,19,0.42308121,7.03099997,band_1.pdf
1,DFT,15,20,0.42876239,7.35079998,band_1.pdf
1,DFT,15,21,0.43444358,7.76649996,band_1.pdf
1,DFT,15,22,0.44040564,8.28298041,band_1.pdf
1,model,0,0,0.00000000,-2.86485967,band_1.pdf
1,model,0,1,0.00804834,-2.86052035,band_1.pdf
1,model,0,2,0.02411719,-2.82989868,band_1.pdf
1,model,0,3,0.04018603,-2.78111371,band_1.pdf
1,model,0,4,0.04823438,-2.77949434,band_1.pdf
1,model,0,5,0.06430322,-2.97580561,band_1.pdf
1,model,0,6,0.07235157,-3.06296983,band_1.pdf
1,model,0,7,0.08039991,-3.13515621,band_1.pdf
1,model,0,8,0.08842041,-3.18879554,band_1.pdf
1,model,0,9,0.09646875,-3.22280335,band_1.pdf
1,model,0,10,0.10451710,-3.23916054,band_1.pdf
1,model,0,11,0.12058594,-3.24173131,band_1.pdf
1,model,0,12,0.12863429,-3.24326583,band_1.pdf
1,model,0,13,0.13665478,-3.25361331,band_1.pdf
1,model,0,14,0.14470313,-3.27553501,band_1.pdf
1,model,0,15,0.15275148,-3.30868218,band_1.pdf
1,model,0,16,0.16882032,-3.39856090,band_1.pdf
1,model,0,17,0.19293751,-3.54721256,band_1.pdf
1,model,0,18,0.20903420,-3.62804926,band_1.pdf
1,model,0,19,0.21705470,-3.65833292,band_1.pdf
1,model,0,20,0.22510304,-3.68057687,band_1.pdf
1,model,0,21,0.23315139,-3.69418181,band_1.pdf
1,model,0,22,0.24117188,-3.69893586,band_1.pdf
1,model,0,23,0.25256210,-3.68691569,band_1.pdf
1,model,0,24,0.26392447,-3.65275621,band_1.pdf
1,model,0,25,0.27528684,-3.59620975,band_1.pdf
1,model,0,26,0.28664922,-3.51779303,band_1.pdf
1,model,0,27,0.29801159,-3.41829090,band_1.pdf
1,model,0,28,0.30940180,-3.31017725,band_1.pdf
1,model,0,29,0.31508299,-3.28426899,band_1.pdf
1,model,0,30,0.32076417,-3.26972669,band_1.pdf
1,model,0,31,0.32644536,-3.26779384,band_1.pdf
1,model,0,32,0.33212655,-3.27832979,band_1.pdf
1,model,0,33,0.33780773,-3.29979972,band_1.pdf
1,model,0,34,0.34919795,-3.36521519,band_1.pdf
1,model,0,35,0.37192269,-3.51610541,band_1.pdf
1,model,0,36,0.38328506,-3.57612451,band_1.pdf
1,model,0,37,0.39467528,-3.61795696,band_1.pdf
1,model,0,38,0.40603765,-3.63932587,band_1.pdf
1,model,0,39,0.41740002,-3.64043292,band_1.pdf
1,model,0,40,0.42876239,-3.62811598,band_1.pdf
1,model,0,41,0.44015261,-3.60516366,band_1.pdf
1,model,0,42,0.45719617,-3.55605283,band_1.pdf
1,model,0,43,0.47423972,-3.49057510,band_1.pdf
1,model,0,44,0.48562994,-3.43089348,band_1.pdf
1,model,0,45,0.49699231,-3.34948757,band_1.pdf
1,model,0,46,0.50835468,-3.24162780,band_1.pdf
1,model,0,47,0.51971705,-3.11125018,band_1.pdf
1,model,0,48,0.53110727,-2.97779753,band_1.pdf
1,model,0,49,0.53678846,-2.93724542,band_1.pdf
1,model,0,50,0.54815083,-2.89596546,band_1.pdf
1,model,0,51,0.55951320,-2.86978928,band_1.pdf
1,model,0,52,0.57087557,-2.86144154,band_1.pdf
1,model,0,53,0.58922803,-2.86270885,band_1.pdf
1,model,0,54,0.60315250,-2.86349602,band_1.pdf
1,model,0,55,0.61707697,-2.87690455,band_1.pdf
1,model,0,56,0.63100145,-2.90035407,band_1.pdf
1,model,0,57,0.63796368,-2.92105567,band_1.pdf
1,model,0,58,0.65188816,-3.03333712,band_1.pdf
1,model,0,59,0.65885040,-3.06999948,band_1.pdf
1,model,0,60,0.66581263,-3.08694831,band_1.pdf
1,model,0,61,0.67277487,-3.08317078,band_1.pdf
1,model,0,62,0.67973711,-3.06344896,band_1.pdf
1,model,0,63,0.68669934,-3.07405157,band_1.pdf
1,model,0,64,0.70062382,-3.11705079,band_1.pdf
1,model,0,65,0.71454829,-3.14756647,band_1.pdf
1,model,0,66,0.72151053,-3.15509890,band_1.pdf
1,model,0,67,0.72847276,-3.15585337,band_1.pdf
1,model,0,68,0.73543500,-3.14935570,band_1.pdf
1,model,0,69,0.74239724,-3.13542721,band_1.pdf
1,model,0,70,0.74935947,-3.11420316,band_1.pdf
1,model,0,71,0.76328395,-3.05240935,band_1.pdf
1,model,0,72,0.79113290,-2.90547280,band_1.pdf
1,model,0,73,0.79809513,-2.97068161,band_1.pdf
1,model,0,74,0.81201961,-3.12003162,band_1.pdf
1,model,0,75,0.81898184,-3.18674841,band_1.pdf
1,model,0,76,0.82594408,-3.24485362,band_1.pdf
1,model,0,77,0.83290632,-3.29235261,band_1.pdf
1,model,0,78,0.83986855,-3.32756096,band_1.pdf
1,model,0,79,0.84683079,-3.34907728,band_1.pdf
1,model,0,80,0.85379303,-3.35575690,band_1.pdf
1,model,0,81,0.86075526,-3.34667892,band_1.pdf
1,model,0,82,0.86771750,-3.32112456,band_1.pdf
1,model,0,83,0.87467974,-3.27856187,band_1.pdf
1,model,0,84,0.88164197,-3.21864900,band_1.pdf
1,model,0,85,0.88860421,-3.14143999,band_1.pdf
1,model,0,86,0.89556645,-3.05166525,band_1.pdf
1,model,0,87,0.90252868,-3.06583452,band_1.pdf
1,model,0,88,0.91645316,-3.17379751,band_1.pdf
1,model,0,89,0.95822658,-3.53010589,band_1.pdf
1,model,0,90,0.97215105,-3.62029767,band_1.pdf
1,model,0,91,0.97911329,-3.65392416,band_1.pdf
1,model,0,92,0.98607553,-3.67865652,band_1.pdf
1,model,0,93,0.99303776,-3.69382146,band_1.pdf
1,model,0,94,1.00000000,-3.69893586,band_1.pdf
1,model,0,95,1.00000000,-3.69893586,band_1.pdf
1,model,1,0,0.00000000,-2.83729656,band_1.pdf
1,model,1,1,0.01606884,-2.82722725,band_1.pdf
1,model,1,2,0.03216554,-2.79701451,band_1.pdf
1,model,1,3,0.04823438,-2.75096010,band_1.pdf
1,model,1,4,0.06430322,-2.67710826,band_1.pdf
1,model,1,5,0.08039991,-2.58324434,band_1.pdf
1,model,1,6,0.09646875,-2.46773316,band_1.pdf
1,model,1,7,0.11253760,-2.32864544,band_1.pdf
1,model,1,8,0.12058594,-2.25052643,band_1.pdf
1,model,1,9,0.12863429,-2.22441798,band_1.pdf
1,model,1,10,0.16079982,-2.86834932,band_1.pdf
1,model,1,11,0.16882032,-3.01398152,band_1.pdf
1,model,1,12,0.17686866,-3.14897278,band_1.pdf
1,model,1,13,0.18491701,-3.27182893,band_1.pdf
1,model,1,14,0.19293751,-3.38118181,band_1.pdf
1,model,1,15,0.20098585,-3.47583260,band_1.pdf
1,model,1,16,0.20903420,-3.55473231,band_1.pdf
1,model,1,17,0.21705470,-3.61701782,band_1.pdf
1,model,1,18,0.22510304,-3.66199830,band_1.pdf
1,model,1,19,0.23315139,-3.68916895,band_1.pdf
1,model,1,20,0.24117188,-3.69807914,band_1.pdf
1,model,1,21,0.24685307,-3.69458256,band_1.pdf
1,model,1,22,0.25256210,-3.68287048,band_1.pdf
1,model,1,23,0.25824329,-3.66348009,band_1.pdf
1,model,1,24,0.26960566,-3.60412588,band_1.pdf
1,model,1,25,0.28096803,-3.52325018,band_1.pdf
1,model,1,26,0.30940180,-3.29876899,band_1.pdf
1,model,1,27,0.32076417,-3.16084341,band_1.pdf
1,model,1,28,0.33212655,-3.00670758,band_1.pdf
1,model,1,29,0.34348892,-2.84113299,band_1.pdf
1,model,1,30,0.34919795,-2.83225254,band_1.pdf
1,model,1,31,0.36056032,-3.01507097,band_1.pdf
1,model,1,32,0.36624151,-3.09542836,band_1.pdf
1,model,1,33,0.37192269,-3.16717649,band_1.pdf
1,model,1,34,0.37760388,-3.22999298,band_1.pdf
1,model,1,35,0.38328506,-3.28360654,band_1.pdf
1,model,1,36,0.38896625,-3.32778853,band_1.pdf
1,model,1,37,0.39467528,-3.36235250,band_1.pdf
1,model,1,38,0.40035647,-3.38715015,band_1.pdf
1,model,1,39,0.40603765,-3.40207223,band_1.pdf
1,model,1,40,0.41740002,-3.40549321,band_1.pdf
1,model,1,41,0.42876239,-3.39311323,band_1.pdf
1,model,1,42,0.44015261,-3.36889052,band_1.pdf
1,model,1,43,0.45151498,-3.33387283,band_1.pdf
1,model,1,44,0.46855854,-3.26454729,band_1.pdf
1,model,1,45,0.49131113,-3.15173344,band_1.pdf
1,model,1,46,0.52539824,-2.97842929,band_1.pdf
1,model,1,47,0.53110727,-2.95020639,band_1.pdf
1,model,1,48,0.54246965,-2.86002332,band_1.pdf
1,model,1,49,0.54815083,-2.83083497,band_1.pdf
1,model,1,50,0.55383202,-2.81931148,band_1.pdf
1,model,1,51,0.56519439,-2.82294172,band_1.pdf
1,model,1,52,0.58226579,-2.83729656,band_1.pdf
1,model,1,53,0.60315250,-2.83198835,band_1.pdf
1,model,1,54,0.61707697,-2.84700766,band_1.pdf
1,model,1,55,0.63100145,-2.87428484,band_1.pdf
1,model,1,56,0.63796368,-2.90802485,band_1.pdf
1,model,1,57,0.70758605,-3.13371802,band_1.pdf
1,model,1,58,0.72151053,-3.15222751,band_1.pdf
1,model,1,59,0.72847276,-3.15219480,band_1.pdf
1,model,1,60,0.73543500,-3.14533347,band_1.pdf
1,model,1,61,0.74239724,-3.13150547,band_1.pdf
1,model,1,62,0.75632171,-3.08401915,band_1.pdf
1,model,1,63,0.77024618,-3.01299616,band_1.pdf
1,model,1,64,0.78417066,-2.92764618,band_1.pdf
1,model,1,65,0.79809513,-2.86684987,band_1.pdf
1,model,1,66,0.80505737,-2.83955006,band_1.pdf
1,model,1,67,0.81201961,-2.81911987,band_1.pdf
1,model,1,68,0.81898184,-2.80605202,band_1.pdf
1,model,1,69,0.83290632,-2.80036806,band_1.pdf
1,model,1,70,0.84683079,-2.81686335,band_1.pdf
1,model,1,71,0.86075526,-2.85116355,band_1.pdf
1,model,1,72,0.87467974,-2.90260846,band_1.pdf
1,model,1,73,0.88860421,-2.97250846,band_1.pdf
1,model,1,74,0.89556645,-3.01150945,band_1.pdf
1,model,1,75,0.90252868,-3.03833202,band_1.pdf
1,model,1,76,0.91645316,-3.15335837,band_1.pdf
1,model,1,77,0.95822658,-3.52533476,band_1.pdf
1,model,1,78,0.96518881,-3.57533852,band_1.pdf
1,model,1,79,0.97215105,-3.61809827,band_1.pdf
1,model,1,80,0.97911329,-3.65250476,band_1.pdf
1,model,1,81,0.98607553,-3.67766104,band_1.pdf
1,model,1,82,0.99303776,-3.69295377,band_1.pdf
1,model,1,83,1.00000000,-3.69807914,band_1.pdf
1,model,1,84,1.00000000,-3.69807914,band_1.pdf
1,model,2,0,0.00000000,-2.80639056,band_1.pdf
1,model,2,1,0.00804834,-2.80192474,band_1.pdf
1,model,2,2,0.01606884,-2.78785963,band_1.pdf
1,model,2,3,0.02411719,-2.76250516,band_1.pdf
1,model,2,4,0.04018603,-2.68088614,band_1.pdf
1,model,2,5,0.04823438,-2.74522442,band_1.pdf
1,model,2,6,0.06430322,-2.67479889,band_1.pdf
1,model,2,7,0.08039991,-2.58221259,band_1.pdf
1,model,2,8,0.09646875,-2.46715437,band_1.pdf
1,model,2,9,0.11253760,-2.32823473,band_1.pdf
1,model,2,10,0.12058594,-2.24898107,band_1.pdf
1,model,2,11,0.12863429,-2.16221844,band_1.pdf
1,model,2,12,0.14470313,-1.96614772,band_1.pdf
1,model,2,13,0.15275148,-1.85612403,band_1.pdf
1,model,2,14,0.16882032,-1.61183534,band_1.pdf
1,model,2,15,0.17686866,-1.48028526,band_1.pdf
1,model,2,16,0.18491701,-1.36107867,band_1.pdf
1,model,2,17,0.19293751,-1.32521107,band_1.pdf
1,model,2,18,0.20098585,-1.32885423,band_1.pdf
1,model,2,19,0.23315139,-1.37387126,band_1.pdf
1,model,2,20,0.24685307,-1.37621150,band_1.pdf
1,model,2,21,0.25824329,-1.35674332,band_1.pdf
1,model,2,22,0.26960566,-1.31927317,band_1.pdf
1,model,2,23,0.28096803,-1.27505836,band_1.pdf
1,model,2,24,0.28664922,-1.36378844,band_1.pdf
1,model,2,25,0.31508299,-2.09779224,band_1.pdf
1,model,2,26,0.32644536,-2.36647498,band_1.pdf
1,model,2,27,0.33780773,-2.61056957,band_1.pdf
1,model,2,28,0.34348892,-2.72100556,band_1.pdf
1,model,2,29,0.34919795,-2.74724898,band_1.pdf
1,model,2,30,0.37760388,-2.31736136,band_1.pdf
1,model,2,31,0.38328506,-2.24234648,band_1.pdf
1,model,2,32,0.38896625,-2.17636763,band_1.pdf
1,model,2,33,0.39467528,-2.12218534,band_1.pdf
1,model,2,34,0.40035647,-2.08236110,band_1.pdf
1,model,2,35,0.40603765,-2.05848238,band_1.pdf
1,model,2,36,0.42876239,-2.02337748,band_1.pdf
1,model,2,37,0.43444358,-2.01206840,band_1.pdf
1,model,2,38,0.44015261,-2.01811069,band_1.pdf
1,model,2,39,0.44583380,-2.04397504,band_1.pdf
1,model,2,40,0.45719617,-2.12550015,band_1.pdf
1,model,2,41,0.47423972,-2.25939829,band_1.pdf
1,model,2,42,0.47992091,-2.29174075,band_1.pdf
1,model,2,43,0.48562994,-2.31213421,band_1.pdf
1,model,2,44,0.49131113,-2.31823260,band_1.pdf
1,model,2,45,0.49699231,-2.30874688,band_1.pdf
1,model,2,46,0.50267350,-2.28345954,band_1.pdf
1,model,2,47,0.50835468,-2.29791031,band_1.pdf
1,model,2,48,0.51403587,-2.37531821,band_1.pdf
1,model,2,49,0.51971705,-2.44018943,band_1.pdf
1,model,2,50,0.52539824,-2.49334536,band_1.pdf
1,model,2,51,0.53110727,-2.53461401,band_1.pdf
1,model,2,52,0.53678846,-2.56241067,band_1.pdf
1,model,2,53,0.54246965,-2.57536068,band_1.pdf
1,model,2,54,0.54815083,-2.62389669,band_1.pdf
1,model,2,55,0.55383202,-2.68567599,band_1.pdf
1,model,2,56,0.55951320,-2.73616037,band_1.pdf
1,model,2,57,0.56519439,-2.77343067,band_1.pdf
1,model,2,58,0.57087557,-2.79559155,band_1.pdf
1,model,2,59,0.57658460,-2.80442187,band_1.pdf
1,model,2,60,0.58922803,-2.80282247,band_1.pdf
1,model,2,61,0.59619027,-2.78412333,band_1.pdf
1,model,2,62,0.61011474,-2.70335576,band_1.pdf
1,model,2,63,0.61707697,-2.70990119,band_1.pdf
1,model,2,64,0.62403921,-2.76550660,band_1.pdf
1,model,2,65,0.63100145,-2.83634190,band_1.pdf
1,model,2,66,0.63796368,-2.88738078,band_1.pdf
1,model,2,67,0.65885040,-2.95600908,band_1.pdf
1,model,2,68,0.67973711,-3.03369196,band_1.pdf
1,model,2,69,0.68669934,-3.00926514,band_1.pdf
1,model,2,70,0.69366158,-2.95265790,band_1.pdf
1,model,2,71,0.72151053,-2.68484527,band_1.pdf
1,model,2,72,0.72847276,-2.63510860,band_1.pdf
1,model,2,73,0.73543500,-2.60030527,band_1.pdf
1,model,2,74,0.74239724,-2.58255048,band_1.pdf
1,model,2,75,0.74935947,-2.58278102,band_1.pdf
1,model,2,76,0.75632171,-2.60081231,band_1.pdf
1,model,2,77,0.76328395,-2.63544152,band_1.pdf
1,model,2,78,0.77024618,-2.68460550,band_1.pdf
1,model,2,79,0.77720842,-2.74557540,band_1.pdf
1,model,2,80,0.78417066,-2.81495995,band_1.pdf
1,model,2,81,0.79113290,-2.87680098,band_1.pdf
1,model,2,82,0.81201961,-2.78384777,band_1.pdf
1,model,2,83,0.81898184,-2.76569892,band_1.pdf
1,model,2,84,0.82594408,-2.75586719,band_1.pdf
1,model,2,85,0.83290632,-2.75371649,band_1.pdf
1,model,2,86,0.84683079,-2.76883557,band_1.pdf
1,model,2,87,0.86075526,-2.80535704,band_1.pdf
1,model,2,88,0.87467974,-2.86151121,band_1.pdf
1,model,2,89,0.88860421,-2.93786836,band_1.pdf
1,model,2,90,0.89556645,-2.98186656,band_1.pdf
1,model,2,91,0.90252868,-2.92615236,band_1.pdf
1,model,2,92,0.90949092,-2.79587084,band_1.pdf
1,model,2,93,0.91645316,-2.64640731,band_1.pdf
1,model,2,94,0.92341540,-2.47932906,band_1.pdf
1,model,2,95,0.93037763,-2.29570000,band_1.pdf
1,model,2,96,0.93733987,-2.09704145,band_1.pdf
1,model,2,97,0.95126434,-1.66580421,band_1.pdf
1,model,2,98,0.95822658,-1.44426865,band_1.pdf
1,model,2,99,0.96518881,-1.27967952,band_1.pdf
1,model,2,100,0.97215105,-1.30191132,band_1.pdf
1,model,2,101,0.97911329,-1.33405602,band_1.pdf
1,model,2,102,0.98607553,-1.35861028,band_1.pdf
1,model,2,103,0.99303776,-1.37381012,band_1.pdf
1,model,2,104,1.00000000,-1.37894840,band_1.pdf
1,model,2,105,1.00000000,-1.37894840,band_1.pdf
1,model,3,0,0.00000000,-2.41762833,band_1.pdf
1,model,3,1,0.00804834,-2.42926611,band_1.pdf
1,model,3,2,0.01606884,-2.46364748,band_1.pdf
1,model,3,3,0.02411719,-2.51914531,band_1.pdf
1,model,3,4,0.04018603,-2.67330305,band_1.pdf
1,model,3,5,0.04823438,-2.61017972,band_1.pdf
1,model,3,6,0.05628272,-2.53611896,band_1.pdf
1,model,3,7,0.06430322,-2.45224627,band_1.pdf
1,model,3,8,0.07235157,-2.35966650,band_1.pdf
1,model,3,9,0.08039991,-2.31640788,band_1.pdf
1,model,3,10,0.08842041,-2.35578113,band_1.pdf
1,model,3,11,0.09646875,-2.35939988,band_1.pdf
1,model,3,12,0.10451710,-2.32410917,band_1.pdf
1,model,3,13,0.11253760,-2.24988620,band_1.pdf
1,model,3,14,0.12058594,-2.14017860,band_1.pdf
1,model,3,15,0.12863429,-2.14604439,band_1.pdf
1,model,3,16,0.13665478,-2.06216429,band_1.pdf
1,model,3,17,0.14470313,-1.96098082,band_1.pdf
1,model,3,18,0.15275148,-1.85074538,band_1.pdf
1,model,3,19,0.16079982,-1.73171440,band_1.pdf
1,model,3,20,0.17686866,-1.46776527,band_1.pdf
1,model,3,21,0.19293751,-1.17549490,band_1.pdf
1,model,3,22,0.20098585,-1.11643213,band_1.pdf
1,model,3,23,0.20903420,-1.20401860,band_1.pdf
1,model,3,24,0.21705470,-1.27887653,band_1.pdf
1,model,3,25,0.22510304,-1.33356130,band_1.pdf
1,model,3,26,0.23315139,-1.36649109,band_1.pdf
1,model,3,27,0.24117188,-1.37523479,band_1.pdf
1,model,3,28,0.24685307,-1.37105639,band_1.pdf
1,model,3,29,0.25256210,-1.35793788,band_1.pdf
1,model,3,30,0.25824329,-1.33619949,band_1.pdf
1,model,3,31,0.26960566,-1.27124569,band_1.pdf
1,model,3,32,0.27528684,-1.23239145,band_1.pdf
1,model,3,33,0.28096803,-1.21783541,band_1.pdf
1,model,3,34,0.28664922,-1.24535823,band_1.pdf
1,model,3,35,0.29233040,-1.32103539,band_1.pdf
1,model,3,36,0.30372062,-1.53700324,band_1.pdf
1,model,3,37,0.30940180,-1.63001529,band_1.pdf
1,model,3,38,0.31508299,-1.70619605,band_1.pdf
1,model,3,39,0.32076417,-1.76271988,band_1.pdf
1,model,3,40,0.32644536,-1.79829000,band_1.pdf
1,model,3,41,0.33212655,-1.81339172,band_1.pdf
1,model,3,42,0.33780773,-1.81017751,band_1.pdf
1,model,3,43,0.34348892,-1.79195597,band_1.pdf
1,model,3,44,0.34919795,-1.76250966,band_1.pdf
1,model,3,45,0.36056032,-1.68432425,band_1.pdf
1,model,3,46,0.36624151,-1.69324824,band_1.pdf
1,model,3,47,0.37192269,-1.74569100,band_1.pdf
1,model,3,48,0.37760388,-1.79079631,band_1.pdf
1,model,3,49,0.38328506,-1.82841463,band_1.pdf
1,model,3,50,0.38896625,-1.85842415,band_1.pdf
1,model,3,51,0.39467528,-1.88072160,band_1.pdf
1,model,3,52,0.40035647,-1.89538097,band_1.pdf
1,model,3,53,0.41171884,-1.90537463,band_1.pdf
1,model,3,54,0.42308121,-1.91433523,band_1.pdf
1,model,3,55,0.43444358,-1.92891652,band_1.pdf
1,model,3,56,0.44015261,-1.91614852,band_1.pdf
1,model,3,57,0.44583380,-1.88300703,band_1.pdf
1,model,3,58,0.45151498,-1.83731398,band_1.pdf
1,model,3,59,0.46287735,-1.72173668,band_1.pdf
1,model,3,60,0.47423972,-1.58234128,band_1.pdf
1,model,3,61,0.47992091,-1.65481656,band_1.pdf
1,model,3,62,0.48562994,-1.82536170,band_1.pdf
1,model,3,63,0.49131113,-1.97261137,band_1.pdf
1,model,3,64,0.49699231,-2.09879477,band_1.pdf
1,model,3,65,0.50267350,-2.20641791,band_1.pdf
1,model,3,66,0.50835468,-2.24312666,band_1.pdf
1,model,3,67,0.51403587,-2.18940983,band_1.pdf
1,model,3,68,0.51971705,-2.15229357,band_1.pdf
1,model,3,69,0.53110727,-2.36813943,band_1.pdf
1,model,3,70,0.53678846,-2.46242662,band_1.pdf
1,model,3,71,0.54246965,-2.54425703,band_1.pdf
1,model,3,72,0.54815083,-2.55972081,band_1.pdf
1,model,3,73,0.55383202,-2.53393425,band_1.pdf
1,model,3,74,0.56519439,-2.46688301,band_1.pdf
1,model,3,75,0.57087557,-2.44036510,band_1.pdf
1,model,3,76,0.57658460,-2.42343084,band_1.pdf
1,model,3,77,0.58226579,-2.41762833,band_1.pdf
1,model,3,78,0.58922803,-2.42628161,band_1.pdf
1,model,3,79,0.59619027,-2.45080258,band_1.pdf
1,model,3,80,0.60315250,-2.48523205,band_1.pdf
1,model,3,81,0.61011474,-2.50885974,band_1.pdf
1,model,3,82,0.61707697,-2.47146371,band_1.pdf
1,model,3,83,0.62403921,-2.36721321,band_1.pdf
1,model,3,84,0.63100145,-2.22379670,band_1.pdf
1,model,3,85,0.63796368,-2.05007249,band_1.pdf
1,model,3,86,0.64492592,-2.10899171,band_1.pdf
1,model,3,87,0.65188816,-2.17857947,band_1.pdf
1,model,3,88,0.65885040,-2.22823260,band_1.pdf
1,model,3,89,0.66581263,-2.25386838,band_1.pdf
1,model,3,90,0.67277487,-2.25285251,band_1.pdf
1,model,3,91,0.67973711,-2.22431957,band_1.pdf
1,model,3,92,0.68669934,-2.16935415,band_1.pdf
1,model,3,93,0.69366158,-2.09097901,band_1.pdf
1,model,3,94,0.70062382,-1.99398698,band_1.pdf
1,model,3,95,0.71454829,-1.77159872,band_1.pdf
1,model,3,96,0.72151053,-1.73952079,band_1.pdf
1,model,3,97,0.73543500,-1.83732162,band_1.pdf
1,model,3,98,0.74935947,-1.91962401,band_1.pdf
1,model,3,99,0.76328395,-1.98426563,band_1.pdf
1,model,3,100,0.77720842,-2.02673909,band_1.pdf
1,model,3,101,0.78417066,-2.03749130,band_1.pdf
1,model,3,102,0.79113290,-2.04075716,band_1.pdf
1,model,3,103,0.79809513,-2.03734495,band_1.pdf
1,model,3,104,0.80505737,-2.02482550,band_1.pdf
1,model,3,105,0.81201961,-2.00144008,band_1.pdf
1,model,3,106,0.81898184,-1.96720286,band_1.pdf
1,model,3,107,0.82594408,-1.92325336,band_1.pdf
1,model,3,108,0.83986855,-1.81410245,band_1.pdf
1,model,3,109,0.87467974,-1.50451224,band_1.pdf
1,model,3,110,0.88860421,-1.36443193,band_1.pdf
1,model,3,111,0.90949092,-1.14383876,band_1.pdf
1,model,3,112,0.91645316,-1.07822606,band_1.pdf
1,model,3,113,0.92341540,-1.03189728,band_1.pdf
1,model,3,114,0.93037763,-1.02591222,band_1.pdf
1,model,3,115,0.93733987,-1.06011158,band_1.pdf
1,model,3,116,0.97215105,-1.29547912,band_1.pdf
1,model,3,117,0.97911329,-1.32929663,band_1.pdf
1,model,3,118,0.98607553,-1.35450967,band_1.pdf
1,model,3,119,0.99303776,-1.37000989,band_1.pdf
1,model,3,120,1.00000000,-1.37523479,band_1.pdf
1,model,3,121,1.00000000,-1.37523479,band_1.pdf
1,model,4,0,0.00000000,-1.49429030,band_1.pdf
1,model,4,1,0.00804834,-1.50870747,band_1.pdf
1,model,4,2,0.01606884,-1.55113780,band_1.pdf
1,model,4,3,0.02411719,-1.61913309,band_1.pdf
1,model,4,4,0.03216554,-1.70864033,band_1.pdf
1,model,4,5,0.04018603,-1.81411756,band_1.pdf
1,model,4,6,0.06430322,-2.15337449,band_1.pdf
1,model,4,7,0.07235157,-2.24662750,band_1.pdf
1,model,4,8,0.08039991,-2.25950665,band_1.pdf
1,model,4,9,0.09646875,-2.04120389,band_1.pdf
1,model,4,10,0.10451710,-1.92552451,band_1.pdf
1,model,4,11,0.11253760,-1.86236782,band_1.pdf
1,model,4,12,0.12058594,-2.03353472,band_1.pdf
1,model,4,13,0.12863429,-2.00228496,band_1.pdf
1,model,4,14,0.14470313,-1.69374983,band_1.pdf
1,model,4,15,0.15275148,-1.55560806,band_1.pdf
1,model,4,16,0.16079982,-1.44631827,band_1.pdf
1,model,4,17,0.16882032,-1.37041858,band_1.pdf
1,model,4,18,0.18491701,-1.28230427,band_1.pdf
1,model,4,19,0.19293751,-1.17222151,band_1.pdf
1,model,4,20,0.20903420,-0.87916990,band_1.pdf
1,model,4,21,0.21705470,-0.74719975,band_1.pdf
1,model,4,22,0.22510304,-0.64514474,band_1.pdf
1,model,4,23,0.23315139,-0.58563381,band_1.pdf
1,model,4,24,0.24117188,-0.56871898,band_1.pdf
1,model,4,25,0.24685307,-0.58045287,band_1.pdf
1,model,4,26,0.25256210,-0.62311574,band_1.pdf
1,model,4,27,0.25824329,-0.69803150,band_1.pdf
1,model,4,28,0.26392447,-0.79927944,band_1.pdf
1,model,4,29,0.26960566,-0.91981952,band_1.pdf
1,model,4,30,0.27528684,-1.05183008,band_1.pdf
1,model,4,31,0.28096803,-1.15916391,band_1.pdf
1,model,4,32,0.28664922,-1.14933395,band_1.pdf
1,model,4,33,0.29233040,-1.15677467,band_1.pdf
1,model,4,34,0.29801159,-1.11704985,band_1.pdf
1,model,4,35,0.30372062,-1.06664154,band_1.pdf
1,model,4,36,0.30940180,-1.05240212,band_1.pdf
1,model,4,37,0.31508299,-1.07733651,band_1.pdf
1,model,4,38,0.32076417,-1.12353715,band_1.pdf
1,model,4,39,0.32644536,-1.18655105,band_1.pdf
1,model,4,40,0.33780773,-1.33915081,band_1.pdf
1,model,4,41,0.34919795,-1.49531310,band_1.pdf
1,model,4,42,0.36056032,-1.63368398,band_1.pdf
1,model,4,43,0.36624151,-1.64166587,band_1.pdf
1,model,4,44,0.37760388,-1.56097166,band_1.pdf
1,model,4,45,0.38896625,-1.49780205,band_1.pdf
1,model,4,46,0.39467528,-1.47615935,band_1.pdf
1,model,4,47,0.40035647,-1.46218915,band_1.pdf
1,model,4,48,0.41171884,-1.45330177,band_1.pdf
1,model,4,49,0.42308121,-1.44897401,band_1.pdf
1,model,4,50,0.43444358,-1.43554883,band_1.pdf
1,model,4,51,0.44583380,-1.41150469,band_1.pdf
1,model,4,52,0.45719617,-1.37439205,band_1.pdf
1,model,4,53,0.46855854,-1.32617171,band_1.pdf
1,model,4,54,0.47423972,-1.46025690,band_1.pdf
1,model,4,55,0.47992091,-1.50608895,band_1.pdf
1,model,4,56,0.48562994,-1.42905590,band_1.pdf
1,model,4,57,0.49131113,-1.48688691,band_1.pdf
1,model,4,58,0.50835468,-1.90180956,band_1.pdf
1,model,4,59,0.51403587,-2.02992462,band_1.pdf
1,model,4,60,0.51971705,-2.12299971,band_1.pdf
1,model,4,61,0.53110727,-1.97168325,band_1.pdf
1,model,4,62,0.54815083,-1.73479790,band_1.pdf
1,model,4,63,0.55383202,-1.66591880,band_1.pdf
1,model,4,64,0.55951320,-1.60644413,band_1.pdf
1,model,4,65,0.56519439,-1.55833536,band_1.pdf
1,model,4,66,0.57087557,-1.52304388,band_1.pdf
1,model,4,67,0.57658460,-1.50151980,band_1.pdf
1,model,4,68,0.58226579,-1.49429030,band_1.pdf
1,model,4,69,0.58922803,-1.50512688,band_1.pdf
1,model,4,70,0.59619027,-1.53727436,band_1.pdf
1,model,4,71,0.60315250,-1.58946467,band_1.pdf
1,model,4,72,0.61011474,-1.65924179,band_1.pdf
1,model,4,73,0.61707697,-1.74285729,band_1.pdf
1,model,4,74,0.63796368,-2.02464864,band_1.pdf
1,model,4,75,0.64492592,-1.84730112,band_1.pdf
1,model,4,76,0.65188816,-1.61438846,band_1.pdf
1,model,4,77,0.65885040,-1.35017408,band_1.pdf
1,model,4,78,0.66581263,-1.17053875,band_1.pdf
1,model,4,79,0.68669934,-1.41350846,band_1.pdf
1,model,4,80,0.70062382,-1.55731363,band_1.pdf
1,model,4,81,0.71454829,-1.68169997,band_1.pdf
1,model,4,82,0.72151053,-1.71466496,band_1.pdf
1,model,4,83,0.74239724,-1.85211424,band_1.pdf
1,model,4,84,0.75632171,-1.92959994,band_1.pdf
1,model,4,85,0.77024618,-1.99037925,band_1.pdf
1,model,4,86,0.77720842,-2.01274916,band_1.pdf
1,model,4,87,0.78417066,-2.02815559,band_1.pdf
1,model,4,88,0.79113290,-2.03419859,band_1.pdf
1,model,4,89,0.79809513,-2.02749616,band_1.pdf
1,model,4,90,0.80505737,-2.00849030,band_1.pdf
1,model,4,91,0.81201961,-1.97822714,band_1.pdf
1,model,4,92,0.81898184,-1.93772035,band_1.pdf
1,model,4,93,0.83290632,-1.83256798,band_1.pdf
1,model,4,94,0.84683079,-1.70809276,band_1.pdf
1,model,4,95,0.90252868,-1.19308492,band_1.pdf
1,model,4,96,0.92341540,-1.00861158,band_1.pdf
1,model,4,97,0.93037763,-0.99096676,band_1.pdf
1,model,4,98,0.93733987,-1.03610152,band_1.pdf
1,model,4,99,0.95822658,-1.19490217,band_1.pdf
1,model,4,100,0.96518881,-1.18717209,band_1.pdf
1,model,4,101,0.97911329,-0.81591609,band_1.pdf
1,model,4,102,0.98607553,-0.67200611,band_1.pdf
1,model,4,103,0.99303776,-0.58774239,band_1.pdf
1,model,4,104,1.00000000,-0.56871898,band_1.pdf
1,model,4,105,1.00000000,-0.56871898,band_1.pdf
1,model,5,0,0.00000000,-0.78117242,band_1.pdf
1,model,5,1,0.01606884,-0.76697080,band_1.pdf
1,model,5,2,0.03216554,-0.74137247,band_1.pdf
1,model,5,3,0.04018603,-0.73440532,band_1.pdf
1,model,5,4,0.04823438,-0.75039570,band_1.pdf
1,model,5,5,0.05628272,-0.82082325,band_1.pdf
1,model,5,6,0.06430322,-0.93391758,band_1.pdf
1,model,5,7,0.07235157,-1.06545528,band_1.pdf
1,model,5,8,0.08039991,-1.20937112,band_1.pdf
1,model,5,9,0.09646875,-1.52449836,band_1.pdf
1,model,5,10,0.10451710,-1.69164273,band_1.pdf
1,model,5,11,0.11253760,-1.80721375,band_1.pdf
1,model,5,12,0.14470313,-1.33424336,band_1.pdf
1,model,5,13,0.16079982,-1.11702336,band_1.pdf
1,model,5,14,0.16882032,-1.01871685,band_1.pdf
1,model,5,15,0.17686866,-0.93252330,band_1.pdf
1,model,5,16,0.18491701,-0.89623515,band_1.pdf
1,model,5,17,0.19293751,-0.98835670,band_1.pdf
1,model,5,18,0.20098585,-1.01081649,band_1.pdf
1,model,5,19,0.21705470,-0.74610159,band_1.pdf
1,model,5,20,0.22510304,-0.63721274,band_1.pdf
1,model,5,21,0.23315139,-0.56490898,band_1.pdf
1,model,5,22,0.24117188,-0.53945581,band_1.pdf
1,model,5,23,0.24685307,-0.54741554,band_1.pdf
1,model,5,24,0.25256210,-0.57850450,band_1.pdf
1,model,5,25,0.25824329,-0.63962490,band_1.pdf
1,model,5,26,0.26392447,-0.72238882,band_1.pdf
1,model,5,27,0.26960566,-0.82145945,band_1.pdf
1,model,5,28,0.28096803,-1.04816121,band_1.pdf
1,model,5,29,0.28664922,-1.13425428,band_1.pdf
1,model,5,30,0.29233040,-1.09660680,band_1.pdf
1,model,5,31,0.29801159,-1.06614173,band_1.pdf
1,model,5,32,0.30372062,-1.04962019,band_1.pdf
1,model,5,33,0.30940180,-1.00941539,band_1.pdf
1,model,5,34,0.32076417,-0.87722058,band_1.pdf
1,model,5,35,0.33212655,-0.72224497,band_1.pdf
1,model,5,36,0.33780773,-0.63802076,band_1.pdf
1,model,5,37,0.34348892,-0.70773692,band_1.pdf
1,model,5,38,0.35487914,-0.90963207,band_1.pdf
1,model,5,39,0.36056032,-0.99745844,band_1.pdf
1,model,5,40,0.36624151,-1.07621999,band_1.pdf
1,model,5,41,0.37192269,-1.14573108,band_1.pdf
1,model,5,42,0.37760388,-1.20579148,band_1.pdf
1,model,5,43,0.38328506,-1.25613982,band_1.pdf
1,model,5,44,0.38896625,-1.29643894,band_1.pdf
1,model,5,45,0.39467528,-1.32632617,band_1.pdf
1,model,5,46,0.40035647,-1.34576099,band_1.pdf
1,model,5,47,0.40603765,-1.35583013,band_1.pdf
1,model,5,48,0.41740002,-1.35719106,band_1.pdf
1,model,5,49,0.42876239,-1.34452911,band_1.pdf
1,model,5,50,0.44015261,-1.31909454,band_1.pdf
1,model,5,51,0.45151498,-1.28128846,band_1.pdf
1,model,5,52,0.46287735,-1.23290419,band_1.pdf
1,model,5,53,0.46855854,-1.23631960,band_1.pdf
1,model,5,54,0.47423972,-1.28608909,band_1.pdf
1,model,5,55,0.47992091,-1.26330557,band_1.pdf
1,model,5,56,0.48562994,-1.33894789,band_1.pdf
1,model,5,57,0.49131113,-1.33903463,band_1.pdf
1,model,5,58,0.51403587,-1.01353976,band_1.pdf
1,model,5,59,0.51971705,-0.95697820,band_1.pdf
1,model,5,60,0.52539824,-0.91793644,band_1.pdf
1,model,5,61,0.53678846,-0.85805966,band_1.pdf
1,model,5,62,0.54815083,-0.81315615,band_1.pdf
1,model,5,63,0.55951320,-0.78521166,band_1.pdf
1,model,5,64,0.57087557,-0.77823449,band_1.pdf
1,model,5,65,0.58922803,-0.77935529,band_1.pdf
1,model,5,66,0.60315250,-0.78236432,band_1.pdf
1,model,5,67,0.61707697,-0.80501482,band_1.pdf
1,model,5,68,0.63100145,-0.84882391,band_1.pdf
1,model,5,69,0.63796368,-0.88407705,band_1.pdf
1,model,5,70,0.64492592,-0.93503482,band_1.pdf
1,model,5,71,0.65188816,-1.00350244,band_1.pdf
1,model,5,72,0.65885040,-1.08299908,band_1.pdf
1,model,5,73,0.66581263,-1.14793730,band_1.pdf
1,model,5,74,0.69366158,-1.45818796,band_1.pdf
1,model,5,75,0.70758605,-1.58992479,band_1.pdf
1,model,5,76,0.71454829,-1.64696821,band_1.pdf
1,model,5,77,0.72151053,-1.64172441,band_1.pdf
1,model,5,78,0.73543500,-1.44344629,band_1.pdf
1,model,5,79,0.74239724,-1.36360317,band_1.pdf
1,model,5,80,0.74935947,-1.33238096,band_1.pdf
1,model,5,81,0.76328395,-1.34301793,band_1.pdf
1,model,5,82,0.77720842,-1.33344731,band_1.pdf
1,model,5,83,0.79113290,-1.30593663,band_1.pdf
1,model,5,84,0.80505737,-1.38495662,band_1.pdf
1,model,5,85,0.81898184,-1.46425981,band_1.pdf
1,model,5,86,0.82594408,-1.49626361,band_1.pdf
1,model,5,87,0.83290632,-1.52019826,band_1.pdf
1,model,5,88,0.83986855,-1.53414589,band_1.pdf
1,model,5,89,0.84683079,-1.53632692,band_1.pdf
1,model,5,90,0.85379303,-1.52503290,band_1.pdf
1,model,5,91,0.86075526,-1.49881323,band_1.pdf
1,model,5,92,0.86771750,-1.45733573,band_1.pdf
1,model,5,93,0.87467974,-1.40228879,band_1.pdf
1,model,5,94,0.88164197,-1.33583459,band_1.pdf
1,model,5,95,0.88860421,-1.25753328,band_1.pdf
1,model,5,96,0.89556645,-1.16365716,band_1.pdf
1,model,5,97,0.90252868,-1.04996021,band_1.pdf
1,model,5,98,0.90949092,-0.91549027,band_1.pdf
1,model,5,99,0.91645316,-0.89845825,band_1.pdf
1,model,5,100,0.92341540,-0.92588350,band_1.pdf
1,model,5,101,0.93037763,-0.92149097,band_1.pdf
1,model,5,102,0.95126434,-0.75717101,band_1.pdf
1,model,5,103,0.96518881,-0.66442083,band_1.pdf
1,model,5,104,0.97215105,-0.62654111,band_1.pdf
1,model,5,105,0.97911329,-0.59556780,band_1.pdf
1,model,5,106,0.99303776,-0.55190500,band_1.pdf
1,model,5,107,1.00000000,-0.53945581,band_1.pdf
1,model,5,108,1.00000000,-0.53945581,band_1.pdf
1,model,6,0,0.00000000,-0.73823470,band_1.pdf
1,model,6,1,0.01606884,-0.73113015,band_1.pdf
1,model,6,2,0.03216554,-0.70949303,band_1.pdf
1,model,6,3,0.04018603,-0.69294252,band_1.pdf
1,model,6,4,0.04823438,-0.69778201,band_1.pdf
1,model,6,5,0.06430322,-0.85641363,band_1.pdf
1,model,6,6,0.07235157,-0.92900865,band_1.pdf
1,model,6,7,0.08039991,-0.99254222,band_1.pdf
1,model,6,8,0.08842041,-1.04084598,band_1.pdf
1,model,6,9,0.09646875,-1.06661666,band_1.pdf
1,model,6,10,0.10451710,-1.06086006,band_1.pdf
1,model,6,11,0.11253760,-1.01285272,band_1.pdf
1,model,6,12,0.12058594,-0.91103589,band_1.pdf
1,model,6,13,0.12863429,-0.74502333,band_1.pdf
1,model,6,14,0.13665478,-0.50807784,band_1.pdf
1,model,6,15,0.14470313,-0.19951184,band_1.pdf
1,model,6,16,0.15275148,-0.14888462,band_1.pdf
1,model,6,17,0.16079982,-0.33842112,band_1.pdf
1,model,6,18,0.16882032,-0.51608035,band_1.pdf
1,model,6,19,0.17686866,-0.67569673,band_1.pdf
1,model,6,20,0.18491701,-0.77821109,band_1.pdf
1,model,6,21,0.19293751,-0.74218802,band_1.pdf
1,model,6,22,0.20903420,-0.62896862,band_1.pdf
1,model,6,23,0.21705470,-0.58447107,band_1.pdf
1,model,6,24,0.23315139,-0.51701350,band_1.pdf
1,model,6,25,0.24117188,-0.50238091,band_1.pdf
1,model,6,26,0.25256210,-0.52166423,band_1.pdf
1,model,6,27,0.26392447,-0.51054546,band_1.pdf
1,model,6,28,0.27528684,-0.48190024,band_1.pdf
1,model,6,29,0.28664922,-0.44222388,band_1.pdf
1,model,6,30,0.30372062,-0.36781671,band_1.pdf
1,model,6,31,0.32076417,-0.29115722,band_1.pdf
1,model,6,32,0.32644536,-0.34570660,band_1.pdf
1,model,6,33,0.33780773,-0.59066977,band_1.pdf
1,model,6,34,0.34348892,-0.54315182,band_1.pdf
1,model,6,35,0.35487914,-0.34350459,band_1.pdf
1,model,6,36,0.36624151,-0.12661366,band_1.pdf
1,model,6,37,0.37192269,-0.05001377,band_1.pdf
1,model,6,38,0.37760388,-0.02502013,band_1.pdf
1,model,6,39,0.38896625,0.00658861,band_1.pdf
1,model,6,40,0.40035647,0.02542704,band_1.pdf
1,model,6,41,0.41171884,0.03176142,band_1.pdf
1,model,6,42,0.41740002,0.02043730,band_1.pdf
1,model,6,43,0.42308121,-0.01320081,band_1.pdf
1,model,6,44,0.42876239,-0.06817263,band_1.pdf
1,model,6,45,0.43444358,-0.14293061,band_1.pdf
1,model,6,46,0.44015261,-0.23552395,band_1.pdf
1,model,6,47,0.44583380,-0.34384254,band_1.pdf
1,model,6,48,0.45151498,-0.46826799,band_1.pdf
1,model,6,49,0.45719617,-0.70848338,band_1.pdf
1,model,6,50,0.46287735,-0.98047198,band_1.pdf
1,model,6,51,0.46855854,-1.19423587,band_1.pdf
1,model,6,52,0.47423972,-1.17227815,band_1.pdf
1,model,6,53,0.47992091,-1.16512514,band_1.pdf
1,model,6,54,0.48562994,-1.18724822,band_1.pdf
1,model,6,55,0.49699231,-1.10241755,band_1.pdf
1,model,6,56,0.51403587,-0.96304342,band_1.pdf
1,model,6,57,0.51971705,-0.90286974,band_1.pdf
1,model,6,58,0.53110727,-0.76963477,band_1.pdf
1,model,6,59,0.53678846,-0.72621435,band_1.pdf
1,model,6,60,0.54246965,-0.71367487,band_1.pdf
1,model,6,61,0.58922803,-0.73598955,band_1.pdf
1,model,6,62,0.60315250,-0.74030707,band_1.pdf
1,model,6,63,0.61707697,-0.76346687,band_1.pdf
1,model,6,64,0.63100145,-0.80326558,band_1.pdf
1,model,6,65,0.63796368,-0.83407311,band_1.pdf
1,model,6,66,0.64492592,-0.88691438,band_1.pdf
1,model,6,67,0.65885040,-1.04973898,band_1.pdf
1,model,6,68,0.66581263,-1.03939233,band_1.pdf
1,model,6,69,0.67277487,-0.98400761,band_1.pdf
1,model,6,70,0.72151053,-1.24754105,band_1.pdf
1,model,6,71,0.73543500,-1.29973532,band_1.pdf
1,model,6,72,0.74239724,-1.31840922,band_1.pdf
1,model,6,73,0.75632171,-1.33683925,band_1.pdf
1,model,6,74,0.77024618,-1.33759236,band_1.pdf
1,model,6,75,0.78417066,-1.31794649,band_1.pdf
1,model,6,76,0.79113290,-1.30550874,band_1.pdf
1,model,6,77,0.80505737,-1.26189748,band_1.pdf
1,model,6,78,0.81898184,-1.20399182,band_1.pdf
1,model,6,79,0.83290632,-1.13454086,band_1.pdf
1,model,6,80,0.87467974,-0.91179195,band_1.pdf
1,model,6,81,0.88164197,-0.88600101,band_1.pdf
1,model,6,82,0.88860421,-0.86817933,band_1.pdf
1,model,6,83,0.89556645,-0.85995210,band_1.pdf
1,model,6,84,0.90252868,-0.86229589,band_1.pdf
1,model,6,85,0.91645316,-0.88252422,band_1.pdf
1,model,6,86,0.92341540,-0.90848195,band_1.pdf
1,model,6,87,0.93037763,-0.89975140,band_1.pdf
1,model,6,88,0.93733987,-0.85434854,band_1.pdf
1,model,6,89,0.95822658,-0.68516260,band_1.pdf
1,model,6,90,0.97215105,-0.59480439,band_1.pdf
1,model,6,91,0.97911329,-0.56058323,band_1.pdf
1,model,6,92,0.99303776,-0.51382549,band_1.pdf
1,model,6,93,1.00000000,-0.50238091,band_1.pdf
1,model,6,94,1.00000000,-0.50238091,band_1.pdf
1,model,7,0,0.00000000,-0.71541492,band_1.pdf
1,model,7,1,0.00804834,-0.71101511,band_1.pdf
1,model,7,2,0.01606884,-0.69677764,band_1.pdf
1,model,7,3,0.02411719,-0.67095748,band_1.pdf
1,model,7,4,0.03216554,-0.63717896,band_1.pdf
1,model,7,5,0.04018603,-0.63174539,band_1.pdf
1,model,7,6,0.04823438,-0.67233322,band_1.pdf
1,model,7,7,0.06430322,-0.61792817,band_1.pdf
1,model,7,8,0.08039991,-0.54371059,band_1.pdf
1,model,7,9,0.09646875,-0.44611571,band_1.pdf
1,model,7,10,0.10451710,-0.38712154,band_1.pdf
1,model,7,11,0.11253760,-0.32041234,band_1.pdf
1,model,7,12,0.12058594,-0.24519909,band_1.pdf
1,model,7,13,0.12863429,-0.16067426,band_1.pdf
1,model,7,14,0.14470313,0.02144505,band_1.pdf
1,model,7,15,0.15275148,0.13757104,band_1.pdf
1,model,7,16,0.17686866,0.60363975,band_1.pdf
1,model,7,17,0.18491701,0.78128808,band_1.pdf
1,model,7,18,0.20098585,1.17466075,band_1.pdf
1,model,7,19,0.21705470,1.57967358,band_1.pdf
1,model,7,20,0.22510304,1.75030967,band_1.pdf
1,model,7,21,0.23315139,1.86024520,band_1.pdf
1,model,7,22,0.24117188,1.89079737,band_1.pdf
1,model,7,23,0.24685307,1.87009512,band_1.pdf
1,model,7,24,0.25256210,1.79858233,band_1.pdf
1,model,7,25,0.25824329,1.68113611,band_1.pdf
1,model,7,26,0.26392447,1.53097914,band_1.pdf
1,model,7,27,0.27528684,1.17827636,band_1.pdf
1,model,7,28,0.29233040,0.62316930,band_1.pdf
1,model,7,29,0.30372062,0.27537492,band_1.pdf
1,model,7,30,0.31508299,-0.04264457,band_1.pdf
1,model,7,31,0.32076417,-0.18438103,band_1.pdf
1,model,7,32,0.32644536,-0.24061063,band_1.pdf
1,model,7,33,0.33780773,-0.18998980,band_1.pdf
1,model,7,34,0.36624151,-0.05461278,band_1.pdf
1,model,7,35,0.37192269,0.00766396,band_1.pdf
1,model,7,36,0.38328506,0.24460477,band_1.pdf
1,model,7,37,0.39467528,0.48306103,band_1.pdf
1,model,7,38,0.40035647,0.58575373,band_1.pdf
1,model,7,39,0.40603765,0.66022193,band_1.pdf
1,model,7,40,0.41171884,0.68823704,band_1.pdf
1,model,7,41,0.41740002,0.69304768,band_1.pdf
1,model,7,42,0.42308121,0.70737236,band_1.pdf
1,model,7,43,0.42876239,0.72875739,band_1.pdf
1,model,7,44,0.43444358,0.50879077,band_1.pdf
1,model,7,45,0.45151498,-0.40653758,band_1.pdf
1,model,7,46,0.45719617,-0.59183186,band_1.pdf
1,model,7,47,0.47423972,-1.02054880,band_1.pdf
1,model,7,48,0.47992091,-1.13055916,band_1.pdf
1,model,7,49,0.48562994,-1.10211141,band_1.pdf
1,model,7,50,0.49699231,-1.02453945,band_1.pdf
1,model,7,51,0.50835468,-0.92857709,band_1.pdf
1,model,7,52,0.51971705,-0.81379987,band_1.pdf
1,model,7,53,0.53678846,-0.63704785,band_1.pdf
1,model,7,54,0.54246965,-0.58600387,band_1.pdf
1,model,7,55,0.54815083,-0.55834010,band_1.pdf
1,model,7,56,0.55383202,-0.59227960,band_1.pdf
1,model,7,57,0.55951320,-0.64036716,band_1.pdf
1,model,7,58,0.56519439,-0.67892978,band_1.pdf
1,model,7,59,0.57087557,-0.70356473,band_1.pdf
1,model,7,60,0.57658460,-0.71355608,band_1.pdf
1,model,7,61,0.58922803,-0.71184772,band_1.pdf
1,model,7,62,0.59619027,-0.69091967,band_1.pdf
1,model,7,63,0.60315250,-0.64395587,band_1.pdf
1,model,7,64,0.61011474,-0.57940009,band_1.pdf
1,model,7,65,0.61707697,-0.56018396,band_1.pdf
1,model,7,66,0.62403921,-0.61614812,band_1.pdf
1,model,7,67,0.63796368,-0.76397422,band_1.pdf
1,model,7,68,0.64492592,-0.82538001,band_1.pdf
1,model,7,69,0.65885040,-0.90357236,band_1.pdf
1,model,7,70,0.67973711,-1.01191886,band_1.pdf
1,model,7,71,0.70758605,-1.17385207,band_1.pdf
1,model,7,72,0.72151053,-1.24269894,band_1.pdf
1,model,7,73,0.73543500,-1.29526755,band_1.pdf
1,model,7,74,0.74239724,-1.31400259,band_1.pdf
1,model,7,75,0.74935947,-1.30035612,band_1.pdf
1,model,7,76,0.75632171,-1.25905394,band_1.pdf
1,model,7,77,0.76328395,-1.23686711,band_1.pdf
1,model,7,78,0.77024618,-1.23282302,band_1.pdf
1,model,7,79,0.77720842,-1.24455933,band_1.pdf
1,model,7,80,0.79113290,-1.29797536,band_1.pdf
1,model,7,81,0.80505737,-1.25364525,band_1.pdf
1,model,7,82,0.81898184,-1.19194001,band_1.pdf
1,model,7,83,0.83290632,-1.11814848,band_1.pdf
1,model,7,84,0.86771750,-0.91701265,band_1.pdf
1,model,7,85,0.88164197,-0.85783600,band_1.pdf
1,model,7,86,0.88860421,-0.84047474,band_1.pdf
1,model,7,87,0.89556645,-0.83373303,band_1.pdf
1,model,7,88,0.90252868,-0.83871051,band_1.pdf
1,model,7,89,0.90949092,-0.85521576,band_1.pdf
1,model,7,90,0.91645316,-0.75412767,band_1.pdf
1,model,7,91,0.92341540,-0.57284691,band_1.pdf
1,model,7,92,0.93037763,-0.36837032,band_1.pdf
1,model,7,93,0.93733987,-0.14128648,band_1.pdf
1,model,7,94,0.94430211,0.10718026,band_1.pdf
1,model,7,95,0.95822658,0.65651994,band_1.pdf
1,model,7,96,0.97215105,1.23138365,band_1.pdf
1,model,7,97,0.97911329,1.49633252,band_1.pdf
1,model,7,98,0.98607553,1.71649181,band_1.pdf
1,model,7,99,0.99303776,1.85665057,band_1.pdf
1,model,7,100,1.00000000,1.89079737,band_1.pdf
1,model,7,101,1.00000000,1.89079737,band_1.pdf
1,model,8,0,0.00000000,-0.36680991,band_1.pdf
1,model,8,1,0.00804834,-0.37680226,band_1.pdf
1,model,8,2,0.01606884,-0.40633619,band_1.pdf
1,model,8,3,0.02411719,-0.45309844,band_1.pdf
1,model,8,4,0.04018603,-0.57176540,band_1.pdf
1,model,8,5,0.04823438,-0.61622905,band_1.pdf
1,model,8,6,0.05628272,-0.62337252,band_1.pdf
1,model,8,7,0.06430322,-0.60499724,band_1.pdf
1,model,8,8,0.07235157,-0.57514739,band_1.pdf
1,model,8,9,0.08039991,-0.53765384,band_1.pdf
1,model,8,10,0.09646875,-0.44208204,band_1.pdf
1,model,8,11,0.10451710,-0.38350279,band_1.pdf
1,model,8,12,0.11253760,-0.31696090,band_1.pdf
1,model,8,13,0.12058594,-0.24167076,band_1.pdf
1,model,8,14,0.12863429,-0.15670079,band_1.pdf
1,model,8,15,0.13665478,-0.06085829,band_1.pdf
1,model,8,16,0.15275148,0.16446002,band_1.pdf
1,model,8,17,0.16079982,0.29653018,band_1.pdf
1,model,8,18,0.16882032,0.44384117,band_1.pdf
1,model,8,19,0.17686866,0.60635710,band_1.pdf
1,model,8,20,0.18491701,0.78393930,band_1.pdf
1,model,8,21,0.20098585,1.17778448,band_1.pdf
1,model,8,22,0.21705470,1.58508191,band_1.pdf
1,model,8,23,0.22510304,1.75999014,band_1.pdf
1,model,8,24,0.23315139,1.88337603,band_1.pdf
1,model,8,25,0.24117188,1.92851114,band_1.pdf
1,model,8,26,0.24685307,1.91391102,band_1.pdf
1,model,8,27,0.25256210,1.85169222,band_1.pdf
1,model,8,28,0.25824329,1.74428054,band_1.pdf
1,model,8,29,0.26392447,1.60608325,band_1.pdf
1,model,8,30,0.26960566,1.44634571,band_1.pdf
1,model,8,31,0.29233040,0.75819813,band_1.pdf
1,model,8,32,0.29801159,0.61356811,band_1.pdf
1,model,8,33,0.30372062,0.49559636,band_1.pdf
1,model,8,34,0.30940180,0.41081913,band_1.pdf
1,model,8,35,0.31508299,0.36264489,band_1.pdf
1,model,8,36,0.32076417,0.34991712,band_1.pdf
1,model,8,37,0.32644536,0.36740636,band_1.pdf
1,model,8,38,0.33212655,0.40793435,band_1.pdf
1,model,8,39,0.33780773,0.46443974,band_1.pdf
1,model,8,40,0.34919795,0.60295407,band_1.pdf
1,model,8,41,0.36624151,0.81936048,band_1.pdf
1,model,8,42,0.37760388,0.94305866,band_1.pdf
1,model,8,43,0.38328506,0.99449782,band_1.pdf
1,model,8,44,0.38896625,1.03773048,band_1.pdf
1,model,8,45,0.39467528,1.07205805,band_1.pdf
1,model,8,46,0.40035647,1.09695352,band_1.pdf
1,model,8,47,0.40603765,1.11204618,band_1.pdf
1,model,8,48,0.41740002,1.11926756,band_1.pdf
1,model,8,49,0.42308121,0.99843870,band_1.pdf
1,model,8,50,0.42876239,0.78306563,band_1.pdf
1,model,8,51,0.43444358,0.76629253,band_1.pdf
1,model,8,52,0.44015261,0.80868405,band_1.pdf
1,model,8,53,0.44583380,0.76453322,band_1.pdf
1,model,8,54,0.45719617,0.37728779,band_1.pdf
1,model,8,55,0.46287735,0.20962269,band_1.pdf
1,model,8,56,0.46855854,0.06334255,band_1.pdf
1,model,8,57,0.47423972,-0.06186965,band_1.pdf
1,model,8,58,0.47992091,-0.16783206,band_1.pdf
1,model,8,59,0.48562994,-0.25710450,band_1.pdf
1,model,8,60,0.49131113,-0.33236591,band_1.pdf
1,model,8,61,0.49699231,-0.39608386,band_1.pdf
1,model,8,62,0.50267350,-0.45031893,band_1.pdf
1,model,8,63,0.51403587,-0.53619308,band_1.pdf
1,model,8,64,0.51971705,-0.56936206,band_1.pdf
1,model,8,65,0.52539824,-0.59560530,band_1.pdf
1,model,8,66,0.53110727,-0.61169463,band_1.pdf
1,model,8,67,0.53678846,-0.60726483,band_1.pdf
1,model,8,68,0.54246965,-0.57398050,band_1.pdf
1,model,8,69,0.55383202,-0.48104216,band_1.pdf
1,model,8,70,0.55951320,-0.44094217,band_1.pdf
1,model,8,71,0.56519439,-0.40887918,band_1.pdf
1,model,8,72,0.57087557,-0.38563033,band_1.pdf
1,model,8,73,0.57658460,-0.37153529,band_1.pdf
1,model,8,74,0.58226579,-0.36680991,band_1.pdf
1,model,8,75,0.58922803,-0.37402222,band_1.pdf
1,model,8,76,0.59619027,-0.39540737,band_1.pdf
1,model,8,77,0.60315250,-0.43017817,band_1.pdf
1,model,8,78,0.61011474,-0.47692638,band_1.pdf
1,model,8,79,0.61707697,-0.53371776,band_1.pdf
1,model,8,80,0.63100145,-0.66871998,band_1.pdf
1,model,8,81,0.63796368,-0.73821906,band_1.pdf
1,model,8,82,0.64492592,-0.79933661,band_1.pdf
1,model,8,83,0.65188816,-0.84818587,band_1.pdf
1,model,8,84,0.65885040,-0.88918600,band_1.pdf
1,model,8,85,0.66581263,-0.92261869,band_1.pdf
1,model,8,86,0.67277487,-0.68245693,band_1.pdf
1,model,8,87,0.67973711,-0.28705276,band_1.pdf
1,model,8,88,0.68669934,0.16854340,band_1.pdf
1,model,8,89,0.70062382,1.21894921,band_1.pdf
1,model,8,90,0.71454829,1.06365106,band_1.pdf
1,model,8,91,0.72151053,0.99376587,band_1.pdf
1,model,8,92,0.72847276,0.93141210,band_1.pdf
1,model,8,93,0.73543500,0.87650800,band_1.pdf
1,model,8,94,0.74239724,0.82894721,band_1.pdf
1,model,8,95,0.74935947,0.78860177,band_1.pdf
1,model,8,96,0.75632171,0.75534161,band_1.pdf
1,model,8,97,0.76328395,0.72901085,band_1.pdf
1,model,8,98,0.77720842,0.69628730,band_1.pdf
1,model,8,99,0.79113290,0.68772235,band_1.pdf
1,model,8,100,0.80505737,0.69428573,band_1.pdf
1,model,8,101,0.81898184,0.71481207,band_1.pdf
1,model,8,102,0.84683079,0.77493414,band_1.pdf
1,model,8,103,0.87467974,0.84530274,band_1.pdf
1,model,8,104,0.88860421,0.89938720,band_1.pdf
1,model,8,105,0.89556645,0.93708895,band_1.pdf
1,model,8,106,0.90252868,0.98401193,band_1.pdf
1,model,8,107,0.90949092,1.04101821,band_1.pdf
1,model,8,108,0.91645316,1.10814244,band_1.pdf
1,model,8,109,0.92341540,1.18459160,band_1.pdf
1,model,8,110,0.93733987,1.35881546,band_1.pdf
1,model,8,111,0.95822658,1.61759235,band_1.pdf
1,model,8,112,0.96518881,1.69673048,band_1.pdf
1,model,8,113,0.97215105,1.76740586,band_1.pdf
1,model,8,114,0.97911329,1.82672796,band_1.pdf
1,model,8,115,0.98607553,1.87259556,band_1.pdf
1,model,8,116,0.99303776,1.90726843,band_1.pdf
1,model,8,117,1.00000000,1.92851114,band_1.pdf
1,model,8,118,1.00000000,1.92851114,band_1.pdf
1,model,9,0,0.00000000,-0.35875307,band_1.pdf
1,model,9,1,0.00804834,-0.36765620,band_1.pdf
1,model,9,2,0.01606884,-0.39355077,band_1.pdf
1,model,9,3,0.02411719,-0.43458208,band_1.pdf
1,model,9,4,0.03216554,-0.48514028,band_1.pdf
1,model,9,5,0.04018603,-0.51108474,band_1.pdf
1,model,9,6,0.04823438,-0.46345694,band_1.pdf
1,model,9,7,0.05628272,-0.38366886,band_1.pdf
1,model,9,8,0.06430322,-0.28865547,band_1.pdf
1,model,9,9,0.07235157,-0.18232086,band_1.pdf
1,model,9,10,0.08842041,0.05667206,band_1.pdf
1,model,9,11,0.10451710,0.32041476,band_1.pdf
1,model,9,12,0.12058594,0.59673884,band_1.pdf
1,model,9,13,0.12863429,0.47495721,band_1.pdf
1,model,9,14,0.13665478,0.26346116,band_1.pdf
1,model,9,15,0.14470313,0.07497068,band_1.pdf
1,model,9,16,0.15275148,0.21116592,band_1.pdf
1,model,9,17,0.16079982,0.63377552,band_1.pdf
1,model,9,18,0.16882032,1.12835193,band_1.pdf
1,model,9,19,0.17686866,1.48752667,band_1.pdf
1,model,9,20,0.18491701,1.58624596,band_1.pdf
1,model,9,21,0.19293751,1.67421814,band_1.pdf
1,model,9,22,0.20098585,1.75056592,band_1.pdf
1,model,9,23,0.20903420,1.81463219,band_1.pdf
1,model,9,24,0.21705470,1.86623665,band_1.pdf
1,model,9,25,0.23315139,1.94195919,band_1.pdf
1,model,9,26,0.24117188,1.96385660,band_1.pdf
1,model,9,27,0.25256210,1.94115970,band_1.pdf
1,model,9,28,0.26392447,1.95687683,band_1.pdf
1,model,9,29,0.27528684,1.98936125,band_1.pdf
1,model,9,30,0.28664922,2.03381674,band_1.pdf
1,model,9,31,0.30372062,2.11772012,band_1.pdf
1,model,9,32,0.32644536,2.24809146,band_1.pdf
1,model,9,33,0.34919795,2.37832256,band_1.pdf
1,model,9,34,0.35487914,2.33462089,band_1.pdf
1,model,9,35,0.36624151,1.98159402,band_1.pdf
1,model,9,36,0.37192269,1.81845001,band_1.pdf
1,model,9,37,0.37760388,1.66778748,band_1.pdf
1,model,9,38,0.38328506,1.53248689,band_1.pdf
1,model,9,39,0.38896625,1.41561555,band_1.pdf
1,model,9,40,0.39467528,1.32030948,band_1.pdf
1,model,9,41,0.40035647,1.24957029,band_1.pdf
1,model,9,42,0.40603765,1.20595299,band_1.pdf
1,model,9,43,0.41171884,1.19120344,band_1.pdf
1,model,9,44,0.41740002,1.14126379,band_1.pdf
1,model,9,45,0.42308121,1.12527590,band_1.pdf
1,model,9,46,0.42876239,1.13206974,band_1.pdf
1,model,9,47,0.43444358,1.11259161,band_1.pdf
1,model,9,48,0.44015261,0.96532251,band_1.pdf
1,model,9,49,0.44583380,0.86026860,band_1.pdf
1,model,9,50,0.45151498,0.92040738,band_1.pdf
1,model,9,51,0.46287735,1.06425877,band_1.pdf
1,model,9,52,0.47423972,1.22530380,band_1.pdf
1,model,9,53,0.47992091,1.08947572,band_1.pdf
1,model,9,54,0.49699231,0.58419592,band_1.pdf
1,model,9,55,0.50835468,0.27559734,band_1.pdf
1,model,9,56,0.51971705,0.00044134,band_1.pdf
1,model,9,57,0.52539824,-0.12252643,band_1.pdf
1,model,9,58,0.53110727,-0.23473939,band_1.pdf
1,model,9,59,0.53678846,-0.33513546,band_1.pdf
1,model,9,60,0.54246965,-0.42106275,band_1.pdf
1,model,9,61,0.54815083,-0.47647325,band_1.pdf
1,model,9,62,0.55383202,-0.46381397,band_1.pdf
1,model,9,63,0.56519439,-0.40054061,band_1.pdf
1,model,9,64,0.57087557,-0.37769619,band_1.pdf
1,model,9,65,0.57658460,-0.36353847,band_1.pdf
1,model,9,66,0.58226579,-0.35875307,band_1.pdf
1,model,9,67,0.58922803,-0.36577153,band_1.pdf
1,model,9,68,0.59619027,-0.38641495,band_1.pdf
1,model,9,69,0.61011474,-0.45573776,band_1.pdf
1,model,9,70,0.61707697,-0.43340772,band_1.pdf
1,model,9,71,0.62403921,-0.31964241,band_1.pdf
1,model,9,72,0.63100145,-0.16938033,band_1.pdf
1,model,9,73,0.63796368,0.01018852,band_1.pdf
1,model,9,74,0.64492592,0.21935162,band_1.pdf
1,model,9,75,0.65188816,0.45995829,band_1.pdf
1,model,9,76,0.65885040,0.73478433,band_1.pdf
1,model,9,77,0.66581263,1.04746433,band_1.pdf
1,model,9,78,0.67277487,1.40095191,band_1.pdf
1,model,9,79,0.67973711,1.52247978,band_1.pdf
1,model,9,80,0.69366158,1.31871251,band_1.pdf
1,model,9,81,0.70062382,1.22859449,band_1.pdf
1,model,9,82,0.72151053,1.00833554,band_1.pdf
1,model,9,83,0.73543500,0.89047086,band_1.pdf
1,model,9,84,0.74935947,0.80072307,band_1.pdf
1,model,9,85,0.76328395,0.73814606,band_1.pdf
1,model,9,86,0.77720842,0.70137042,band_1.pdf
1,model,9,87,0.79113290,0.68831762,band_1.pdf
1,model,9,88,0.80505737,0.70020188,band_1.pdf
1,model,9,89,0.81898184,0.72723057,band_1.pdf
1,model,9,90,0.84683079,0.80089803,band_1.pdf
1,model,9,91,0.87467974,0.88065163,band_1.pdf
1,model,9,92,0.88860421,0.93457695,band_1.pdf
1,model,9,93,0.89556645,0.97036872,band_1.pdf
1,model,9,94,0.90252868,1.01410197,band_1.pdf
1,model,9,95,0.90949092,1.06674126,band_1.pdf
1,model,9,96,0.91645316,1.12852393,band_1.pdf
1,model,9,97,0.93037763,1.27662784,band_1.pdf
1,model,9,98,0.93733987,1.35982457,band_1.pdf
1,model,9,99,0.96518881,1.72193967,band_1.pdf
1,model,9,100,0.97215105,1.79810870,band_1.pdf
1,model,9,101,0.97911329,1.86204041,band_1.pdf
1,model,9,102,0.98607553,1.91116890,band_1.pdf
1,model,9,103,0.99303776,1.94546033,band_1.pdf
1,model,9,104,1.00000000,1.96385660,band_1.pdf
1,model,9,105,1.00000000,1.96385660,band_1.pdf
1,model,10,0,0.00000000,2.74704084,band_1.pdf
1,model,10,1,0.00804834,2.73375342,band_1.pdf
1,model,10,2,0.01606884,2.69323964,band_1.pdf
1,model,10,3,0.02411719,2.62824597,band_1.pdf
1,model,10,4,0.03216554,2.54225528,band_1.pdf
1,model,10,5,0.04018603,2.43938703,band_1.pdf
1,model,10,6,0.04823438,2.32397960,band_1.pdf
1,model,10,7,0.05628272,2.20021684,band_1.pdf
1,model,10,8,0.06430322,2.06611625,band_1.pdf
1,model,10,9,0.07235157,1.89870496,band_1.pdf
1,model,10,10,0.08039991,1.71803984,band_1.pdf
1,model,10,11,0.09646875,1.32504482,band_1.pdf
1,model,10,12,0.11253760,0.90443276,band_1.pdf
1,model,10,13,0.12058594,0.68957119,band_1.pdf
1,model,10,14,0.12863429,0.73576690,band_1.pdf
1,model,10,15,0.14470313,1.00788792,band_1.pdf
1,model,10,16,0.16079982,1.26217856,band_1.pdf
1,model,10,17,0.16882032,1.37912265,band_1.pdf
1,model,10,18,0.17686866,1.66376229,band_1.pdf
1,model,10,19,0.20098585,3.33888995,band_1.pdf
1,model,10,20,0.20903420,3.84694379,band_1.pdf
1,model,10,21,0.21705470,4.28444709,band_1.pdf
1,model,10,22,0.22510304,4.61846324,band_1.pdf
1,model,10,23,0.23315139,4.80368737,band_1.pdf
1,model,10,24,0.25256210,4.86056727,band_1.pdf
1,model,10,25,0.25824329,4.83452079,band_1.pdf
1,model,10,26,0.26392447,4.78225968,band_1.pdf
1,model,10,27,0.26960566,4.71108656,band_1.pdf
1,model,10,28,0.27528684,4.62317529,band_1.pdf
1,model,10,29,0.28096803,4.51983312,band_1.pdf
1,model,10,30,0.28664922,4.40217272,band_1.pdf
1,model,10,31,0.29233040,4.27130915,band_1.pdf
1,model,10,32,0.30372062,3.97460744,band_1.pdf
1,model,10,33,0.31508299,3.63966685,band_1.pdf
1,model,10,34,0.32644536,3.27749813,band_1.pdf
1,model,10,35,0.34919795,2.52125353,band_1.pdf
1,model,10,36,0.35487914,2.40913045,band_1.pdf
1,model,10,37,0.37192269,2.48597218,band_1.pdf
1,model,10,38,0.37760388,2.42978560,band_1.pdf
1,model,10,39,0.38896625,2.07713075,band_1.pdf
1,model,10,40,0.39467528,1.92146958,band_1.pdf
1,model,10,41,0.40035647,1.79059084,band_1.pdf
1,model,10,42,0.40603765,1.69909649,band_1.pdf
1,model,10,43,0.41740002,1.63205188,band_1.pdf
1,model,10,44,0.42308121,1.53684309,band_1.pdf
1,model,10,45,0.43444358,1.24789908,band_1.pdf
1,model,10,46,0.44015261,1.21531216,band_1.pdf
1,model,10,47,0.44583380,1.23747001,band_1.pdf
1,model,10,48,0.45151498,1.27237271,band_1.pdf
1,model,10,49,0.46855854,1.40246404,band_1.pdf
1,model,10,50,0.47423972,1.27643653,band_1.pdf
1,model,10,51,0.47992091,1.33378200,band_1.pdf
1,model,10,52,0.49131113,1.53489911,band_1.pdf
1,model,10,53,0.53110727,2.26846595,band_1.pdf
1,model,10,54,0.54246965,2.44482771,band_1.pdf
1,model,10,55,0.54815083,2.52104930,band_1.pdf
1,model,10,56,0.55383202,2.58774203,band_1.pdf
1,model,10,57,0.55951320,2.64385793,band_1.pdf
1,model,10,58,0.56519439,2.68849400,band_1.pdf
1,model,10,59,0.57087557,2.72090822,band_1.pdf
1,model,10,60,0.57658460,2.74053388,band_1.pdf
1,model,10,61,0.58226579,2.74704084,band_1.pdf
1,model,10,62,0.58922803,2.73763120,band_1.pdf
1,model,10,63,0.59619027,2.70964636,band_1.pdf
1,model,10,64,0.60315250,2.66382261,band_1.pdf
1,model,10,65,0.61011474,2.60137600,band_1.pdf
1,model,10,66,0.61707697,2.52397633,band_1.pdf
1,model,10,67,0.62403921,2.43363820,band_1.pdf
1,model,10,68,0.63100145,2.33263176,band_1.pdf
1,model,10,69,0.64492592,2.10829169,band_1.pdf
1,model,10,70,0.67277487,1.63731938,band_1.pdf
1,model,10,71,0.69366158,1.33389208,band_1.pdf
1,model,10,72,0.70062382,1.30746606,band_1.pdf
1,model,10,73,0.70758605,1.96663681,band_1.pdf
1,model,10,74,0.71454829,2.72696674,band_1.pdf
1,model,10,75,0.72151053,3.57350219,band_1.pdf
1,model,10,76,0.72847276,4.50229050,band_1.pdf
1,model,10,77,0.74239724,6.54651136,band_1.pdf
1,model,10,78,0.74935947,7.56156740,band_1.pdf
1,model,10,79,0.75583886,8.28298041,band_1.pdf
1,model,11,0,0.00000000,2.74776936,band_1.pdf
1,model,11,1,0.00804834,2.73599092,band_1.pdf
1,model,11,2,0.01606884,2.70224889,band_1.pdf
1,model,11,3,0.02411719,2.64647284,band_1.pdf
1,model,11,4,0.03216554,2.56925352,band_1.pdf
1,model,11,5,0.04018603,2.47142988,band_1.pdf
1,model,11,6,0.04823438,2.35408148,band_1.pdf
1,model,11,7,0.05628272,2.21848939,band_1.pdf
1,model,11,8,0.06430322,2.07202155,band_1.pdf
1,model,11,9,0.08039991,1.81619166,band_1.pdf
1,model,11,10,0.08842041,1.69540634,band_1.pdf
1,model,11,11,0.09646875,1.58431566,band_1.pdf
1,model,11,12,0.10451710,1.48749391,band_1.pdf
1,model,11,13,0.11253760,1.41082221,band_1.pdf
1,model,11,14,0.12058594,1.36207913,band_1.pdf
1,model,11,15,0.12863429,1.35158649,band_1.pdf
1,model,11,16,0.13665478,1.39246103,band_1.pdf
1,model,11,17,0.14470313,1.49968797,band_1.pdf
1,model,11,18,0.15275148,1.68703911,band_1.pdf
1,model,11,19,0.16079982,1.96210605,band_1.pdf
1,model,11,20,0.16882032,2.32239851,band_1.pdf
1,model,11,21,0.17686866,2.75512642,band_1.pdf
1,model,11,22,0.18491701,3.24016917,band_1.pdf
1,model,11,23,0.20098585,4.26561239,band_1.pdf
1,model,11,24,0.20903420,4.74757408,band_1.pdf
1,model,11,25,0.21705470,5.15932589,band_1.pdf
1,model,11,26,0.22510304,5.19553275,band_1.pdf
1,model,11,27,0.23315139,4.98626495,band_1.pdf
1,model,11,28,0.24117188,4.91220213,band_1.pdf
1,model,11,29,0.24685307,4.91326421,band_1.pdf
1,model,11,30,0.25256210,4.93021369,band_1.pdf
1,model,11,31,0.25824329,4.98014410,band_1.pdf
1,model,11,32,0.26392447,5.04654433,band_1.pdf
1,model,11,33,0.26960566,5.12773972,band_1.pdf
1,model,11,34,0.28096803,5.31276520,band_1.pdf
1,model,11,35,0.28664922,5.27607902,band_1.pdf
1,model,11,36,0.29233040,5.16045960,band_1.pdf
1,model,11,37,0.29801159,5.02521156,band_1.pdf
1,model,11,38,0.30372062,4.87708490,band_1.pdf
1,model,11,39,0.31508299,4.55001534,band_1.pdf
1,model,11,40,0.32644536,4.19055153,band_1.pdf
1,model,11,41,0.34348892,3.61147843,band_1.pdf
1,model,11,42,0.37192269,2.62173710,band_1.pdf
1,model,11,43,0.37760388,2.50949784,band_1.pdf
1,model,11,44,0.38896625,2.54181933,band_1.pdf
1,model,11,45,0.40035647,2.56247531,band_1.pdf
1,model,11,46,0.41171884,2.56947623,band_1.pdf
1,model,11,47,0.41740002,2.55494934,band_1.pdf
1,model,11,48,0.42308121,2.51189922,band_1.pdf
1,model,11,49,0.42876239,2.44187302,band_1.pdf
1,model,11,50,0.43444358,2.34728953,band_1.pdf
1,model,11,51,0.44015261,2.23118333,band_1.pdf
1,model,11,52,0.44583380,2.09699245,band_1.pdf
1,model,11,53,0.45719617,1.78883846,band_1.pdf
1,model,11,54,0.46287735,1.62272228,band_1.pdf
1,model,11,55,0.46855854,1.46942428,band_1.pdf
1,model,11,56,0.47423972,1.49416404,band_1.pdf
1,model,11,57,0.48562994,1.63641312,band_1.pdf
1,model,11,58,0.49699231,1.79993093,band_1.pdf
1,model,11,59,0.53678846,2.40424533,band_1.pdf
1,model,11,60,0.54815083,2.54550663,band_1.pdf
1,model,11,61,0.55383202,2.60467789,band_1.pdf
1,model,11,62,0.55951320,2.65473995,band_1.pdf
1,model,11,63,0.56519439,2.69474828,band_1.pdf
1,model,11,64,0.57087557,2.72392678,band_1.pdf
1,model,11,65,0.57658460,2.74172381,band_1.pdf
1,model,11,66,0.58226579,2.74776936,band_1.pdf
1,model,11,67,0.58922803,2.73836445,band_1.pdf
1,model,11,68,0.59619027,2.71043068,band_1.pdf
1,model,11,69,0.60315250,2.66478930,band_1.pdf
1,model,11,70,0.61011474,2.60271169,band_1.pdf
1,model,11,71,0.61707697,2.52586515,band_1.pdf
1,model,11,72,0.62403921,2.43624558,band_1.pdf
1,model,11,73,0.63796368,2.22783422,band_1.pdf
1,model,11,74,0.65885040,1.87851805,band_1.pdf
1,model,11,75,0.67277487,1.64871022,band_1.pdf
1,model,11,76,0.67973711,1.81288088,band_1.pdf
1,model,11,77,0.68669934,2.27051860,band_1.pdf
1,model,11,78,0.69366158,2.79221998,band_1.pdf
1,model,11,79,0.70062382,3.38359847,band_1.pdf
1,model,11,80,0.70758605,4.05089769,band_1.pdf
1,model,11,81,0.71454829,4.79883105,band_1.pdf
1,model,11,82,0.72151053,5.62960127,band_1.pdf
1,model,11,83,0.72847276,6.54099715,band_1.pdf
1,model,11,84,0.74060397,8.28298041,band_1.pdf
1,model,12,0,0.18265837,8.28298041,band_1.pdf
1,model,12,1,0.18491701,8.05319201,band_1.pdf
1,model,12,2,0.19293751,7.30355083,band_1.pdf
1,model,12,3,0.20098585,6.63342329,band_1.pdf
1,model,12,4,0.20903420,6.05474543,band_1.pdf
1,model,12,5,0.21705470,5.58175271,band_1.pdf
1,model,12,6,0.22510304,5.23310421,band_1.pdf
1,model,12,7,0.23315139,5.04268752,band_1.pdf
1,model,12,8,0.24117188,5.01733803,band_1.pdf
1,model,12,9,0.24685307,5.03804977,band_1.pdf
1,model,12,10,0.25256210,5.11782161,band_1.pdf
1,model,12,11,0.25824329,5.27607014,band_1.pdf
1,model,12,12,0.26392447,5.50094604,band_1.pdf
1,model,12,13,0.26960566,5.59625804,band_1.pdf
1,model,12,14,0.28096803,5.45463136,band_1.pdf
1,model,12,15,0.28664922,5.51692143,band_1.pdf
1,model,12,16,0.29233040,5.66436123,band_1.pdf
1,model,12,17,0.29801159,5.83848733,band_1.pdf
1,model,12,18,0.30372062,6.03298572,band_1.pdf
1,model,12,19,0.30940180,6.24582048,band_1.pdf
1,model,12,20,0.32076417,6.71957437,band_1.pdf
1,model,12,21,0.33212655,7.24325084,band_1.pdf
1,model,12,22,0.35358393,8.28298041,band_1.pdf
1,model,13,0,0.18265879,8.28298041,band_1.pdf
1,model,13,1,0.18491701,8.05323325,band_1.pdf
1,model,13,2,0.19293751,7.30364581,band_1.pdf
1,model,13,3,0.20098585,6.63375686,band_1.pdf
1,model,13,4,0.20903420,6.05614043,band_1.pdf
1,model,13,5,0.21705470,5.59176355,band_1.pdf
1,model,13,6,0.22510304,5.52781939,band_1.pdf
1,model,13,7,0.23315139,5.70985124,band_1.pdf
1,model,13,8,0.24685307,5.75734828,band_1.pdf
1,model,13,9,0.25256210,5.76456658,band_1.pdf
1,model,13,10,0.25824329,5.73340652,band_1.pdf
1,model,13,11,0.26392447,5.68872738,band_1.pdf
1,model,13,12,0.26960566,5.81809162,band_1.pdf
1,model,13,13,0.27528684,6.15182207,band_1.pdf
1,model,13,14,0.28096803,6.51036031,band_1.pdf
1,model,13,15,0.28664922,6.76413632,band_1.pdf
1,model,13,16,0.29801159,7.22587892,band_1.pdf
1,model,13,17,0.30940180,7.74061907,band_1.pdf
1,model,13,18,0.32030828,8.28298041,band_1.pdf
2,DFT,0,0,0.00000000,-8.50769996,band_2.pdf
2,DFT,0,1,0.00804834,-8.48509993,band_2.pdf
2,DFT,0,2,0.01606884,-8.41769996,band_2.pdf
2,DFT,0,3,0.02411719,-8.30599997,band_2.pdf
2,DFT,0,4,0.03216554,-8.15109996,band_2.pdf
2,DFT,0,5,0.04018603,-7.95449998,band_2.pdf
2,DFT,0,6,0.04823438,-7.71859997,band_2.pdf
2,DFT,0,7,0.05628272,-7.44629997,band_2.pdf
2,DFT,0,8,0.06430322,-7.14119998,band_2.pdf
2,DFT,0,9,0.07235157,-6.80849996,band_2.pdf
2,DFT,0,10,0.08842041,-6.08909996,band_2.pdf
2,DFT,0,11,0.10451710,-5.36899995,band_2.pdf
2,DFT,0,12,0.11253760,-5.04529994,band_2.pdf
2,DFT,0,13,0.12058594,-4.76800000,band_2.pdf
2,DFT,0,14,0.12863429,-4.55019996,band_2.pdf
2,DFT,0,15,0.13665478,-4.39800000,band_2.pdf
2,DFT,0,16,0.14470313,-4.31039996,band_2.pdf
2,DFT,0,17,0.15275148,-4.27840000,band_2.pdf
2,DFT,0,18,0.16079982,-4.29120000,band_2.pdf
2,DFT,0,19,0.16882032,-4.33699999,band_2.pdf
2,DFT,0,20,0.17686866,-4.40470000,band_2.pdf
2,DFT,0,21,0.20903420,-4.72509995,band_2.pdf
2,DFT,0,22,0.21705470,-4.78769995,band_2.pdf
2,DFT,0,23,0.22510304,-4.83450000,band_2.pdf
2,DFT,0,24,0.23315139,-4.86279997,band_2.pdf
2,DFT,0,25,0.24117188,-4.87239998,band_2.pdf
2,DFT,0,26,0.24685307,-4.86759995,band_2.pdf
2,DFT,0,27,0.25256210,-4.85309995,band_2.pdf
2,DFT,0,28,0.25824329,-4.82979997,band_2.pdf
2,DFT,0,29,0.26392447,-4.79779996,band_2.pdf
2,DFT,0,30,0.27528684,-4.71100000,band_2.pdf
2,DFT,0,31,0.28664922,-4.60159996,band_2.pdf
2,DFT,0,32,0.30372062,-4.42650000,band_2.pdf
2,DFT,0,33,0.30940180,-4.37549999,band_2.pdf
2,DFT,0,34,0.31508299,-4.33359999,band_2.pdf
2,DFT,0,35,0.32076417,-4.30419995,band_2.pdf
2,DFT,0,36,0.32644536,-4.29029996,band_2.pdf
2,DFT,0,37,0.33212655,-4.29419996,band_2.pdf
2,DFT,0,38,0.33780773,-4.31649995,band_2.pdf
2,DFT,0,39,0.34348892,-4.35629997,band_2.pdf
2,DFT,0,40,0.34919795,-4.41089995,band_2.pdf
2,DFT,0,41,0.36056032,-4.55000000,band_2.pdf
2,DFT,0,42,0.37760388,-4.77239999,band_2.pdf
2,DFT,0,43,0.38328506,-4.83679994,band_2.pdf
2,DFT,0,44,0.38896625,-4.89219995,band_2.pdf
2,DFT,0,45,0.39467528,-4.93689995,band_2.pdf
2,DFT,0,46,0.40035647,-4.96969999,band_2.pdf
2,DFT,0,47,0.40603765,-4.98969997,band_2.pdf
2,DFT,0,48,0.41171884,-4.99649998,band_2.pdf
2,DFT,0,49,0.42876239,-5.00049999,band_2.pdf
2,DFT,0,50,0.44015261,-5.01949999,band_2.pdf
2,DFT,0,51,0.44583380,-5.04190000,band_2.pdf
2,DFT,0,52,0.45151498,-5.07849997,band_2.pdf
2,DFT,0,53,0.45719617,-5.13449998,band_2.pdf
2,DFT,0,54,0.46287735,-5.21559998,band_2.pdf
2,DFT,0,55,0.46855854,-5.32609996,band_2.pdf
2,DFT,0,56,0.47423972,-5.46849995,band_2.pdf
2,DFT,0,57,0.47992091,-5.64179995,band_2.pdf
2,DFT,0,58,0.48562994,-5.84139996,band_2.pdf
2,DFT,0,59,0.49699231,-6.29279999,band_2.pdf
2,DFT,0,60,0.51403587,-6.99929999,band_2.pdf
2,DFT,0,61,0.52539824,-7.43189998,band_2.pdf
2,DFT,0,62,0.53110727,-7.62729995,band_2.pdf
2,DFT,0,63,0.53678846,-7.80599994,band_2.pdf
2,DFT,0,64,0.54246965,-7.96649994,band_2.pdf
2,DFT,0,65,0.54815083,-8.10769998,band_2.pdf
2,DFT,0,66,0.55383202,-8.22859994,band_2.pdf
2,DFT,0,67,0.55951320,-8.32839997,band_2.pdf
2,DFT,0,68,0.56519439,-8.40649995,band_2.pdf
2,DFT,0,69,0.57087557,-8.46259998,band_2.pdf
2,DFT,0,70,0.57658460,-8.49639994,band_2.pdf
2,DFT,0,71,0.58226579,-8.50769996,band_2.pdf
2,DFT,0,72,0.58922803,-8.49079994,band_2.pdf
2,DFT,0,73,0.59619027,-8.44019997,band_2.pdf
2,DFT,0,74,0.60315250,-8.35619996,band_2.pdf
2,DFT,0,75,0.61011474,-8.23969993,band_2.pdf
2,DFT,0,76,0.61707697,-8.09119995,band_2.pdf
2,DFT,0,77,0.62403921,-7.91229995,band_2.pdf
2,DFT,0,78,0.63100145,-7.70439995,band_2.pdf
2,DFT,0,79,0.63796368,-7.46929997,band_2.pdf
2,DFT,0,80,0.64492592,-7.20929997,band_2.pdf
2,DFT,0,81,0.65188816,-6.92699996,band_2.pdf
2,DFT,0,82,0.66581263,-6.30779998,band_2.pdf
2,DFT,0,83,0.70062382,-4.65649997,band_2.pdf
2,DFT,0,84,0.70758605,-4.35619996,band_2.pdf
2,DFT,0,85,0.71454829,-4.08149999,band_2.pdf
2,DFT,0,86,0.72151053,-3.83809996,band_2.pdf
2,DFT,0,87,0.72847276,-3.63170001,band_2.pdf
2,DFT,0,88,0.73543500,-3.53100000,band_2.pdf
2,DFT,0,89,0.74239724,-3.53839995,band_2.pdf
2,DFT,0,90,0.74935947,-3.53739996,band_2.pdf
2,DFT,0,91,0.75632171,-3.52859998,band_2.pdf
2,DFT,0,92,0.76328395,-3.51189999,band_2.pdf
2,DFT,0,93,0.77720842,-3.45809997,band_2.pdf
2,DFT,0,94,0.79113290,-3.38910001,band_2.pdf
2,DFT,0,95,0.79809513,-3.46379998,band_2.pdf
2,DFT,0,96,0.81201961,-3.63589998,band_2.pdf
2,DFT,0,97,0.81898184,-3.71349997,band_2.pdf
2,DFT,0,98,0.82594408,-3.77920000,band_2.pdf
2,DFT,0,99,0.83290632,-3.82909996,band_2.pdf
2,DFT,0,100,0.83986855,-3.85979995,band_2.pdf
2,DFT,0,101,0.84683079,-3.86860000,band_2.pdf
2,DFT,0,102,0.85379303,-3.85329997,band_2.pdf
2,DFT,0,103,0.86075526,-3.81229995,band_2.pdf
2,DFT,0,104,0.86771750,-3.74449999,band_2.pdf
2,DFT,0,105,0.87467974,-3.64969996,band_2.pdf
2,DFT,0,106,0.88164197,-3.52930000,band_2.pdf
2,DFT,0,107,0.88860421,-3.55589997,band_2.pdf
2,DFT,0,108,0.90252868,-3.76889997,band_2.pdf
2,DFT,0,109,0.93733987,-4.34079998,band_2.pdf
2,DFT,0,110,0.95126434,-4.53819999,band_2.pdf
2,DFT,0,111,0.95822658,-4.62309998,band_2.pdf
2,DFT,0,112,0.96518881,-4.69709995,band_2.pdf
2,DFT,0,113,0.97215105,-4.75899999,band_2.pdf
2,DFT,0,114,0.97911329,-4.80809998,band_2.pdf
2,DFT,0,115,0.98607553,-4.84369996,band_2.pdf
2,DFT,0,116,0.99303776,-4.86519999,band_2.pdf
2,DFT,0,117,1.00000000,-4.87239998,band_2.pdf
2,DFT,1,0,0.00000000,-8.35509996,band_2.pdf
2,DFT,1,1,0.00804834,-8.33239998,band_2.pdf
2,DFT,1,2,0.01606884,-8.26459996,band_2.pdf
2,DFT,1,3,0.02411719,-8.15209995,band_2.pdf
2,DFT,1,4,0.03216554,-7.99589998,band_2.pdf
2,DFT,1,5,0.04018603,-7.79719995,band_2.pdf
2,DFT,1,6,0.04823438,-7.55779994,band_2.pdf
2,DFT,1,7,0.05628272,-7.27999994,band_2.pdf
2,DFT,1,8,0.06430322,-6.96649994,band_2.pdf
2,DFT,1,9,0.07235157,-6.62059996,band_2.pdf
2,DFT,1,10,0.08039991,-6.24689998,band_2.pdf
2,DFT,1,11,0.09646875,-5.43839996,band_2.pdf
2,DFT,1,12,0.11253760,-4.60179998,band_2.pdf
2,DFT,1,13,0.12058594,-4.20029996,band_2.pdf
2,DFT,1,14,0.12863429,-3.82809997,band_2.pdf
2,DFT,1,15,0.13665478,-3.49959999,band_2.pdf
2,DFT,1,16,0.14470313,-3.65889999,band_2.pdf
2,DFT,1,17,0.16079982,-3.99819999,band_2.pdf
2,DFT,1,18,0.16882032,-4.15329996,band_2.pdf
2,DFT,1,19,0.17686866,-4.29639996,band_2.pdf
2,DFT,1,20,0.18491701,-4.42609996,band_2.pdf
2,DFT,1,21,0.19293751,-4.54110000,band_2.pdf
2,DFT,1,22,0.20098585,-4.64029997,band_2.pdf
2,DFT,1,23,0.20903420,-4.72269999,band_2.pdf
2,DFT,1,24,0.21705470,-4.78700000,band_2.pdf
2,DFT,1,25,0.22510304,-4.83359996,band_2.pdf
2,DFT,1,26,0.23315139,-4.86239999,band_2.pdf
2,DFT,1,27,0.24117188,-4.87199994,band_2.pdf
2,DFT,1,28,0.24685307,-4.86719997,band_2.pdf
2,DFT,1,29,0.25256210,-4.85289999,band_2.pdf
2,DFT,1,30,0.25824329,-4.82859996,band_2.pdf
2,DFT,1,31,0.26392447,-4.79459997,band_2.pdf
2,DFT,1,32,0.26960566,-4.75079995,band_2.pdf
2,DFT,1,33,0.27528684,-4.69739998,band_2.pdf
2,DFT,1,34,0.28096803,-4.63419998,band_2.pdf
2,DFT,1,35,0.28664922,-4.56120000,band_2.pdf
2,DFT,1,36,0.29233040,-4.47859995,band_2.pdf
2,DFT,1,37,0.29801159,-4.38629995,band_2.pdf
2,DFT,1,38,0.30372062,-4.28429998,band_2.pdf
2,DFT,1,39,0.30940180,-4.17270000,band_2.pdf
2,DFT,1,40,0.32076417,-3.92089997,band_2.pdf
2,DFT,1,41,0.33212655,-3.63129996,band_2.pdf
2,DFT,1,42,0.34348892,-3.30520000,band_2.pdf
2,DFT,1,43,0.35487914,-2.94399999,band_2.pdf
2,DFT,1,44,0.36056032,-3.03920001,band_2.pdf
2,DFT,1,45,0.37192269,-3.25089999,band_2.pdf
2,DFT,1,46,0.37760388,-3.34550001,band_2.pdf
2,DFT,1,47,0.38328506,-3.42930000,band_2.pdf
2,DFT,1,48,0.38896625,-3.50019999,band_2.pdf
2,DFT,1,49,0.39467528,-3.55680001,band_2.pdf
2,DFT,1,50,0.40035647,-3.59799999,band_2.pdf
2,DFT,1,51,0.40603765,-3.62289996,band_2.pdf
2,DFT,1,52,0.41740002,-3.63879999,band_2.pdf
2,DFT,1,53,0.42308121,-3.66199996,band_2.pdf
2,DFT,1,54,0.42876239,-3.70289997,band_2.pdf
2,DFT,1,55,0.43444358,-3.76429996,band_2.pdf
2,DFT,1,56,0.44015261,-3.84969995,band_2.pdf
2,DFT,1,57,0.44583380,-3.96289998,band_2.pdf
2,DFT,1,58,0.45151498,-4.10620000,band_2.pdf
2,DFT,1,59,0.45719617,-4.28039998,band_2.pdf
2,DFT,1,60,0.46287735,-4.48379997,band_2.pdf
2,DFT,1,61,0.46855854,-4.71259999,band_2.pdf
2,DFT,1,62,0.47992091,-5.22439997,band_2.pdf
2,DFT,1,63,0.50835468,-6.56629995,band_2.pdf
2,DFT,1,64,0.51971705,-7.04569999,band_2.pdf
2,DFT,1,65,0.52539824,-7.26319993,band_2.pdf
2,DFT,1,66,0.53110727,-7.46369997,band_2.pdf
2,DFT,1,67,0.53678846,-7.64599998,band_2.pdf
2,DFT,1,68,0.54246965,-7.80899996,band_2.pdf
2,DFT,1,69,0.54815083,-7.95199995,band_2.pdf
2,DFT,1,70,0.55383202,-8.07399996,band_2.pdf
2,DFT,1,71,0.55951320,-8.17459996,band_2.pdf
2,DFT,1,72,0.56519439,-8.25329995,band_2.pdf
2,DFT,1,73,0.57087557,-8.30979995,band_2.pdf
2,DFT,1,74,0.57658460,-8.34379994,band_2.pdf
2,DFT,1,75,0.58226579,-8.35509996,band_2.pdf
2,DFT,1,76,0.58922803,-8.33809993,band_2.pdf
2,DFT,1,77,0.59619027,-8.28719993,band_2.pdf
2,DFT,1,78,0.60315250,-8.20269998,band_2.pdf
2,DFT,1,79,0.61011474,-8.08519997,band_2.pdf
2,DFT,1,80,0.61707697,-7.93539997,band_2.pdf
2,DFT,1,81,0.62403921,-7.75429997,band_2.pdf
2,DFT,1,82,0.63100145,-7.54319993,band_2.pdf
2,DFT,1,83,0.63796368,-7.30359995,band_2.pdf
2,DFT,1,84,0.64492592,-7.03709996,band_2.pdf
2,DFT,1,85,0.65188816,-6.74559993,band_2.pdf
2,DFT,1,86,0.65885040,-6.43139999,band_2.pdf
2,DFT,1,87,0.67277487,-5.74579995,band_2.pdf
2,DFT,1,88,0.68669934,-5.00589997,band_2.pdf
2,DFT,1,89,0.70758605,-3.87119997,band_2.pdf
2,DFT,1,90,0.71454829,-3.50980000,band_2.pdf
2,DFT,1,91,0.72151053,-3.48439998,band_2.pdf
2,DFT,1,92,0.72847276,-3.51169997,band_2.pdf
2,DFT,1,93,0.73543500,-3.52880000,band_2.pdf
2,DFT,1,94,0.74239724,-3.53749998,band_2.pdf
2,DFT,1,95,0.74935947,-3.53720000,band_2.pdf
2,DFT,1,96,0.75632171,-3.52719995,band_2.pdf
2,DFT,1,97,0.76328395,-3.50879996,band_2.pdf
2,DFT,1,98,0.77720842,-3.45099999,band_2.pdf
2,DFT,1,99,0.81201961,-3.26869998,band_2.pdf
2,DFT,1,100,0.81898184,-3.23629998,band_2.pdf
2,DFT,1,101,0.82594408,-3.21080001,band_2.pdf
2,DFT,1,102,0.83290632,-3.19450000,band_2.pdf
2,DFT,1,103,0.83986855,-3.18939999,band_2.pdf
2,DFT,1,104,0.84683079,-3.19749996,band_2.pdf
2,DFT,1,105,0.85379303,-3.21999998,band_2.pdf
2,DFT,1,106,0.86075526,-3.25799997,band_2.pdf
2,DFT,1,107,0.86771750,-3.31140001,band_2.pdf
2,DFT,1,108,0.87467974,-3.37950000,band_2.pdf
2,DFT,1,109,0.88860421,-3.53389995,band_2.pdf
2,DFT,1,110,0.90252868,-3.75329998,band_2.pdf
2,DFT,1,111,0.93733987,-4.33599995,band_2.pdf
2,DFT,1,112,0.94430211,-4.43999995,band_2.pdf
2,DFT,1,113,0.95126434,-4.53559995,band_2.pdf
2,DFT,1,114,0.95822658,-4.62129997,band_2.pdf
2,DFT,1,115,0.96518881,-4.69579999,band_2.pdf
2,DFT,1,116,0.97215105,-4.75819997,band_2.pdf
2,DFT,1,117,0.97911329,-4.80749998,band_2.pdf
2,DFT,1,118,0.98607553,-4.84319997,band_2.pdf
2,DFT,1,119,0.99303776,-4.86479995,band_2.pdf
2,DFT,1,120,1.00000000,-4.87199994,band_2.pdf
2,DFT,2,0,0.00000000,-2.53119996,band_2.pdf
2,DFT,2,1,0.01606884,-2.52199999,band_2.pdf
2,DFT,2,2,0.05628272,-2.48559998,band_2.pdf
2,DFT,2,3,0.06430322,-2.46929997,band_2.pdf
2,DFT,2,4,0.07235157,-2.44599999,band_2.pdf
2,DFT,2,5,0.08039991,-2.41519999,band_2.pdf
2,DFT,2,6,0.08842041,-2.39800000,band_2.pdf
2,DFT,2,7,0.09646875,-2.54969997,band_2.pdf
2,DFT,2,8,0.11253760,-2.91680001,band_2.pdf
2,DFT,2,9,0.13665478,-3.47819997,band_2.pdf
2,DFT,2,10,0.14470313,-3.22810000,band_2.pdf
2,DFT,2,11,0.15275148,-3.02049998,band_2.pdf
2,DFT,2,12,0.16079982,-2.87829996,band_2.pdf
2,DFT,2,13,0.16882032,-2.79579998,band_2.pdf
2,DFT,2,14,0.17686866,-2.76240000,band_2.pdf
2,DFT,2,15,0.18491701,-2.76559998,band_2.pdf
2,DFT,2,16,0.19293751,-2.79359999,band_2.pdf
2,DFT,2,17,0.22510304,-2.95810000,band_2.pdf
2,DFT,2,18,0.23315139,-2.98029999,band_2.pdf
2,DFT,2,19,0.24117188,-2.98830000,band_2.pdf
2,DFT,2,20,0.24685307,-2.98339996,band_2.pdf
2,DFT,2,21,0.25256210,-2.97049995,band_2.pdf
2,DFT,2,22,0.25824329,-2.94889998,band_2.pdf
2,DFT,2,23,0.26392447,-2.91859996,band_2.pdf
2,DFT,2,24,0.26960566,-2.87969999,band_2.pdf
2,DFT,2,25,0.27528684,-2.83219999,band_2.pdf
2,DFT,2,26,0.28096803,-2.77590001,band_2.pdf
2,DFT,2,27,0.29233040,-2.64400001,band_2.pdf
2,DFT,2,28,0.29801159,-2.58949998,band_2.pdf
2,DFT,2,29,0.30372062,-2.54259998,band_2.pdf
2,DFT,2,30,0.30940180,-2.50760001,band_2.pdf
2,DFT,2,31,0.31508299,-2.48899999,band_2.pdf
2,DFT,2,32,0.32076417,-2.49080000,band_2.pdf
2,DFT,2,33,0.32644536,-2.51540000,band_2.pdf
2,DFT,2,34,0.33212655,-2.56350001,band_2.pdf
2,DFT,2,35,0.33780773,-2.63309998,band_2.pdf
2,DFT,2,36,0.34348892,-2.72069996,band_2.pdf
2,DFT,2,37,0.35487914,-2.92879998,band_2.pdf
2,DFT,2,38,0.36056032,-2.98959996,band_2.pdf
2,DFT,2,39,0.36624151,-3.09959995,band_2.pdf
2,DFT,2,40,0.37192269,-3.19790000,band_2.pdf
2,DFT,2,41,0.37760388,-3.28400000,band_2.pdf
2,DFT,2,42,0.38328506,-3.35759998,band_2.pdf
2,DFT,2,43,0.38896625,-3.41829996,band_2.pdf
2,DFT,2,44,0.39467528,-3.46579996,band_2.pdf
2,DFT,2,45,0.40035647,-3.49979995,band_2.pdf
2,DFT,2,46,0.40603765,-3.52029999,band_2.pdf
2,DFT,2,47,0.41171884,-3.52719995,band_2.pdf
2,DFT,2,48,0.42308121,-3.51669996,band_2.pdf
2,DFT,2,49,0.43444358,-3.48570000,band_2.pdf
2,DFT,2,50,0.44583380,-3.43519997,band_2.pdf
2,DFT,2,51,0.45719617,-3.36709998,band_2.pdf
2,DFT,2,52,0.46855854,-3.28389999,band_2.pdf
2,DFT,2,53,0.48562994,-3.13799999,band_2.pdf
2,DFT,2,54,0.53110727,-2.72629996,band_2.pdf
2,DFT,2,55,0.54246965,-2.64369998,band_2.pdf
2,DFT,2,56,0.55383202,-2.57899999,band_2.pdf
2,DFT,2,57,0.55951320,-2.55510000,band_2.pdf
2,DFT,2,58,0.56519439,-2.53830000,band_2.pdf
2,DFT,2,59,0.57087557,-2.53039999,band_2.pdf
2,DFT,2,60,0.59619027,-2.53539999,band_2.pdf
2,DFT,2,61,0.60315250,-2.54869998,band_2.pdf
2,DFT,2,62,0.61011474,-2.56989997,band_2.pdf
2,DFT,2,63,0.61707697,-2.59879996,band_2.pdf
2,DFT,2,64,0.62403921,-2.63569996,band_2.pdf
2,DFT,2,65,0.63100145,-2.68080000,band_2.pdf
2,DFT,2,66,0.63796368,-2.73379999,band_2.pdf
2,DFT,2,67,0.65188816,-2.85999997,band_2.pdf
2,DFT,2,68,0.67277487,-3.07770000,band_2.pdf
2,DFT,2,69,0.68669934,-3.22179999,band_2.pdf
2,DFT,2,70,0.70062382,-3.34899996,band_2.pdf
2,DFT,2,71,0.70758605,-3.40239999,band_2.pdf
2,DFT,2,72,0.71454829,-3.44739996,band_2.pdf
2,DFT,2,73,0.72151053,-3.48159998,band_2.pdf
2,DFT,2,74,0.72847276,-3.50889997,band_2.pdf
2,DFT,2,75,0.73543500,-3.46079996,band_2.pdf
2,DFT,2,76,0.74239724,-3.33449997,band_2.pdf
2,DFT,2,77,0.74935947,-3.24710000,band_2.pdf
2,DFT,2,78,0.75632171,-3.19779999,band_2.pdf
2,DFT,2,79,0.76328395,-3.18319998,band_2.pdf
2,DFT,2,80,0.77024618,-3.19900000,band_2.pdf
2,DFT,2,81,0.77720842,-3.24019998,band_2.pdf
2,DFT,2,82,0.79113290,-3.36759998,band_2.pdf
2,DFT,2,83,0.82594408,-3.18209999,band_2.pdf
2,DFT,2,84,0.83290632,-3.16320000,band_2.pdf
2,DFT,2,85,0.83986855,-3.15619997,band_2.pdf
2,DFT,2,86,0.84683079,-3.16330001,band_2.pdf
2,DFT,2,87,0.85379303,-3.18589997,band_2.pdf
2,DFT,2,88,0.86075526,-3.22489996,band_2.pdf
2,DFT,2,89,0.86771750,-3.28029997,band_2.pdf
2,DFT,2,90,0.87467974,-3.35110001,band_2.pdf
2,DFT,2,91,0.88164197,-3.43540000,band_2.pdf
2,DFT,2,92,0.88860421,-3.37709998,band_2.pdf
2,DFT,2,93,0.89556645,-3.20389999,band_2.pdf
2,DFT,2,94,0.90252868,-3.00659999,band_2.pdf
2,DFT,2,95,0.90949092,-2.78829996,band_2.pdf
2,DFT,2,96,0.92341540,-2.31200001,band_2.pdf
2,DFT,2,97,0.93037763,-2.37199997,band_2.pdf
2,DFT,2,98,0.94430211,-2.57020001,band_2.pdf
2,DFT,2,99,0.95126434,-2.66080001,band_2.pdf
2,DFT,2,100,0.95822658,-2.74290000,band_2.pdf
2,DFT,2,101,0.96518881,-2.81519996,band_2.pdf
2,DFT,2,102,0.97215105,-2.87609996,band_2.pdf
2,DFT,2,103,0.97911329,-2.92460001,band_2.pdf
2,DFT,2,104,0.98607553,-2.95980000,band_2.pdf
2,DFT,2,105,0.99303776,-2.98119996,band_2.pdf
2,DFT,2,106,1.00000000,-2.98830000,band_2.pdf
2,DFT,3,0,0.00000000,-2.50489996,band_2.pdf
2,DFT,3,1,0.04018603,-2.50189999,band_2.pdf
2,DFT,3,2,0.05628272,-2.48549997,band_2.pdf
2,DFT,3,3,0.06430322,-2.46859996,band_2.pdf
2,DFT,3,4,0.07235157,-2.44429999,band_2.pdf
2,DFT,3,5,0.08039991,-2.41140000,band_2.pdf
2,DFT,3,6,0.08842041,-2.36850001,band_2.pdf
2,DFT,3,7,0.09646875,-2.31439997,band_2.pdf
2,DFT,3,8,0.10451710,-2.24820000,band_2.pdf
2,DFT,3,9,0.11253760,-2.16899996,band_2.pdf
2,DFT,3,10,0.12058594,-2.07649999,band_2.pdf
2,DFT,3,11,0.12863429,-1.97050001,band_2.pdf
2,DFT,3,12,0.13665478,-1.85149996,band_2.pdf
2,DFT,3,13,0.14470313,-1.72129996,band_2.pdf
2,DFT,3,14,0.15275148,-1.71809998,band_2.pdf
2,DFT,3,15,0.16882032,-2.11049998,band_2.pdf
2,DFT,3,16,0.17686866,-2.28649997,band_2.pdf
2,DFT,3,17,0.18491701,-2.44550000,band_2.pdf
2,DFT,3,18,0.19293751,-2.58599996,band_2.pdf
2,DFT,3,19,0.20098585,-2.70689998,band_2.pdf
2,DFT,3,20,0.20903420,-2.80709999,band_2.pdf
2,DFT,3,21,0.21705470,-2.88589999,band_2.pdf
2,DFT,3,22,0.22510304,-2.94259996,band_2.pdf
2,DFT,3,23,0.23315139,-2.97669996,band_2.pdf
2,DFT,3,24,0.24117188,-2.98770000,band_2.pdf
2,DFT,3,25,0.24685307,-2.98309999,band_2.pdf
2,DFT,3,26,0.25256210,-2.96749999,band_2.pdf
2,DFT,3,27,0.25824329,-2.94199995,band_2.pdf
2,DFT,3,28,0.26392447,-2.90720000,band_2.pdf
2,DFT,3,29,0.27528684,-2.81440000,band_2.pdf
2,DFT,3,30,0.28664922,-2.70160001,band_2.pdf
2,DFT,3,31,0.29233040,-2.63679995,band_2.pdf
2,DFT,3,32,0.29801159,-2.55439999,band_2.pdf
2,DFT,3,33,0.30372062,-2.46309997,band_2.pdf
2,DFT,3,34,0.31508299,-2.25430000,band_2.pdf
2,DFT,3,35,0.32076417,-2.13760001,band_2.pdf
2,DFT,3,36,0.32644536,-2.13030001,band_2.pdf
2,DFT,3,37,0.33780773,-2.44849996,band_2.pdf
2,DFT,3,38,0.34919795,-2.73780000,band_2.pdf
2,DFT,3,39,0.35487914,-2.86879996,band_2.pdf
2,DFT,3,40,0.36056032,-2.75109998,band_2.pdf
2,DFT,3,41,0.37192269,-2.34459997,band_2.pdf
2,DFT,3,42,0.38896625,-1.70990000,band_2.pdf
2,DFT,3,43,0.39467528,-1.57300001,band_2.pdf
2,DFT,3,44,0.40603765,-1.61789997,band_2.pdf
2,DFT,3,45,0.41171884,-1.62479999,band_2.pdf
2,DFT,3,46,0.42308121,-1.61289997,band_2.pdf
2,DFT,3,47,0.43444358,-1.57829998,band_2.pdf
2,DFT,3,48,0.44583380,-1.52890001,band_2.pdf
2,DFT,3,49,0.45151498,-1.55219999,band_2.pdf
2,DFT,3,50,0.45719617,-1.73740001,band_2.pdf
2,DFT,3,51,0.46287735,-1.95889997,band_2.pdf
2,DFT,3,52,0.46855854,-2.16160001,band_2.pdf
2,DFT,3,53,0.47423972,-2.32810000,band_2.pdf
2,DFT,3,54,0.47992091,-2.45400001,band_2.pdf
2,DFT,3,55,0.48562994,-2.54089998,band_2.pdf
2,DFT,3,56,0.49131113,-2.59399998,band_2.pdf
2,DFT,3,57,0.49699231,-2.62039999,band_2.pdf
2,DFT,3,58,0.50267350,-2.62709999,band_2.pdf
2,DFT,3,59,0.50835468,-2.62039999,band_2.pdf
2,DFT,3,60,0.51971705,-2.58729998,band_2.pdf
2,DFT,3,61,0.53678846,-2.53649999,band_2.pdf
2,DFT,3,62,0.54815083,-2.51699999,band_2.pdf
2,DFT,3,63,0.56519439,-2.50629999,band_2.pdf
2,DFT,3,64,0.59619027,-2.50559997,band_2.pdf
2,DFT,3,65,0.60315250,-2.51899997,band_2.pdf
2,DFT,3,66,0.61011474,-2.54199998,band_2.pdf
2,DFT,3,67,0.61707697,-2.57369996,band_2.pdf
2,DFT,3,68,0.62403921,-2.61380001,band_2.pdf
2,DFT,3,69,0.63100145,-2.66229999,band_2.pdf
2,DFT,3,70,0.64492592,-2.78210001,band_2.pdf
2,DFT,3,71,0.65885040,-2.92439999,band_2.pdf
2,DFT,3,72,0.68669934,-3.22069999,band_2.pdf
2,DFT,3,73,0.70062382,-3.34669996,band_2.pdf
2,DFT,3,74,0.70758605,-3.39979996,band_2.pdf
2,DFT,3,75,0.71454829,-3.44500001,band_2.pdf
2,DFT,3,76,0.72151053,-3.16699999,band_2.pdf
2,DFT,3,77,0.72847276,-2.85199995,band_2.pdf
2,DFT,3,78,0.73543500,-2.57089996,band_2.pdf
2,DFT,3,79,0.74239724,-2.32949997,band_2.pdf
2,DFT,3,80,0.74935947,-2.13250000,band_2.pdf
2,DFT,3,81,0.75632171,-1.98210000,band_2.pdf
2,DFT,3,82,0.76328395,-1.88619997,band_2.pdf
2,DFT,3,83,0.77024618,-1.88479999,band_2.pdf
2,DFT,3,84,0.78417066,-1.86229998,band_2.pdf
2,DFT,3,85,0.79113290,-1.84420002,band_2.pdf
2,DFT,3,86,0.79809513,-1.89359998,band_2.pdf
2,DFT,3,87,0.82594408,-2.14210001,band_2.pdf
2,DFT,3,88,0.83290632,-2.18209999,band_2.pdf
2,DFT,3,89,0.83986855,-2.20329998,band_2.pdf
2,DFT,3,90,0.84683079,-2.20209997,band_2.pdf
2,DFT,3,91,0.85379303,-2.17569996,band_2.pdf
2,DFT,3,92,0.86075526,-2.12200002,band_2.pdf
2,DFT,3,93,0.86771750,-2.03939997,band_2.pdf
2,DFT,3,94,0.87467974,-1.92719999,band_2.pdf
2,DFT,3,95,0.88164197,-1.78629998,band_2.pdf
2,DFT,3,96,0.88860421,-1.81440000,band_2.pdf
2,DFT,3,97,0.89556645,-1.88789997,band_2.pdf
2,DFT,3,98,0.90252868,-1.97260000,band_2.pdf
2,DFT,3,99,0.91645316,-2.16529998,band_2.pdf
2,DFT,3,100,0.94430211,-2.56860001,band_2.pdf
2,DFT,3,101,0.95126434,-2.65960000,band_2.pdf
2,DFT,3,102,0.95822658,-2.74199997,band_2.pdf
2,DFT,3,103,0.96518881,-2.81440000,band_2.pdf
2,DFT,3,104,0.97215105,-2.87540001,band_2.pdf
2,DFT,3,105,0.97911329,-2.92389999,band_2.pdf
2,DFT,3,106,0.98607553,-2.95920000,band_2.pdf
2,DFT,3,107,0.99303776,-2.98059996,band_2.pdf
2,DFT,3,108,1.00000000,-2.98770000,band_2.pdf
2,DFT,4,0,0.00000000,-2.47249996,band_2.pdf
2,DFT,4,1,0.00804834,-2.46939999,band_2.pdf
2,DFT,4,2,0.01606884,-2.45829999,band_2.pdf
2,DFT,4,3,0.02411719,-2.43509996,band_2.pdf
2,DFT,4,4,0.03216554,-2.39800000,band_2.pdf
2,DFT,4,5,0.04018603,-2.34789996,band_2.pdf
2,DFT,4,6,0.04823438,-2.28620000,band_2.pdf
2,DFT,4,7,0.05628272,-2.21379997,band_2.pdf
2,DFT,4,8,0.06430322,-2.13169998,band_2.pdf
2,DFT,4,9,0.07235157,-2.04099996,band_2.pdf
2,DFT,4,10,0.08039991,-2.19690002,band_2.pdf
2,DFT,4,11,0.08842041,-2.33999996,band_2.pdf
2,DFT,4,12,0.09646875,-2.31080000,band_2.pdf
2,DFT,4,13,0.10451710,-2.24639999,band_2.pdf
2,DFT,4,14,0.11253760,-2.16759999,band_2.pdf
2,DFT,4,15,0.12058594,-2.07509996,band_2.pdf
2,DFT,4,16,0.12863429,-1.96880001,band_2.pdf
2,DFT,4,17,0.13665478,-1.84920001,band_2.pdf
2,DFT,4,18,0.14470313,-1.71699998,band_2.pdf
2,DFT,4,19,0.15275148,-1.57329998,band_2.pdf
2,DFT,4,20,0.16882032,-1.25950001,band_2.pdf
2,DFT,4,21,0.19293751,-0.76829997,band_2.pdf
2,DFT,4,22,0.20098585,-0.61689998,band_2.pdf
2,DFT,4,23,0.20903420,-0.48169999,band_2.pdf
2,DFT,4,24,0.21705470,-0.37000000,band_2.pdf
2,DFT,4,25,0.22510304,-0.28989998,band_2.pdf
2,DFT,4,26,0.23315139,-0.24579998,band_2.pdf
2,DFT,4,27,0.24117188,-0.23260001,band_2.pdf
2,DFT,4,28,0.24685307,-0.23969999,band_2.pdf
2,DFT,4,29,0.25256210,-0.26749997,band_2.pdf
2,DFT,4,30,0.25824329,-0.32469999,band_2.pdf
2,DFT,4,31,0.26392447,-0.40899998,band_2.pdf
2,DFT,4,32,0.26960566,-0.51579999,band_2.pdf
2,DFT,4,33,0.27528684,-0.64130002,band_2.pdf
2,DFT,4,34,0.28096803,-0.78220002,band_2.pdf
2,DFT,4,35,0.29233040,-1.09740001,band_2.pdf
2,DFT,4,36,0.30940180,-1.61339996,band_2.pdf
2,DFT,4,37,0.32076417,-1.95860000,band_2.pdf
2,DFT,4,38,0.32644536,-2.00790001,band_2.pdf
2,DFT,4,39,0.33780773,-1.73149998,band_2.pdf
2,DFT,4,40,0.34348892,-1.65049998,band_2.pdf
2,DFT,4,41,0.34919795,-1.64319998,band_2.pdf
2,DFT,4,42,0.35487914,-1.61930000,band_2.pdf
2,DFT,4,43,0.36056032,-1.58300000,band_2.pdf
2,DFT,4,44,0.37760388,-1.45749997,band_2.pdf
2,DFT,4,45,0.38328506,-1.46390000,band_2.pdf
2,DFT,4,46,0.38896625,-1.50829996,band_2.pdf
2,DFT,4,47,0.39467528,-1.48800000,band_2.pdf
2,DFT,4,48,0.40035647,-1.32619997,band_2.pdf
2,DFT,4,49,0.40603765,-1.26440000,band_2.pdf
2,DFT,4,50,0.41171884,-1.25579998,band_2.pdf
2,DFT,4,51,0.42308121,-1.26529998,band_2.pdf
2,DFT,4,52,0.42876239,-1.27800002,band_2.pdf
2,DFT,4,53,0.43444358,-1.29779999,band_2.pdf
2,DFT,4,54,0.44015261,-1.32899998,band_2.pdf
2,DFT,4,55,0.44583380,-1.38420002,band_2.pdf
2,DFT,4,56,0.45151498,-1.45419997,band_2.pdf
2,DFT,4,57,0.45719617,-1.43809999,band_2.pdf
2,DFT,4,58,0.46287735,-1.40899998,band_2.pdf
2,DFT,4,59,0.46855854,-1.39499998,band_2.pdf
2,DFT,4,60,0.47423972,-1.40320002,band_2.pdf
2,DFT,4,61,0.50267350,-1.49080000,band_2.pdf
2,DFT,4,62,0.50835468,-1.59409999,band_2.pdf
2,DFT,4,63,0.51971705,-1.83149997,band_2.pdf
2,DFT,4,64,0.53110727,-2.04140000,band_2.pdf
2,DFT,4,65,0.53678846,-2.13379996,band_2.pdf
2,DFT,4,66,0.54246965,-2.21679999,band_2.pdf
2,DFT,4,67,0.54815083,-2.28960001,band_2.pdf
2,DFT,4,68,0.55383202,-2.35160000,band_2.pdf
2,DFT,4,69,0.55951320,-2.40190000,band_2.pdf
2,DFT,4,70,0.56519439,-2.43909997,band_2.pdf
2,DFT,4,71,0.57087557,-2.46170000,band_2.pdf
2,DFT,4,72,0.57658460,-2.47070000,band_2.pdf
2,DFT,4,73,0.58922803,-2.46999999,band_2.pdf
2,DFT,4,74,0.59619027,-2.45099999,band_2.pdf
2,DFT,4,75,0.60315250,-2.40470000,band_2.pdf
2,DFT,4,76,0.61011474,-2.33490001,band_2.pdf
2,DFT,4,77,0.61707697,-2.24380001,band_2.pdf
2,DFT,4,78,0.62403921,-2.13250000,band_2.pdf
2,DFT,4,79,0.63100145,-2.00159999,band_2.pdf
2,DFT,4,80,0.63796368,-1.85140001,band_2.pdf
2,DFT,4,81,0.64492592,-1.68279997,band_2.pdf
2,DFT,4,82,0.65188816,-1.49860000,band_2.pdf
2,DFT,4,83,0.65885040,-1.38180000,band_2.pdf
2,DFT,4,84,0.67973711,-1.34959997,band_2.pdf
2,DFT,4,85,0.68669934,-1.35929999,band_2.pdf
2,DFT,4,86,0.69366158,-1.41289998,band_2.pdf
2,DFT,4,87,0.71454829,-1.63489999,band_2.pdf
2,DFT,4,88,0.72151053,-1.69809999,band_2.pdf
2,DFT,4,89,0.72847276,-1.75269998,band_2.pdf
2,DFT,4,90,0.73543500,-1.79809999,band_2.pdf
2,DFT,4,91,0.74239724,-1.83379998,band_2.pdf
2,DFT,4,92,0.74935947,-1.85999997,band_2.pdf
2,DFT,4,93,0.75632171,-1.87679998,band_2.pdf
2,DFT,4,94,0.77024618,-1.88220002,band_2.pdf
2,DFT,4,95,0.77720842,-1.87389996,band_2.pdf
2,DFT,4,96,0.79113290,-1.83809996,band_2.pdf
2,DFT,4,97,0.79809513,-1.81749997,band_2.pdf
2,DFT,4,98,0.83290632,-1.67920001,band_2.pdf
2,DFT,4,99,0.83986855,-1.65979996,band_2.pdf
2,DFT,4,100,0.84683079,-1.64769998,band_2.pdf
2,DFT,4,101,0.85379303,-1.64439999,band_2.pdf
2,DFT,4,102,0.86075526,-1.65219999,band_2.pdf
2,DFT,4,103,0.86771750,-1.67219997,band_2.pdf
2,DFT,4,104,0.87467974,-1.70559996,band_2.pdf
2,DFT,4,105,0.88860421,-1.80249998,band_2.pdf
2,DFT,4,106,0.89556645,-1.87749999,band_2.pdf
2,DFT,4,107,0.90252868,-1.96359999,band_2.pdf
2,DFT,4,108,0.92341540,-2.25179997,band_2.pdf
2,DFT,4,109,0.93037763,-2.03640001,band_2.pdf
2,DFT,4,110,0.95126434,-1.24660001,band_2.pdf
2,DFT,4,111,0.95822658,-1.00149998,band_2.pdf
2,DFT,4,112,0.96518881,-0.77750000,band_2.pdf
2,DFT,4,113,0.97215105,-0.58190000,band_2.pdf
2,DFT,4,114,0.97911329,-0.42229997,band_2.pdf
2,DFT,4,115,0.98607553,-0.30679999,band_2.pdf
2,DFT,4,116,0.99303776,-0.24610002,band_2.pdf
2,DFT,4,117,1.00000000,-0.23260001,band_2.pdf
2,DFT,5,0,0.00000000,-1.30630000,band_2.pdf
2,DFT,5,1,0.00804834,-1.31470000,band_2.pdf
2,DFT,5,2,0.01606884,-1.34330001,band_2.pdf
2,DFT,5,3,0.02411719,-1.39109998,band_2.pdf
2,DFT,5,4,0.03216554,-1.45759998,band_2.pdf
2,DFT,5,5,0.04018603,-1.54209999,band_2.pdf
2,DFT,5,6,0.04823438,-1.64379999,band_2.pdf
2,DFT,5,7,0.05628272,-1.76169998,band_2.pdf
2,DFT,5,8,0.06430322,-1.89440000,band_2.pdf
2,DFT,5,9,0.07235157,-2.04030001,band_2.pdf
2,DFT,5,10,0.08842041,-1.83769998,band_2.pdf
2,DFT,5,11,0.10451710,-1.61260000,band_2.pdf
2,DFT,5,12,0.12863429,-1.26359998,band_2.pdf
2,DFT,5,13,0.13665478,-1.28190002,band_2.pdf
2,DFT,5,14,0.14470313,-1.49439997,band_2.pdf
2,DFT,5,15,0.15275148,-1.56929997,band_2.pdf
2,DFT,5,16,0.16079982,-1.41959998,band_2.pdf
2,DFT,5,17,0.18491701,-0.92800001,band_2.pdf
2,DFT,5,18,0.19293751,-0.76619998,band_2.pdf
2,DFT,5,19,0.20098585,-0.61359998,band_2.pdf
2,DFT,5,20,0.20903420,-0.47640002,band_2.pdf
2,DFT,5,21,0.21705470,-0.36079997,band_2.pdf
2,DFT,5,22,0.22510304,-0.27290001,band_2.pdf
2,DFT,5,23,0.23315139,-0.21779998,band_2.pdf
2,DFT,5,24,0.24117188,-0.19900000,band_2.pdf
2,DFT,5,25,0.24685307,-0.20839999,band_2.pdf
2,DFT,5,26,0.25256210,-0.23660002,band_2.pdf
2,DFT,5,27,0.25824329,-0.28290001,band_2.pdf
2,DFT,5,28,0.26392447,-0.34680003,band_2.pdf
2,DFT,5,29,0.26960566,-0.42689998,band_2.pdf
2,DFT,5,30,0.27528684,-0.52170002,band_2.pdf
2,DFT,5,31,0.28096803,-0.62909997,band_2.pdf
2,DFT,5,32,0.29233040,-0.87129999,band_2.pdf
2,DFT,5,33,0.30940180,-1.25019998,band_2.pdf
2,DFT,5,34,0.31508299,-1.36340001,band_2.pdf
2,DFT,5,35,0.32076417,-1.46240001,band_2.pdf
2,DFT,5,36,0.32644536,-1.54280000,band_2.pdf
2,DFT,5,37,0.33212655,-1.60160002,band_2.pdf
2,DFT,5,38,0.33780773,-1.63730001,band_2.pdf
2,DFT,5,39,0.34348892,-1.58030001,band_2.pdf
2,DFT,5,40,0.35487914,-1.25359998,band_2.pdf
2,DFT,5,41,0.36056032,-1.07919998,band_2.pdf
2,DFT,5,42,0.36624151,-1.13949997,band_2.pdf
2,DFT,5,43,0.37192269,-1.24200000,band_2.pdf
2,DFT,5,44,0.37760388,-1.32100002,band_2.pdf
2,DFT,5,45,0.38328506,-1.34560002,band_2.pdf
2,DFT,5,46,0.38896625,-1.32079999,band_2.pdf
2,DFT,5,47,0.40035647,-1.25249998,band_2.pdf
2,DFT,5,48,0.40603765,-1.16359998,band_2.pdf
2,DFT,5,49,0.41171884,-1.11470001,band_2.pdf
2,DFT,5,50,0.42876239,-1.12350000,band_2.pdf
2,DFT,5,51,0.44015261,-1.13970000,band_2.pdf
2,DFT,5,52,0.44583380,-1.15359999,band_2.pdf
2,DFT,5,53,0.45151498,-1.18390000,band_2.pdf
2,DFT,5,54,0.45719617,-1.23770001,band_2.pdf
2,DFT,5,55,0.46287735,-1.27039998,band_2.pdf
2,DFT,5,56,0.46855854,-1.27099999,band_2.pdf
2,DFT,5,57,0.47992091,-1.21080001,band_2.pdf
2,DFT,5,58,0.49131113,-1.22279998,band_2.pdf
2,DFT,5,59,0.49699231,-1.33799998,band_2.pdf
2,DFT,5,60,0.50267350,-1.46769998,band_2.pdf
2,DFT,5,61,0.50835468,-1.49849999,band_2.pdf
2,DFT,5,62,0.51971705,-1.49629999,band_2.pdf
2,DFT,5,63,0.53110727,-1.47020001,band_2.pdf
2,DFT,5,64,0.54246965,-1.42600001,band_2.pdf
2,DFT,5,65,0.55951320,-1.35299997,band_2.pdf
2,DFT,5,66,0.57087557,-1.31870001,band_2.pdf
2,DFT,5,67,0.58226579,-1.30630000,band_2.pdf
2,DFT,5,68,0.59619027,-1.31480001,band_2.pdf
2,DFT,5,69,0.61707697,-1.35029998,band_2.pdf
2,DFT,5,70,0.63100145,-1.37340000,band_2.pdf
2,DFT,5,71,0.64492592,-1.38300001,band_2.pdf
2,DFT,5,72,0.65188816,-1.37989998,band_2.pdf
2,DFT,5,73,0.65885040,-1.35050000,band_2.pdf
2,DFT,5,74,0.67973711,-1.30300000,band_2.pdf
2,DFT,5,75,0.68669934,-1.31519999,band_2.pdf
2,DFT,5,76,0.69366158,-1.39219998,band_2.pdf
2,DFT,5,77,0.70758605,-1.55709998,band_2.pdf
2,DFT,5,78,0.71454829,-1.62979998,band_2.pdf
2,DFT,5,79,0.72151053,-1.69420000,band_2.pdf
2,DFT,5,80,0.72847276,-1.74960000,band_2.pdf
2,DFT,5,81,0.73543500,-1.79529999,band_2.pdf
2,DFT,5,82,0.74239724,-1.83139996,band_2.pdf
2,DFT,5,83,0.74935947,-1.85769997,band_2.pdf
2,DFT,5,84,0.75632171,-1.87469999,band_2.pdf
2,DFT,5,85,0.76328395,-1.87609996,band_2.pdf
2,DFT,5,86,0.77024618,-1.81629996,band_2.pdf
2,DFT,5,87,0.77720842,-1.79380001,band_2.pdf
2,DFT,5,88,0.78417066,-1.80409997,band_2.pdf
2,DFT,5,89,0.79113290,-1.83759997,band_2.pdf
2,DFT,5,90,0.80505737,-1.78359999,band_2.pdf
2,DFT,5,91,0.83290632,-1.66719998,band_2.pdf
2,DFT,5,92,0.83986855,-1.64659999,band_2.pdf
2,DFT,5,93,0.84683079,-1.63349996,band_2.pdf
2,DFT,5,94,0.85379303,-1.62959996,band_2.pdf
2,DFT,5,95,0.86075526,-1.63709999,band_2.pdf
2,DFT,5,96,0.86771750,-1.65729999,band_2.pdf
2,DFT,5,97,0.87467974,-1.69119997,band_2.pdf
2,DFT,5,98,0.88164197,-1.73910001,band_2.pdf
2,DFT,5,99,0.88860421,-1.61239998,band_2.pdf
2,DFT,5,100,0.89556645,-1.41210001,band_2.pdf
2,DFT,5,101,0.90252868,-1.18529997,band_2.pdf
2,DFT,5,102,0.91645316,-0.70100001,band_2.pdf
2,DFT,5,103,0.92341540,-0.60660001,band_2.pdf
2,DFT,5,104,0.93733987,-0.49380002,band_2.pdf
2,DFT,5,105,0.95126434,-0.39360001,band_2.pdf
2,DFT,5,106,0.96518881,-0.31069999,band_2.pdf
2,DFT,5,107,0.97911329,-0.25060002,band_2.pdf
2,DFT,5,108,0.99303776,-0.20939998,band_2.pdf
2,DFT,5,109,1.00000000,-0.19900000,band_2.pdf
2,DFT,6,0,0.00000000,-1.29910001,band_2.pdf
2,DFT,6,1,0.00804834,-1.29649997,band_2.pdf
2,DFT,6,2,0.01606884,-1.28549999,band_2.pdf
2,DFT,6,3,0.02411719,-1.26680002,band_2.pdf
2,DFT,6,4,0.03216554,-1.24100001,band_2.pdf
2,DFT,6,5,0.04823438,-1.16929999,band_2.pdf
2,DFT,6,6,0.05628272,-1.12360001,band_2.pdf
2,DFT,6,7,0.06430322,-1.07050001,band_2.pdf
2,DFT,6,8,0.07235157,-1.00829999,band_2.pdf
2,DFT,6,9,0.08039991,-0.93379997,band_2.pdf
2,DFT,6,10,0.08842041,-0.84169999,band_2.pdf
2,DFT,6,11,0.09646875,-0.72379999,band_2.pdf
2,DFT,6,12,0.10451710,-0.56889999,band_2.pdf
2,DFT,6,13,0.11253760,-0.54589998,band_2.pdf
2,DFT,6,14,0.12863429,-1.01669999,band_2.pdf
2,DFT,6,15,0.13665478,-1.11279999,band_2.pdf
2,DFT,6,16,0.15275148,-0.89620002,band_2.pdf
2,DFT,6,17,0.16882032,-0.68470000,band_2.pdf
2,DFT,6,18,0.17686866,-0.58870001,band_2.pdf
2,DFT,6,19,0.18491701,-0.50090001,band_2.pdf
2,DFT,6,20,0.19293751,-0.42210001,band_2.pdf
2,DFT,6,21,0.20098585,-0.35330000,band_2.pdf
2,DFT,6,22,0.20903420,-0.29480002,band_2.pdf
2,DFT,6,23,0.21705470,-0.24610002,band_2.pdf
2,DFT,6,24,0.22510304,-0.20599997,band_2.pdf
2,DFT,6,25,0.23315139,-0.17539999,band_2.pdf
2,DFT,6,26,0.24117188,-0.16320000,band_2.pdf
2,DFT,6,27,0.26392447,-0.18170000,band_2.pdf
2,DFT,6,28,0.28096803,-0.16340002,band_2.pdf
2,DFT,6,29,0.30372062,-0.12140001,band_2.pdf
2,DFT,6,30,0.32644536,-0.06950002,band_2.pdf
2,DFT,6,31,0.33780773,-0.42469999,band_2.pdf
2,DFT,6,32,0.34919795,-0.74580001,band_2.pdf
2,DFT,6,33,0.35487914,-0.88969998,band_2.pdf
2,DFT,6,34,0.36056032,-1.02140002,band_2.pdf
2,DFT,6,35,0.36624151,-0.89840001,band_2.pdf
2,DFT,6,36,0.39467528,0.02910000,band_2.pdf
2,DFT,6,37,0.40035647,0.05359999,band_2.pdf
2,DFT,6,38,0.41171884,0.05710001,band_2.pdf
2,DFT,6,39,0.41740002,0.04849999,band_2.pdf
2,DFT,6,40,0.42308121,0.02240000,band_2.pdf
2,DFT,6,41,0.42876239,-0.12300000,band_2.pdf
2,DFT,6,42,0.43444358,-0.38039997,band_2.pdf
2,DFT,6,43,0.44583380,-0.91659999,band_2.pdf
2,DFT,6,44,0.45151498,-1.08929999,band_2.pdf
2,DFT,6,45,0.45719617,-1.14179998,band_2.pdf
2,DFT,6,46,0.46855854,-1.17290002,band_2.pdf
2,DFT,6,47,0.47423972,-1.18280000,band_2.pdf
2,DFT,6,48,0.47992091,-1.17599999,band_2.pdf
2,DFT,6,49,0.48562994,-1.12760002,band_2.pdf
2,DFT,6,50,0.49131113,-1.20640001,band_2.pdf
2,DFT,6,51,0.49699231,-1.23229998,band_2.pdf
2,DFT,6,52,0.52539824,-1.27139997,band_2.pdf
2,DFT,6,53,0.54815083,-1.28979997,band_2.pdf
2,DFT,6,54,0.57658460,-1.29889998,band_2.pdf
2,DFT,6,55,0.58922803,-1.30130000,band_2.pdf
2,DFT,6,56,0.60315250,-1.31650001,band_2.pdf
2,DFT,6,57,0.63100145,-1.35400002,band_2.pdf
2,DFT,6,58,0.64492592,-1.35539999,band_2.pdf
2,DFT,6,59,0.65188816,-1.34770000,band_2.pdf
2,DFT,6,60,0.65885040,-1.27280000,band_2.pdf
2,DFT,6,61,0.66581263,-1.07149999,band_2.pdf
2,DFT,6,62,0.67277487,-1.09809997,band_2.pdf
2,DFT,6,63,0.67973711,-1.18969996,band_2.pdf
2,DFT,6,64,0.68669934,-1.25749998,band_2.pdf
2,DFT,6,65,0.69366158,-1.26419998,band_2.pdf
2,DFT,6,66,0.70758605,-1.23420000,band_2.pdf
2,DFT,6,67,0.73543500,-1.16040000,band_2.pdf
2,DFT,6,68,0.75632171,-1.11960000,band_2.pdf
2,DFT,6,69,0.77720842,-1.09560000,band_2.pdf
2,DFT,6,70,0.79113290,-1.08850002,band_2.pdf
2,DFT,6,71,0.83986855,-1.10159999,band_2.pdf
2,DFT,6,72,0.85379303,-1.07600000,band_2.pdf
2,DFT,6,73,0.86075526,-1.05310000,band_2.pdf
2,DFT,6,74,0.86771750,-1.02259997,band_2.pdf
2,DFT,6,75,0.88164197,-0.94059998,band_2.pdf
2,DFT,6,76,0.89556645,-0.83489998,band_2.pdf
2,DFT,6,77,0.94430211,-0.42030000,band_2.pdf
2,DFT,6,78,0.95822658,-0.31970000,band_2.pdf
2,DFT,6,79,0.97215105,-0.24200000,band_2.pdf
2,DFT,6,80,0.98607553,-0.19039998,band_2.pdf
2,DFT,6,81,0.99303776,-0.17259999,band_2.pdf
2,DFT,6,82,1.00000000,-0.16320000,band_2.pdf
2,DFT,7,0,0.00000000,-0.38360002,band_2.pdf
2,DFT,7,1,0.03216554,-0.37750002,band_2.pdf
2,DFT,7,2,0.04823438,-0.38379998,band_2.pdf
2,DFT,7,3,0.06430322,-0.37429998,band_2.pdf
2,DFT,7,4,0.07235157,-0.35879999,band_2.pdf
2,DFT,7,5,0.08039991,-0.33370000,band_2.pdf
2,DFT,7,6,0.08842041,-0.29750001,band_2.pdf
2,DFT,7,7,0.09646875,-0.25000001,band_2.pdf
2,DFT,7,8,0.11253760,-0.36410002,band_2.pdf
2,DFT,7,9,0.12058594,-0.10570001,band_2.pdf
2,DFT,7,10,0.12863429,0.09089998,band_2.pdf
2,DFT,7,11,0.13665478,0.22870001,band_2.pdf
2,DFT,7,12,0.14470313,0.37659998,band_2.pdf
2,DFT,7,13,0.15275148,0.53879999,band_2.pdf
2,DFT,7,14,0.16079982,0.71469998,band_2.pdf
2,DFT,7,15,0.17686866,1.09860002,band_2.pdf
2,DFT,7,16,0.20098585,1.69349998,band_2.pdf
2,DFT,7,17,0.20903420,1.87079999,band_2.pdf
2,DFT,7,18,0.21705470,2.02219998,band_2.pdf
2,DFT,7,19,0.22510304,2.13519999,band_2.pdf
2,DFT,7,20,0.23315139,2.19850001,band_2.pdf
2,DFT,7,21,0.24117188,2.21649996,band_2.pdf
2,DFT,7,22,0.24685307,2.20690001,band_2.pdf
2,DFT,7,23,0.25256210,2.16770000,band_2.pdf
2,DFT,7,24,0.25824329,2.09000000,band_2.pdf
2,DFT,7,25,0.26392447,1.97940001,band_2.pdf
2,DFT,7,26,0.26960566,1.84240000,band_2.pdf
2,DFT,7,27,0.27528684,1.68430001,band_2.pdf
2,DFT,7,28,0.28664922,1.32289998,band_2.pdf
2,DFT,7,29,0.30372062,0.72419998,band_2.pdf
2,DFT,7,30,0.32076417,0.12470001,band_2.pdf
2,DFT,7,31,0.32644536,-0.06600000,band_2.pdf
2,DFT,7,32,0.34348892,-0.03030001,band_2.pdf
2,DFT,7,33,0.37192269,0.02499998,band_2.pdf
2,DFT,7,34,0.39467528,0.06009997,band_2.pdf
2,DFT,7,35,0.40035647,0.19549999,band_2.pdf
2,DFT,7,36,0.40603765,0.30750001,band_2.pdf
2,DFT,7,37,0.41171884,0.27470003,band_2.pdf
2,DFT,7,38,0.41740002,0.22629999,band_2.pdf
2,DFT,7,39,0.42308121,0.08749997,band_2.pdf
2,DFT,7,40,0.42876239,-0.02159998,band_2.pdf
2,DFT,7,41,0.43444358,-0.08970003,band_2.pdf
2,DFT,7,42,0.44015261,-0.21339999,band_2.pdf
2,DFT,7,43,0.44583380,-0.36369998,band_2.pdf
2,DFT,7,44,0.45151498,-0.50179998,band_2.pdf
2,DFT,7,45,0.45719617,-0.61620002,band_2.pdf
2,DFT,7,46,0.46287735,-0.70419999,band_2.pdf
2,DFT,7,47,0.47423972,-0.83819997,band_2.pdf
2,DFT,7,48,0.47992091,-0.94779998,band_2.pdf
2,DFT,7,49,0.48562994,-1.07500001,band_2.pdf
2,DFT,7,50,0.49131113,-1.06830001,band_2.pdf
2,DFT,7,51,0.53110727,-0.63440000,band_2.pdf
2,DFT,7,52,0.54246965,-0.53230002,band_2.pdf
2,DFT,7,53,0.55383202,-0.45120001,band_2.pdf
2,DFT,7,54,0.55951320,-0.42040001,band_2.pdf
2,DFT,7,55,0.56519439,-0.39779998,band_2.pdf
2,DFT,7,56,0.57087557,-0.38520001,band_2.pdf
2,DFT,7,57,0.58226579,-0.38360002,band_2.pdf
2,DFT,7,58,0.58922803,-0.38400000,band_2.pdf
2,DFT,7,59,0.59619027,-0.39250001,band_2.pdf
2,DFT,7,60,0.60315250,-0.41150001,band_2.pdf
2,DFT,7,61,0.61011474,-0.44010002,band_2.pdf
2,DFT,7,62,0.61707697,-0.47819997,band_2.pdf
2,DFT,7,63,0.62403921,-0.52610001,band_2.pdf
2,DFT,7,64,0.63100145,-0.58389998,band_2.pdf
2,DFT,7,65,0.63796368,-0.65130001,band_2.pdf
2,DFT,7,66,0.65188816,-0.81120001,band_2.pdf
2,DFT,7,67,0.67973711,-1.17189997,band_2.pdf
2,DFT,7,68,0.68669934,-1.23380002,band_2.pdf
2,DFT,7,69,0.69366158,-1.23889996,band_2.pdf
2,DFT,7,70,0.71454829,-1.18259998,band_2.pdf
2,DFT,7,71,0.73543500,-1.13080000,band_2.pdf
2,DFT,7,72,0.74935947,-1.10630001,band_2.pdf
2,DFT,7,73,0.76328395,-1.09099999,band_2.pdf
2,DFT,7,74,0.78417066,-1.08510001,band_2.pdf
2,DFT,7,75,0.80505737,-1.08319999,band_2.pdf
2,DFT,7,76,0.83290632,-1.07189998,band_2.pdf
2,DFT,7,77,0.84683079,-1.05260001,band_2.pdf
2,DFT,7,78,0.86075526,-1.01470002,band_2.pdf
2,DFT,7,79,0.87467974,-0.95380002,band_2.pdf
2,DFT,7,80,0.88860421,-0.87069998,band_2.pdf
2,DFT,7,81,0.90252868,-0.77009998,band_2.pdf
2,DFT,7,82,0.90949092,-0.70940001,band_2.pdf
2,DFT,7,83,0.91645316,-0.60720002,band_2.pdf
2,DFT,7,84,0.92341540,-0.34680003,band_2.pdf
2,DFT,7,85,0.93733987,0.27500000,band_2.pdf
2,DFT,7,86,0.95126434,0.91209999,band_2.pdf
2,DFT,7,87,0.95822658,1.21650002,band_2.pdf
2,DFT,7,88,0.96518881,1.49920000,band_2.pdf
2,DFT,7,89,0.97215105,1.74999999,band_2.pdf
2,DFT,7,90,0.97911329,1.95829996,band_2.pdf
2,DFT,7,91,0.98607553,2.11250002,band_2.pdf
2,DFT,7,92,0.99303776,2.19759997,band_2.pdf
2,DFT,7,93,1.00000000,2.21649996,band_2.pdf
2,DFT,8,0,0.00000000,-0.36240002,band_2.pdf
2,DFT,8,1,0.02411719,-0.37170000,band_2.pdf
2,DFT,8,2,0.04823438,-0.38140002,band_2.pdf
2,DFT,8,3,0.06430322,-0.37049999,band_2.pdf
2,DFT,8,4,0.07235157,-0.35440000,band_2.pdf
2,DFT,8,5,0.08039991,-0.32870000,band_2.pdf
2,DFT,8,6,0.08842041,-0.29149997,band_2.pdf
2,DFT,8,7,0.09646875,-0.24110002,band_2.pdf
2,DFT,8,8,0.10451710,-0.17759998,band_2.pdf
2,DFT,8,9,0.11253760,-0.10170000,band_2.pdf
2,DFT,8,10,0.12058594,-0.00670000,band_2.pdf
2,DFT,8,11,0.12863429,0.10549998,band_2.pdf
2,DFT,8,12,0.13665478,0.23459998,band_2.pdf
2,DFT,8,13,0.14470313,0.38020001,band_2.pdf
2,DFT,8,14,0.15275148,0.54160000,band_2.pdf
2,DFT,8,15,0.16079982,0.71709999,band_2.pdf
2,DFT,8,16,0.17686866,1.10109999,band_2.pdf
2,DFT,8,17,0.20098585,1.69729997,band_2.pdf
2,DFT,8,18,0.20903420,1.87609996,band_2.pdf
2,DFT,8,19,0.21705470,2.03039996,band_2.pdf
2,DFT,8,20,0.22510304,2.15029999,band_2.pdf
2,DFT,8,21,0.23315139,2.22659996,band_2.pdf
2,DFT,8,22,0.24117188,2.25289997,band_2.pdf
2,DFT,8,23,0.24685307,2.23969999,band_2.pdf
2,DFT,8,24,0.25256210,2.20039997,band_2.pdf
2,DFT,8,25,0.25824329,2.13590001,band_2.pdf
2,DFT,8,26,0.26392447,2.04779997,band_2.pdf
2,DFT,8,27,0.26960566,1.93839999,band_2.pdf
2,DFT,8,28,0.27528684,1.81069996,band_2.pdf
2,DFT,8,29,0.28664922,1.51619997,band_2.pdf
2,DFT,8,30,0.30372062,1.05509997,band_2.pdf
2,DFT,8,31,0.30940180,0.92109999,band_2.pdf
2,DFT,8,32,0.31508299,0.80799997,band_2.pdf
2,DFT,8,33,0.32076417,0.72149999,band_2.pdf
2,DFT,8,34,0.32644536,0.66559999,band_2.pdf
2,DFT,8,35,0.33212655,0.64180001,band_2.pdf
2,DFT,8,36,0.33780773,0.64879998,band_2.pdf
2,DFT,8,37,0.34348892,0.68310000,band_2.pdf
2,DFT,8,38,0.34919795,0.73979997,band_2.pdf
2,DFT,8,39,0.35487914,0.81309998,band_2.pdf
2,DFT,8,40,0.36624151,0.98710000,band_2.pdf
2,DFT,8,41,0.37760388,1.16479999,band_2.pdf
2,DFT,8,42,0.38328506,1.24480000,band_2.pdf
2,DFT,8,43,0.39467528,0.72209999,band_2.pdf
2,DFT,8,44,0.40035647,0.49710002,band_2.pdf
2,DFT,8,45,0.40603765,0.33560002,band_2.pdf
2,DFT,8,46,0.41171884,0.34960003,band_2.pdf
2,DFT,8,47,0.41740002,0.32110003,band_2.pdf
2,DFT,8,48,0.42308121,0.23940002,band_2.pdf
2,DFT,8,49,0.42876239,0.11719998,band_2.pdf
2,DFT,8,50,0.43444358,-0.02229999,band_2.pdf
2,DFT,8,51,0.44015261,-0.13080000,band_2.pdf
2,DFT,8,52,0.45151498,-0.31909999,band_2.pdf
2,DFT,8,53,0.46287735,-0.53780001,band_2.pdf
2,DFT,8,54,0.46855854,-0.65070001,band_2.pdf
2,DFT,8,55,0.47423972,-0.73780000,band_2.pdf
2,DFT,8,56,0.47992091,-0.76490002,band_2.pdf
2,DFT,8,57,0.48562994,-0.75740000,band_2.pdf
2,DFT,8,58,0.49131113,-0.73230001,band_2.pdf
2,DFT,8,59,0.50267350,-0.65420002,band_2.pdf
2,DFT,8,60,0.51971705,-0.52419999,band_2.pdf
2,DFT,8,61,0.53110727,-0.45580003,band_2.pdf
2,DFT,8,62,0.54246965,-0.40920000,band_2.pdf
2,DFT,8,63,0.55383202,-0.38209997,band_2.pdf
2,DFT,8,64,0.56519439,-0.36840000,band_2.pdf
2,DFT,8,65,0.58226579,-0.36240002,band_2.pdf
2,DFT,8,66,0.59619027,-0.36599999,band_2.pdf
2,DFT,8,67,0.60315250,-0.38470001,band_2.pdf
2,DFT,8,68,0.61011474,-0.41440002,band_2.pdf
2,DFT,8,69,0.61707697,-0.45450001,band_2.pdf
2,DFT,8,70,0.62403921,-0.50469999,band_2.pdf
2,DFT,8,71,0.63100145,-0.56520001,band_2.pdf
2,DFT,8,72,0.63796368,-0.63529997,band_2.pdf
2,DFT,8,73,0.65188816,-0.80019997,band_2.pdf
2,DFT,8,74,0.65885040,-0.89100000,band_2.pdf
2,DFT,8,75,0.66581263,-0.97050001,band_2.pdf
2,DFT,8,76,0.67277487,-0.79550001,band_2.pdf
2,DFT,8,77,0.67973711,-0.52900002,band_2.pdf
2,DFT,8,78,0.68669934,-0.23619997,band_2.pdf
2,DFT,8,79,0.69366158,0.08340001,band_2.pdf
2,DFT,8,80,0.70062382,0.43230002,band_2.pdf
2,DFT,8,81,0.70758605,0.81350002,band_2.pdf
2,DFT,8,82,0.72151053,1.66070000,band_2.pdf
2,DFT,8,83,0.72847276,1.70969998,band_2.pdf
2,DFT,8,84,0.74935947,1.78880001,band_2.pdf
2,DFT,8,85,0.76328395,1.82979997,band_2.pdf
2,DFT,8,86,0.77720842,1.85849999,band_2.pdf
2,DFT,8,87,0.79113290,1.87200000,band_2.pdf
2,DFT,8,88,0.80505737,1.85700001,band_2.pdf
2,DFT,8,89,0.81898184,1.82029997,band_2.pdf
2,DFT,8,90,0.83290632,1.76289999,band_2.pdf
2,DFT,8,91,0.86771750,1.59590000,band_2.pdf
2,DFT,8,92,0.87467974,1.57690000,band_2.pdf
2,DFT,8,93,0.88164197,1.56819997,band_2.pdf
2,DFT,8,94,0.88860421,1.57130000,band_2.pdf
2,DFT,8,95,0.89556645,1.58679999,band_2.pdf
2,DFT,8,96,0.90252868,1.61450002,band_2.pdf
2,DFT,8,97,0.90949092,1.65329999,band_2.pdf
2,DFT,8,98,0.92341540,1.75630000,band_2.pdf
2,DFT,8,99,0.93733987,1.87169997,band_2.pdf
2,DFT,8,100,0.95822658,2.04930001,band_2.pdf
2,DFT,8,101,0.97215105,2.14679998,band_2.pdf
2,DFT,8,102,0.97911329,2.18429998,band_2.pdf
2,DFT,8,103,0.99303776,2.23889996,band_2.pdf
2,DFT,8,104,1.00000000,2.25289997,band_2.pdf
2,DFT,9,0,0.00000000,-0.33100001,band_2.pdf
2,DFT,9,1,0.00804834,-0.32789998,band_2.pdf
2,DFT,9,2,0.01606884,-0.31550003,band_2.pdf
2,DFT,9,3,0.02411719,-0.28829999,band_2.pdf
2,DFT,9,4,0.03216554,-0.24540000,band_2.pdf
2,DFT,9,5,0.04018603,-0.18829999,band_2.pdf
2,DFT,9,6,0.04823438,-0.11850000,band_2.pdf
2,DFT,9,7,0.05628272,-0.03679999,band_2.pdf
2,DFT,9,8,0.06430322,0.05560003,band_2.pdf
2,DFT,9,9,0.07235157,0.15780002,band_2.pdf
2,DFT,9,10,0.08039991,0.26879999,band_2.pdf
2,DFT,9,11,0.08842041,0.16359998,band_2.pdf
2,DFT,9,12,0.09646875,-0.06450002,band_2.pdf
2,DFT,9,13,0.10451710,-0.17589998,band_2.pdf
2,DFT,9,14,0.11253760,-0.09329999,band_2.pdf
2,DFT,9,15,0.12058594,0.01879998,band_2.pdf
2,DFT,9,16,0.12863429,0.28929997,band_2.pdf
2,DFT,9,17,0.13665478,0.72130002,band_2.pdf
2,DFT,9,18,0.14470313,1.24419999,band_2.pdf
2,DFT,9,19,0.15275148,1.44979998,band_2.pdf
2,DFT,9,20,0.16882032,1.69270001,band_2.pdf
2,DFT,9,21,0.17686866,1.80259999,band_2.pdf
2,DFT,9,22,0.18491701,1.90309998,band_2.pdf
2,DFT,9,23,0.19293751,1.99309998,band_2.pdf
2,DFT,9,24,0.20098585,2.07160001,band_2.pdf
2,DFT,9,25,0.20903420,2.13799999,band_2.pdf
2,DFT,9,26,0.21705470,2.19230000,band_2.pdf
2,DFT,9,27,0.22510304,2.23619997,band_2.pdf
2,DFT,9,28,0.23315139,2.27170000,band_2.pdf
2,DFT,9,29,0.24117188,2.28749996,band_2.pdf
2,DFT,9,30,0.25824329,2.26629997,band_2.pdf
2,DFT,9,31,0.26960566,2.27400001,band_2.pdf
2,DFT,9,32,0.28664922,2.30059999,band_2.pdf
2,DFT,9,33,0.30940180,2.35209999,band_2.pdf
2,DFT,9,34,0.36056032,2.47869996,band_2.pdf
2,DFT,9,35,0.36624151,2.22389997,band_2.pdf
2,DFT,9,36,0.37760388,1.57789999,band_2.pdf
2,DFT,9,37,0.38328506,1.27269999,band_2.pdf
2,DFT,9,38,0.38896625,1.31439997,band_2.pdf
2,DFT,9,39,0.39467528,1.37099998,band_2.pdf
2,DFT,9,40,0.40035647,1.41250000,band_2.pdf
2,DFT,9,41,0.40603765,1.43749998,band_2.pdf
2,DFT,9,42,0.41171884,1.44560001,band_2.pdf
2,DFT,9,43,0.42876239,1.44069997,band_2.pdf
2,DFT,9,44,0.44015261,1.42299999,band_2.pdf
2,DFT,9,45,0.45151498,1.39119999,band_2.pdf
2,DFT,9,46,0.47992091,1.28809997,band_2.pdf
2,DFT,9,47,0.48562994,1.24409998,band_2.pdf
2,DFT,9,48,0.50267350,0.79450002,band_2.pdf
2,DFT,9,49,0.51403587,0.51509997,band_2.pdf
2,DFT,9,50,0.52539824,0.26380000,band_2.pdf
2,DFT,9,51,0.53678846,0.04849999,band_2.pdf
2,DFT,9,52,0.54246965,-0.04370001,band_2.pdf
2,DFT,9,53,0.54815083,-0.12459999,band_2.pdf
2,DFT,9,54,0.55383202,-0.19350001,band_2.pdf
2,DFT,9,55,0.55951320,-0.24959997,band_2.pdf
2,DFT,9,56,0.56519439,-0.29190001,band_2.pdf
2,DFT,9,57,0.57087557,-0.31839998,band_2.pdf
2,DFT,9,58,0.57658460,-0.32909999,band_2.pdf
2,DFT,9,59,0.58922803,-0.32849998,band_2.pdf
2,DFT,9,60,0.59619027,-0.30580000,band_2.pdf
2,DFT,9,61,0.60315250,-0.25340002,band_2.pdf
2,DFT,9,62,0.61011474,-0.17610000,band_2.pdf
2,DFT,9,63,0.61707697,-0.07629997,band_2.pdf
2,DFT,9,64,0.62403921,0.04509998,band_2.pdf
2,DFT,9,65,0.63100145,0.18690002,band_2.pdf
2,DFT,9,66,0.63796368,0.34869999,band_2.pdf
2,DFT,9,67,0.64492592,0.52940001,band_2.pdf
2,DFT,9,68,0.65188816,0.72800002,band_2.pdf
2,DFT,9,69,0.65885040,0.94360001,band_2.pdf
2,DFT,9,70,0.67277487,1.41590000,band_2.pdf
2,DFT,9,71,0.67973711,1.50719996,band_2.pdf
2,DFT,9,72,0.70062382,1.58920000,band_2.pdf
2,DFT,9,73,0.72151053,1.68299999,band_2.pdf
2,DFT,9,74,0.72847276,1.73780000,band_2.pdf
2,DFT,9,75,0.74239724,1.79040000,band_2.pdf
2,DFT,9,76,0.75632171,1.83139996,band_2.pdf
2,DFT,9,77,0.77024618,1.85949998,band_2.pdf
2,DFT,9,78,0.78417066,1.87229997,band_2.pdf
2,DFT,9,79,0.80505737,1.86739999,band_2.pdf
2,DFT,9,80,0.81898184,1.84119999,band_2.pdf
2,DFT,9,81,0.83290632,1.79289997,band_2.pdf
2,DFT,9,82,0.85379303,1.69380001,band_2.pdf
2,DFT,9,83,0.86771750,1.63280000,band_2.pdf
2,DFT,9,84,0.87467974,1.61160001,band_2.pdf
2,DFT,9,85,0.88164197,1.59949997,band_2.pdf
2,DFT,9,86,0.88860421,1.59829996,band_2.pdf
2,DFT,9,87,0.89556645,1.60880001,band_2.pdf
2,DFT,9,88,0.90252868,1.63079997,band_2.pdf
2,DFT,9,89,0.90949092,1.66369996,band_2.pdf
2,DFT,9,90,0.91645316,1.70610001,band_2.pdf
2,DFT,9,91,0.92341540,1.75800000,band_2.pdf
2,DFT,9,92,0.93733987,1.88479999,band_2.pdf
2,DFT,9,93,0.95822658,2.07710000,band_2.pdf
2,DFT,9,94,0.96518881,2.13300000,band_2.pdf
2,DFT,9,95,0.97215105,2.18159999,band_2.pdf
2,DFT,9,96,0.97911329,2.22159997,band_2.pdf
2,DFT,9,97,0.98607553,2.25229996,band_2.pdf
2,DFT,9,98,0.99303776,2.27529997,band_2.pdf
2,DFT,9,99,1.00000000,2.28749996,band_2.pdf
2,DFT,10,0,0.00000000,1.57630000,band_2.pdf
2,DFT,10,1,0.00804834,1.56360002,band_2.pdf
2,DFT,10,2,0.01606884,1.52450002,band_2.pdf
2,DFT,10,3,0.02411719,1.45979998,band_2.pdf
2,DFT,10,4,0.03216554,1.37020002,band_2.pdf
2,DFT,10,5,0.04018603,1.25660000,band_2.pdf
2,DFT,10,6,0.04823438,1.12040002,band_2.pdf
2,DFT,10,7,0.05628272,0.96289998,band_2.pdf
2,DFT,10,8,0.06430322,0.78619997,band_2.pdf
2,DFT,10,9,0.07235157,0.59239999,band_2.pdf
2,DFT,10,10,0.08039991,0.38389999,band_2.pdf
2,DFT,10,11,0.08842041,0.38750001,band_2.pdf
2,DFT,10,12,0.10451710,0.64269999,band_2.pdf
2,DFT,10,13,0.14470313,1.31970000,band_2.pdf
2,DFT,10,14,0.15275148,1.84619999,band_2.pdf
2,DFT,10,15,0.16079982,2.51590000,band_2.pdf
2,DFT,10,16,0.16882032,3.24150000,band_2.pdf
2,DFT,10,17,0.17686866,4.01239995,band_2.pdf
2,DFT,10,18,0.19293751,5.64529997,band_2.pdf
2,DFT,10,19,0.20903420,7.30119993,band_2.pdf
2,DFT,10,20,0.21705470,8.07499995,band_2.pdf
2,DFT,10,21,0.21956881,8.28298041,band_2.pdf
2,DFT,11,0,0.27268164,8.28298041,band_2.pdf
2,DFT,11,1,0.27528684,8.13279998,band_2.pdf
2,DFT,11,2,0.28664922,7.41649995,band_2.pdf
2,DFT,11,3,0.30940180,5.88869999,band_2.pdf
2,DFT,11,4,0.33212655,4.36419997,band_2.pdf
2,DFT,11,5,0.34919795,3.26519997,band_2.pdf
2,DFT,11,6,0.36056032,2.56850000,band_2.pdf
2,DFT,11,7,0.36624151,2.49669998,band_2.pdf
2,DFT,11,8,0.38328506,2.52479999,band_2.pdf
2,DFT,11,9,0.38896625,2.43809999,band_2.pdf
2,DFT,11,10,0.39467528,2.20699996,band_2.pdf
2,DFT,11,11,0.40035647,2.01359996,band_2.pdf
2,DFT,11,12,0.40603765,1.87919999,band_2.pdf
2,DFT,11,13,0.41171884,1.82999999,band_2.pdf
2,DFT,11,14,0.42308121,1.82560000,band_2.pdf
2,DFT,11,15,0.44015261,1.80309998,band_2.pdf
2,DFT,11,16,0.45719617,1.76580000,band_2.pdf
2,DFT,11,17,0.46287735,1.75130000,band_2.pdf
2,DFT,11,18,0.46855854,1.69339997,band_2.pdf
2,DFT,11,19,0.47992091,1.39619999,band_2.pdf
2,DFT,11,20,0.48562994,1.27120001,band_2.pdf
2,DFT,11,21,0.49699231,1.24979999,band_2.pdf
2,DFT,11,22,0.50267350,1.24720001,band_2.pdf
2,DFT,11,23,0.50835468,1.25129997,band_2.pdf
2,DFT,11,24,0.51403587,1.26239997,band_2.pdf
2,DFT,11,25,0.51971705,1.28049999,band_2.pdf
2,DFT,11,26,0.53110727,1.33569997,band_2.pdf
2,DFT,11,27,0.56519439,1.53929999,band_2.pdf
2,DFT,11,28,0.57087557,1.55950000,band_2.pdf
2,DFT,11,29,0.57658460,1.57209997,band_2.pdf
2,DFT,11,30,0.58226579,1.57630000,band_2.pdf
2,DFT,11,31,0.59619027,1.56449999,band_2.pdf
2,DFT,11,32,0.61011474,1.53309998,band_2.pdf
2,DFT,11,33,0.63100145,1.47910001,band_2.pdf
2,DFT,11,34,0.64492592,1.45969996,band_2.pdf
2,DFT,11,35,0.65885040,1.46340000,band_2.pdf
2,DFT,11,36,0.66581263,1.47449999,band_2.pdf
2,DFT,11,37,0.67277487,1.49370001,band_2.pdf
2,DFT,11,38,0.67973711,1.53890001,band_2.pdf
2,DFT,11,39,0.70062382,1.62349997,band_2.pdf
2,DFT,11,40,0.71454829,1.68530000,band_2.pdf
2,DFT,11,41,0.72151053,1.73690002,band_2.pdf
2,DFT,11,42,0.72847276,2.18620001,band_2.pdf
2,DFT,11,43,0.73543500,2.72079997,band_2.pdf
2,DFT,11,44,0.74239724,3.29719998,band_2.pdf
2,DFT,11,45,0.74935947,3.91280000,band_2.pdf
2,DFT,11,46,0.75632171,4.56519995,band_2.pdf
2,DFT,11,47,0.77024618,5.96539995,band_2.pdf
2,DFT,11,48,0.78417066,7.43909997,band_2.pdf
2,DFT,11,49,0.79113290,8.10769998,band_2.pdf
2,DFT,11,50,0.80505737,7.52399997,band_2.pdf
2,DFT,11,51,0.81201961,7.26639998,band_2.pdf
2,DFT,11,52,0.81898184,7.03759996,band_2.pdf
2,DFT,11,53,0.82594408,6.83859996,band_2.pdf
2,DFT,11,54,0.83290632,6.67079994,band_2.pdf
2,DFT,11,55,0.83986855,6.53529998,band_2.pdf
2,DFT,11,56,0.84683079,6.43219995,band_2.pdf
2,DFT,11,57,0.85379303,6.36239996,band_2.pdf
2,DFT,11,58,0.86075526,6.32529994,band_2.pdf
2,DFT,11,59,0.86771750,6.32079994,band_2.pdf
2,DFT,11,60,0.87467974,6.34799997,band_2.pdf
2,DFT,11,61,0.88164197,6.40499997,band_2.pdf
2,DFT,11,62,0.88860421,6.49059998,band_2.pdf
2,DFT,11,63,0.89556645,6.60309994,band_2.pdf
2,DFT,11,64,0.90252868,6.74009994,band_2.pdf
2,DFT,11,65,0.90949092,6.89979998,band_2.pdf
2,DFT,11,66,0.91645316,7.07979999,band_2.pdf
2,DFT,11,67,0.92341540,7.27809997,band_2.pdf
2,DFT,11,68,0.93037763,7.49129994,band_2.pdf
2,DFT,11,69,0.94430211,7.95249994,band_2.pdf
2,DFT,11,70,0.95391065,8.28298041,band_2.pdf
2,DFT,12,0,0.00000000,1.57750001,band_2.pdf
2,DFT,12,1,0.00804834,1.58229998,band_2.pdf
2,DFT,12,2,0.01606884,1.59719996,band_2.pdf
2,DFT,12,3,0.02411719,1.62160000,band_2.pdf
2,DFT,12,4,0.03216554,1.65460000,band_2.pdf
2,DFT,12,5,0.04823438,1.74190002,band_2.pdf
2,DFT,12,6,0.06430322,1.84929996,band_2.pdf
2,DFT,12,7,0.08039991,1.96940002,band_2.pdf
2,DFT,12,8,0.09646875,2.10630001,band_2.pdf
2,DFT,12,9,0.10451710,2.18919997,band_2.pdf
2,DFT,12,10,0.11253760,2.29089997,band_2.pdf
2,DFT,12,11,0.12058594,2.42160001,band_2.pdf
2,DFT,12,12,0.12863429,2.59489996,band_2.pdf
2,DFT,12,13,0.13665478,2.82539998,band_2.pdf
2,DFT,12,14,0.14470313,3.12659997,band_2.pdf
2,DFT,12,15,0.15275148,3.50779997,band_2.pdf
2,DFT,12,16,0.16079982,3.97159995,band_2.pdf
2,DFT,12,17,0.16882032,4.51329996,band_2.pdf
2,DFT,12,18,0.17686866,5.12339999,band_2.pdf
2,DFT,12,19,0.18491701,5.78829996,band_2.pdf
2,DFT,12,20,0.21336715,8.28298041,band_2.pdf
2,DFT,13,0,0.28374628,8.28298041,band_2.pdf
2,DFT,13,1,0.29233040,7.81139998,band_2.pdf
2,DFT,13,2,0.30940180,6.81899995,band_2.pdf
2,DFT,13,3,0.34348892,4.81199998,band_2.pdf
2,DFT,13,4,0.36056032,3.85630000,band_2.pdf
2,DFT,13,5,0.37192269,3.25369999,band_2.pdf
2,DFT,13,6,0.38328506,2.69409998,band_2.pdf
2,DFT,13,7,0.38896625,2.53170001,band_2.pdf
2,DFT,13,8,0.40603765,2.54369998,band_2.pdf
2,DFT,13,9,0.41171884,2.54450001,band_2.pdf
2,DFT,13,10,0.41740002,2.53450001,band_2.pdf
2,DFT,13,11,0.42308121,2.50480001,band_2.pdf
2,DFT,13,12,0.42876239,2.45589998,band_2.pdf
2,DFT,13,13,0.43444358,2.38879997,band_2.pdf
2,DFT,13,14,0.44015261,2.30480002,band_2.pdf
2,DFT,13,15,0.44583380,2.20549998,band_2.pdf
2,DFT,13,16,0.45151498,2.09280000,band_2.pdf
2,DFT,13,17,0.46287735,1.83470002,band_2.pdf
2,DFT,13,18,0.46855854,1.73630001,band_2.pdf
2,DFT,13,19,0.50267350,1.65099998,band_2.pdf
2,DFT,13,20,0.51971705,1.61940001,band_2.pdf
2,DFT,13,21,0.54246965,1.59250000,band_2.pdf
2,DFT,13,22,0.56519439,1.57999998,band_2.pdf
2,DFT,13,23,0.59619027,1.56620000,band_2.pdf
2,DFT,13,24,0.61011474,1.53819999,band_2.pdf
2,DFT,13,25,0.63100145,1.49279998,band_2.pdf
2,DFT,13,26,0.64492592,1.47980002,band_2.pdf
2,DFT,13,27,0.65885040,1.48920001,band_2.pdf
2,DFT,13,28,0.66581263,1.50260001,band_2.pdf
2,DFT,13,29,0.67277487,1.52359998,band_2.pdf
2,DFT,13,30,0.67973711,1.69220002,band_2.pdf
2,DFT,13,31,0.68669934,1.96700000,band_2.pdf
2,DFT,13,32,0.69366158,2.25899996,band_2.pdf
2,DFT,13,33,0.70062382,2.56740000,band_2.pdf
2,DFT,13,34,0.70758605,2.89369999,band_2.pdf
2,DFT,13,35,0.71454829,3.24029999,band_2.pdf
2,DFT,13,36,0.72151053,3.61029999,band_2.pdf
2,DFT,13,37,0.72847276,4.00730000,band_2.pdf
2,DFT,13,38,0.73543500,4.43540000,band_2.pdf
2,DFT,13,39,0.74239724,4.89869999,band_2.pdf
2,DFT,13,40,0.74935947,5.39999998,band_2.pdf
2,DFT,13,41,0.75632171,5.94119999,band_2.pdf
2,DFT,13,42,0.76328395,6.52209994,band_2.pdf
2,DFT,13,43,0.77720842,7.78999996,band_2.pdf
2,DFT,13,44,0.78256963,8.28298041,band_2.pdf
2,DFT,14,0,0.78768929,8.28298041,band_2.pdf
2,DFT,14,1,0.80505737,7.55619994,band_2.pdf
2,DFT,14,2,0.81201961,7.29639996,band_2.pdf
2,DFT,14,3,0.81898184,7.06539994,band_2.pdf
2,DFT,14,4,0.82594408,6.86459999,band_2.pdf
2,DFT,14,5,0.83290632,6.69529993,band_2.pdf
2,DFT,14,6,0.83986855,6.55859996,band_2.pdf
2,DFT,14,7,0.84683079,6.45459996,band_2.pdf
2,DFT,14,8,0.85379303,6.38459994,band_2.pdf
2,DFT,14,9,0.86075526,6.34789996,band_2.pdf
2,DFT,14,10,0.86771750,6.34429994,band_2.pdf
2,DFT,14,11,0.87467974,6.37309997,band_2.pdf
2,DFT,14,12,0.88164197,6.43219995,band_2.pdf
2,DFT,14,13,0.88860421,6.52039994,band_2.pdf
2,DFT,14,14,0.89556645,6.63599999,band_2.pdf
2,DFT,14,15,0.90252868,6.77659996,band_2.pdf
2,DFT,14,16,0.90949092,6.94019994,band_2.pdf
2,DFT,14,17,0.91645316,7.12449998,band_2.pdf
2,DFT,14,18,0.92341540,7.32729997,band_2.pdf
2,DFT,14,19,0.93037763,7.54529997,band_2.pdf
2,DFT,14,20,0.94430211,8.01689995,band_2.pdf
2,DFT,14,21,0.95186079,8.28298041,band_2.pdf
2,DFT,15,0,0.28780938,8.28298041,band_2.pdf
2,DFT,15,1,0.29801159,7.96889996,band_2.pdf
2,DFT,15,2,0.30372062,7.81029998,band_2.pdf
2,DFT,15,3,0.30940180,7.66499998,band_2.pdf
2,DFT,15,4,0.31508299,7.53339996,band_2.pdf
2,DFT,15,5,0.32076417,7.41509998,band_2.pdf
2,DFT,15,6,0.32644536,7.31019994,band_2.pdf
2,DFT,15,7,0.33212655,7.21759996,band_2.pdf
2,DFT,15,8,0.33780773,7.13639994,band_2.pdf
2,DFT,15,9,0.34348892,7.06609996,band_2.pdf
2,DFT,15,10,0.34919795,7.00559994,band_2.pdf
2,DFT,15,11,0.35487914,6.95399998,band_2.pdf
2,DFT,15,12,0.36056032,6.91029997,band_2.pdf
2,DFT,15,13,0.37192269,6.84339993,band_2.pdf
2,DFT,15,14,0.38328506,6.79879994,band_2.pdf
2,DFT,15,15,0.39467528,6.77189994,band_2.pdf
2,DFT,15,16,0.40603765,6.75929996,band_2.pdf
2,DFT,15,17,0.41171884,6.75769997,band_2.pdf
2,DFT,15,18,0.41740002,6.82769999,band_2.pdf
2,DFT,15,19,0.42308121,7.03099997,band_2.pdf
2,DFT,15,20,0.42876239,7.35079998,band_2.pdf
2,DFT,15,21,0.43444358,7.76649996,band_2.pdf
2,DFT,15,22,0.44040564,8.28298041,band_2.pdf
2,model,0,0,0.00000000,-2.51016752,band_2.pdf
2,model,0,1,0.02411719,-2.49997366,band_2.pdf
2,model,0,2,0.03216554,-2.51311303,band_2.pdf
2,model,0,3,0.04018603,-2.82388803,band_2.pdf
2,model,0,4,0.04823438,-3.17721902,band_2.pdf
2,model,0,5,0.07235157,-4.30506059,band_2.pdf
2,model,0,6,0.08039991,-4.63945385,band_2.pdf
2,model,0,7,0.08842041,-4.92219116,band_2.pdf
2,model,0,8,0.09646875,-5.13837527,band_2.pdf
2,model,0,9,0.10451710,-5.27793040,band_2.pdf
2,model,0,10,0.11253760,-5.33731946,band_2.pdf
2,model,0,11,0.12058594,-5.32109914,band_2.pdf
2,model,0,12,0.12863429,-5.24256872,band_2.pdf
2,model,0,13,0.13665478,-5.12267331,band_2.pdf
2,model,0,14,0.15275148,-4.85709913,band_2.pdf
2,model,0,15,0.16079982,-4.75127773,band_2.pdf
2,model,0,16,0.16882032,-4.67639604,band_2.pdf
2,model,0,17,0.17686866,-4.63225137,band_2.pdf
2,model,0,18,0.18491701,-4.61397111,band_2.pdf
2,model,0,19,0.19293751,-4.61478577,band_2.pdf
2,model,0,20,0.20903420,-4.64680344,band_2.pdf
2,model,0,21,0.22510304,-4.68375001,band_2.pdf
2,model,0,22,0.23315139,-4.69503385,band_2.pdf
2,model,0,23,0.24685307,-4.69598069,band_2.pdf
2,model,0,24,0.25824329,-4.67415628,band_2.pdf
2,model,0,25,0.26960566,-4.63145353,band_2.pdf
2,model,0,26,0.28096803,-4.56950935,band_2.pdf
2,model,0,27,0.29233040,-4.49072144,band_2.pdf
2,model,0,28,0.30372062,-4.39807779,band_2.pdf
2,model,0,29,0.32076417,-4.24063557,band_2.pdf
2,model,0,30,0.33212655,-4.12861902,band_2.pdf
2,model,0,31,0.33780773,-4.10621226,band_2.pdf
2,model,0,32,0.34348892,-4.11404639,band_2.pdf
2,model,0,33,0.34919795,-4.13246700,band_2.pdf
2,model,0,34,0.36056032,-4.19222908,band_2.pdf
2,model,0,35,0.38328506,-4.33454375,band_2.pdf
2,model,0,36,0.39467528,-4.38652515,band_2.pdf
2,model,0,37,0.40603765,-4.41416866,band_2.pdf
2,model,0,38,0.41171884,-4.41769741,band_2.pdf
2,model,0,39,0.41740002,-4.44269763,band_2.pdf
2,model,0,40,0.42308121,-4.51358423,band_2.pdf
2,model,0,41,0.42876239,-4.61966526,band_2.pdf
2,model,0,42,0.44583380,-5.00865489,band_2.pdf
2,model,0,43,0.45151498,-5.11838737,band_2.pdf
2,model,0,44,0.45719617,-5.20138325,band_2.pdf
2,model,0,45,0.46287735,-5.25118154,band_2.pdf
2,model,0,46,0.46855854,-5.26357882,band_2.pdf
2,model,0,47,0.47423972,-5.23642008,band_2.pdf
2,model,0,48,0.47992091,-5.16934111,band_2.pdf
2,model,0,49,0.48562994,-5.06349601,band_2.pdf
2,model,0,50,0.49131113,-4.92135239,band_2.pdf
2,model,0,51,0.49699231,-4.74646312,band_2.pdf
2,model,0,52,0.50267350,-4.54329081,band_2.pdf
2,model,0,53,0.50835468,-4.31697074,band_2.pdf
2,model,0,54,0.51971705,-3.81818974,band_2.pdf
2,model,0,55,0.53678846,-3.05025248,band_2.pdf
2,model,0,56,0.54246965,-2.81725563,band_2.pdf
2,model,0,57,0.54815083,-2.61981214,band_2.pdf
2,model,0,58,0.55383202,-2.55230504,band_2.pdf
2,model,0,59,0.55951320,-2.53231234,band_2.pdf
2,model,0,60,0.57087557,-2.51190585,band_2.pdf
2,model,0,61,0.58922803,-2.50977571,band_2.pdf
2,model,0,62,0.59619027,-2.51369105,band_2.pdf
2,model,0,63,0.60315250,-2.52541736,band_2.pdf
2,model,0,64,0.61011474,-2.54452868,band_2.pdf
2,model,0,65,0.61707697,-2.61092695,band_2.pdf
2,model,0,66,0.62403921,-2.87745283,band_2.pdf
2,model,0,67,0.63796368,-3.48262082,band_2.pdf
2,model,0,68,0.65188816,-4.09930229,band_2.pdf
2,model,0,69,0.65885040,-4.38152059,band_2.pdf
2,model,0,70,0.66581263,-4.63079096,band_2.pdf
2,model,0,71,0.67277487,-4.83664465,band_2.pdf
2,model,0,72,0.67973711,-4.99030525,band_2.pdf
2,model,0,73,0.68669934,-5.08530513,band_2.pdf
2,model,0,74,0.69366158,-5.11818356,band_2.pdf
2,model,0,75,0.70062382,-5.08910867,band_2.pdf
2,model,0,76,0.70758605,-5.00245056,band_2.pdf
2,model,0,77,0.71454829,-4.86701547,band_2.pdf
2,model,0,78,0.72151053,-4.69565856,band_2.pdf
2,model,0,79,0.74239724,-4.12609310,band_2.pdf
2,model,0,80,0.74935947,-3.96634483,band_2.pdf
2,model,0,81,0.75632171,-3.83713665,band_2.pdf
2,model,0,82,0.76328395,-3.74121049,band_2.pdf
2,model,0,83,0.77024618,-3.67821074,band_2.pdf
2,model,0,84,0.77720842,-3.64918918,band_2.pdf
2,model,0,85,0.79113290,-3.64158755,band_2.pdf
2,model,0,86,0.79809513,-3.65047469,band_2.pdf
2,model,0,87,0.81898184,-3.71070174,band_2.pdf
2,model,0,88,0.82594408,-3.72094584,band_2.pdf
2,model,0,89,0.83290632,-3.72024434,band_2.pdf
2,model,0,90,0.83986855,-3.70608058,band_2.pdf
2,model,0,91,0.85379303,-3.64667849,band_2.pdf
2,model,0,92,0.86075526,-3.66839999,band_2.pdf
2,model,0,93,0.86771750,-3.69797457,band_2.pdf
2,model,0,94,0.87467974,-3.73541331,band_2.pdf
2,model,0,95,0.88164197,-3.78077677,band_2.pdf
2,model,0,96,0.89556645,-3.89362522,band_2.pdf
2,model,0,97,0.90949092,-4.02969699,band_2.pdf
2,model,0,98,0.94430211,-4.39594321,band_2.pdf
2,model,0,99,0.95822658,-4.52065542,band_2.pdf
2,model,0,100,0.96518881,-4.57297506,band_2.pdf
2,model,0,101,0.97215105,-4.61721251,band_2.pdf
2,model,0,102,0.97911329,-4.65252597,band_2.pdf
2,model,0,103,0.98607553,-4.67823912,band_2.pdf
2,model,0,104,0.99303776,-4.69386471,band_2.pdf
2,model,0,105,1.00000000,-4.69910591,band_2.pdf
2,model,0,106,1.00000000,-4.69910591,band_2.pdf
2,model,1,0,0.00000000,-2.48424036,band_2.pdf
2,model,1,1,0.02411719,-2.49213871,band_2.pdf
2,model,1,2,0.03216554,-2.50038994,band_2.pdf
2,model,1,3,0.04018603,-2.50185425,band_2.pdf
2,model,1,4,0.04823438,-2.71291519,band_2.pdf
2,model,1,5,0.07235157,-3.87938882,band_2.pdf
2,model,1,6,0.08039991,-4.22807856,band_2.pdf
2,model,1,7,0.08842041,-4.52301793,band_2.pdf
2,model,1,8,0.09646875,-4.74638177,band_2.pdf
2,model,1,9,0.10451710,-4.88406893,band_2.pdf
2,model,1,10,0.11253760,-4.92724051,band_2.pdf
2,model,1,11,0.12058594,-4.87390233,band_2.pdf
2,model,1,12,0.12863429,-4.73018491,band_2.pdf
2,model,1,13,0.13665478,-4.51099237,band_2.pdf
2,model,1,14,0.14470313,-4.23944238,band_2.pdf
2,model,1,15,0.15275148,-3.94418632,band_2.pdf
2,model,1,16,0.16079982,-3.80615884,band_2.pdf
2,model,1,17,0.16882032,-3.95984148,band_2.pdf
2,model,1,18,0.17686866,-4.10339520,band_2.pdf
2,model,1,19,0.18491701,-4.23497556,band_2.pdf
2,model,1,20,0.19293751,-4.35284510,band_2.pdf
2,model,1,21,0.20098585,-4.45544104,band_2.pdf
2,model,1,22,0.20903420,-4.54137148,band_2.pdf
2,model,1,23,0.21705470,-4.60947004,band_2.pdf
2,model,1,24,0.22510304,-4.65879464,band_2.pdf
2,model,1,25,0.23315139,-4.68866096,band_2.pdf
2,model,1,26,0.24117188,-4.69853085,band_2.pdf
2,model,1,27,0.24685307,-4.69466622,band_2.pdf
2,model,1,28,0.25256210,-4.68204201,band_2.pdf
2,model,1,29,0.25824329,-4.66121036,band_2.pdf
2,model,1,30,0.26392447,-4.63260306,band_2.pdf
2,model,1,31,0.27528684,-4.55459266,band_2.pdf
2,model,1,32,0.28664922,-4.45507442,band_2.pdf
2,model,1,33,0.30940180,-4.23857446,band_2.pdf
2,model,1,34,0.31508299,-4.19263552,band_2.pdf
2,model,1,35,0.32076417,-4.15463108,band_2.pdf
2,model,1,36,0.32644536,-4.12667308,band_2.pdf
2,model,1,37,0.33212655,-4.11030233,band_2.pdf
2,model,1,38,0.33780773,-4.07181312,band_2.pdf
2,model,1,39,0.36056032,-3.84849757,band_2.pdf
2,model,1,40,0.37760388,-3.69544977,band_2.pdf
2,model,1,41,0.38896625,-3.60849790,band_2.pdf
2,model,1,42,0.39467528,-3.57299912,band_2.pdf
2,model,1,43,0.40035647,-3.54530122,band_2.pdf
2,model,1,44,0.40603765,-3.52751936,band_2.pdf
2,model,1,45,0.41171884,-3.52136770,band_2.pdf
2,model,1,46,0.41740002,-3.52189281,band_2.pdf
2,model,1,47,0.42308121,-3.71415786,band_2.pdf
2,model,1,48,0.43444358,-4.15522131,band_2.pdf
2,model,1,49,0.44015261,-4.35918339,band_2.pdf
2,model,1,50,0.44583380,-4.53710609,band_2.pdf
2,model,1,51,0.45151498,-4.68166063,band_2.pdf
2,model,1,52,0.45719617,-4.78752179,band_2.pdf
2,model,1,53,0.46287735,-4.85115863,band_2.pdf
2,model,1,54,0.46855854,-4.87064405,band_2.pdf
2,model,1,55,0.47423972,-4.84555235,band_2.pdf
2,model,1,56,0.47992091,-4.77681782,band_2.pdf
2,model,1,57,0.48562994,-4.66656910,band_2.pdf
2,model,1,58,0.49131113,-4.51801242,band_2.pdf
2,model,1,59,0.49699231,-4.33526930,band_2.pdf
2,model,1,60,0.50267350,-4.12324956,band_2.pdf
2,model,1,61,0.50835468,-3.88744471,band_2.pdf
2,model,1,62,0.51971705,-3.36886350,band_2.pdf
2,model,1,63,0.53110727,-2.83070101,band_2.pdf
2,model,1,64,0.53678846,-2.63570292,band_2.pdf
2,model,1,65,0.54815083,-2.57087134,band_2.pdf
2,model,1,66,0.55383202,-2.51270997,band_2.pdf
2,model,1,67,0.55951320,-2.49030848,band_2.pdf
2,model,1,68,0.56519439,-2.48194823,band_2.pdf
2,model,1,69,0.57658460,-2.48289697,band_2.pdf
2,model,1,70,0.59619027,-2.48466280,band_2.pdf
2,model,1,71,0.60315250,-2.49625870,band_2.pdf
2,model,1,72,0.61011474,-2.51715362,band_2.pdf
2,model,1,73,0.61707697,-2.57012411,band_2.pdf
2,model,1,74,0.62403921,-2.60456911,band_2.pdf
2,model,1,75,0.63100145,-2.71200123,band_2.pdf
2,model,1,76,0.65188816,-3.67518275,band_2.pdf
2,model,1,77,0.65885040,-3.96927595,band_2.pdf
2,model,1,78,0.66581263,-4.22989528,band_2.pdf
2,model,1,79,0.67277487,-4.44622283,band_2.pdf
2,model,1,80,0.67973711,-4.60897224,band_2.pdf
2,model,1,81,0.68669934,-4.71088666,band_2.pdf
2,model,1,82,0.69366158,-4.74728927,band_2.pdf
2,model,1,83,0.70062382,-4.71654437,band_2.pdf
2,model,1,84,0.70758605,-4.62052495,band_2.pdf
2,model,1,85,0.71454829,-4.46490111,band_2.pdf
2,model,1,86,0.72151053,-4.25910572,band_2.pdf
2,model,1,87,0.72847276,-4.01599257,band_2.pdf
2,model,1,88,0.73543500,-3.75084391,band_2.pdf
2,model,1,89,0.74239724,-3.58776146,band_2.pdf
2,model,1,90,0.75632171,-3.62537588,band_2.pdf
2,model,1,91,0.77024618,-3.64082509,band_2.pdf
2,model,1,92,0.79113290,-3.63284426,band_2.pdf
2,model,1,93,0.80505737,-3.62652677,band_2.pdf
2,model,1,94,0.82594408,-3.61512343,band_2.pdf
2,model,1,95,0.83986855,-3.62077604,band_2.pdf
2,model,1,96,0.84683079,-3.63035626,band_2.pdf
2,model,1,97,0.85379303,-3.63026935,band_2.pdf
2,model,1,98,0.86075526,-3.64537480,band_2.pdf
2,model,1,99,0.86771750,-3.67612415,band_2.pdf
2,model,1,100,0.87467974,-3.71522509,band_2.pdf
2,model,1,101,0.88164197,-3.76260411,band_2.pdf
2,model,1,102,0.89556645,-3.87997792,band_2.pdf
2,model,1,103,0.90949092,-4.02038682,band_2.pdf
2,model,1,104,0.94430211,-4.39352127,band_2.pdf
2,model,1,105,0.95822658,-4.51941091,band_2.pdf
2,model,1,106,0.96518881,-4.57206697,band_2.pdf
2,model,1,107,0.97215105,-4.61650337,band_2.pdf
2,model,1,108,0.97911329,-4.65191169,band_2.pdf
2,model,1,109,0.98607553,-4.67765766,band_2.pdf
2,model,1,110,0.99303776,-4.69328953,band_2.pdf
2,model,1,111,1.00000000,-4.69853085,band_2.pdf
2,model,1,112,1.00000000,-4.69853085,band_2.pdf
2,model,2,0,0.00000000,-2.45189458,band_2.pdf
2,model,2,1,0.00804834,-2.44891185,band_2.pdf
2,model,2,2,0.01606884,-2.43730571,band_2.pdf
2,model,2,3,0.02411719,-2.41207021,band_2.pdf
2,model,2,4,0.03216554,-2.49442965,band_2.pdf
2,model,2,5,0.04823438,-2.50198146,band_2.pdf
2,model,2,6,0.06430322,-2.49138205,band_2.pdf
2,model,2,7,0.07235157,-2.47641127,band_2.pdf
2,model,2,8,0.08039991,-2.45286541,band_2.pdf
2,model,2,9,0.08842041,-2.42150972,band_2.pdf
2,model,2,10,0.09646875,-2.45897868,band_2.pdf
2,model,2,11,0.10451710,-2.61584602,band_2.pdf
2,model,2,12,0.12863429,-3.12994961,band_2.pdf
2,model,2,13,0.15275148,-3.64430667,band_2.pdf
2,model,2,14,0.16079982,-3.65457536,band_2.pdf
2,model,2,15,0.16882032,-3.39462233,band_2.pdf
2,model,2,16,0.17686866,-3.17873440,band_2.pdf
2,model,2,17,0.18491701,-3.01100685,band_2.pdf
2,model,2,18,0.19293751,-2.88791034,band_2.pdf
2,model,2,19,0.20098585,-2.80193967,band_2.pdf
2,model,2,20,0.20903420,-2.74462566,band_2.pdf
2,model,2,21,0.21705470,-2.70825184,band_2.pdf
2,model,2,22,0.22510304,-2.68664943,band_2.pdf
2,model,2,23,0.23315139,-2.67542798,band_2.pdf
2,model,2,24,0.28096803,-2.66472951,band_2.pdf
2,model,2,25,0.29801159,-2.66888902,band_2.pdf
2,model,2,26,0.30940180,-2.68250344,band_2.pdf
2,model,2,27,0.32076417,-2.71050392,band_2.pdf
2,model,2,28,0.33212655,-2.75834346,band_2.pdf
2,model,2,29,0.34348892,-2.83094340,band_2.pdf
2,model,2,30,0.35487914,-2.93063116,band_2.pdf
2,model,2,31,0.36624151,-3.05392449,band_2.pdf
2,model,2,32,0.38328506,-3.25336376,band_2.pdf
2,model,2,33,0.38896625,-3.31256423,band_2.pdf
2,model,2,34,0.39467528,-3.36277239,band_2.pdf
2,model,2,35,0.40035647,-3.40103670,band_2.pdf
2,model,2,36,0.40603765,-3.42500434,band_2.pdf
2,model,2,37,0.41171884,-3.43316647,band_2.pdf
2,model,2,38,0.41740002,-3.51535106,band_2.pdf
2,model,2,39,0.42308121,-3.49825387,band_2.pdf
2,model,2,40,0.42876239,-3.47208113,band_2.pdf
2,model,2,41,0.44015261,-3.39891372,band_2.pdf
2,model,2,42,0.45151498,-3.30371750,band_2.pdf
2,model,2,43,0.45719617,-3.25157044,band_2.pdf
2,model,2,44,0.47992091,-3.08157725,band_2.pdf
2,model,2,45,0.53110727,-2.67246404,band_2.pdf
2,model,2,46,0.53678846,-2.57054495,band_2.pdf
2,model,2,47,0.54246965,-2.49081967,band_2.pdf
2,model,2,48,0.54815083,-2.45911744,band_2.pdf
2,model,2,49,0.55383202,-2.35987398,band_2.pdf
2,model,2,50,0.56519439,-2.42683754,band_2.pdf
2,model,2,51,0.57087557,-2.44547689,band_2.pdf
2,model,2,52,0.58226579,-2.45189458,band_2.pdf
2,model,2,53,0.58922803,-2.44998786,band_2.pdf
2,model,2,54,0.59619027,-2.43551689,band_2.pdf
2,model,2,55,0.60315250,-2.40104090,band_2.pdf
2,model,2,56,0.61011474,-2.40287842,band_2.pdf
2,model,2,57,0.61707697,-2.54530045,band_2.pdf
2,model,2,58,0.62403921,-2.58280418,band_2.pdf
2,model,2,59,0.63100145,-2.64639623,band_2.pdf
2,model,2,60,0.63796368,-2.69597945,band_2.pdf
2,model,2,61,0.65188816,-2.81609490,band_2.pdf
2,model,2,62,0.66581263,-2.95648040,band_2.pdf
2,model,2,63,0.69366158,-3.24998343,band_2.pdf
2,model,2,64,0.70758605,-3.37853585,band_2.pdf
2,model,2,65,0.72151053,-3.48302359,band_2.pdf
2,model,2,66,0.72847276,-3.52495066,band_2.pdf
2,model,2,67,0.73543500,-3.55977064,band_2.pdf
2,model,2,68,0.74935947,-3.60826838,band_2.pdf
2,model,2,69,0.76328395,-3.63170860,band_2.pdf
2,model,2,70,0.77024618,-3.63489691,band_2.pdf
2,model,2,71,0.83290632,-3.59366795,band_2.pdf
2,model,2,72,0.84683079,-3.60663266,band_2.pdf
2,model,2,73,0.85379303,-3.62111026,band_2.pdf
2,model,2,74,0.86075526,-3.56475257,band_2.pdf
2,model,2,75,0.86771750,-3.48154008,band_2.pdf
2,model,2,76,0.87467974,-3.37917016,band_2.pdf
2,model,2,77,0.88164197,-3.25763625,band_2.pdf
2,model,2,78,0.88860421,-3.11719589,band_2.pdf
2,model,2,79,0.89556645,-2.95839103,band_2.pdf
2,model,2,80,0.90252868,-2.78213828,band_2.pdf
2,model,2,81,0.91645316,-2.39227013,band_2.pdf
2,model,2,82,0.92341540,-2.38725508,band_2.pdf
2,model,2,83,0.93733987,-2.45520452,band_2.pdf
2,model,2,84,0.95822658,-2.56262912,band_2.pdf
2,model,2,85,0.97215105,-2.62107607,band_2.pdf
2,model,2,86,0.98607553,-2.65931496,band_2.pdf
2,model,2,87,1.00000000,-2.67258698,band_2.pdf
2,model,2,88,1.00000000,-2.67258698,band_2.pdf
2,model,3,0,0.00000000,-1.90692165,band_2.pdf
2,model,3,1,0.00804834,-1.94601033,band_2.pdf
2,model,3,2,0.01606884,-2.06266428,band_2.pdf
2,model,3,3,0.02411719,-2.25348996,band_2.pdf
2,model,3,4,0.03216554,-2.37180694,band_2.pdf
2,model,3,5,0.04018603,-2.35050853,band_2.pdf
2,model,3,6,0.04823438,-2.50149243,band_2.pdf
2,model,3,7,0.06430322,-2.49036334,band_2.pdf
2,model,3,8,0.07235157,-2.47470132,band_2.pdf
2,model,3,9,0.08039991,-2.45002631,band_2.pdf
2,model,3,10,0.08842041,-2.41465129,band_2.pdf
2,model,3,11,0.09646875,-2.36708517,band_2.pdf
2,model,3,12,0.10451710,-2.30608392,band_2.pdf
2,model,3,13,0.11253760,-2.23072185,band_2.pdf
2,model,3,14,0.12058594,-2.14042768,band_2.pdf
2,model,3,15,0.12863429,-2.03505555,band_2.pdf
2,model,3,16,0.13665478,-1.91491894,band_2.pdf
2,model,3,17,0.14470313,-1.78094390,band_2.pdf
2,model,3,18,0.15275148,-1.63546178,band_2.pdf
2,model,3,19,0.16079982,-1.58139627,band_2.pdf
2,model,3,20,0.17686866,-1.94028597,band_2.pdf
2,model,3,21,0.18491701,-2.10198154,band_2.pdf
2,model,3,22,0.19293751,-2.24694898,band_2.pdf
2,model,3,23,0.20098585,-2.37316253,band_2.pdf
2,model,3,24,0.20903420,-2.47887771,band_2.pdf
2,model,3,25,0.21705470,-2.56265175,band_2.pdf
2,model,3,26,0.22510304,-2.62332679,band_2.pdf
2,model,3,27,0.23315139,-2.66006605,band_2.pdf
2,model,3,28,0.24117188,-2.67175615,band_2.pdf
2,model,3,29,0.24685307,-2.66774464,band_2.pdf
2,model,3,30,0.25256210,-2.65529931,band_2.pdf
2,model,3,31,0.25824329,-2.63487031,band_2.pdf
2,model,3,32,0.26960566,-2.57246203,band_2.pdf
2,model,3,33,0.28096803,-2.48781390,band_2.pdf
2,model,3,34,0.30372062,-2.30548326,band_2.pdf
2,model,3,35,0.30940180,-2.27129392,band_2.pdf
2,model,3,36,0.31508299,-2.24724641,band_2.pdf
2,model,3,37,0.32076417,-2.23575016,band_2.pdf
2,model,3,38,0.32644536,-2.23853743,band_2.pdf
2,model,3,39,0.33212655,-2.25960062,band_2.pdf
2,model,3,40,0.33780773,-2.37785646,band_2.pdf
2,model,3,41,0.34919795,-2.65000532,band_2.pdf
2,model,3,42,0.36056032,-2.88765438,band_2.pdf
2,model,3,43,0.36624151,-2.99146533,band_2.pdf
2,model,3,44,0.37192269,-3.08445303,band_2.pdf
2,model,3,45,0.37760388,-3.16611695,band_2.pdf
2,model,3,46,0.38328506,-3.23601565,band_2.pdf
2,model,3,47,0.38896625,-3.29374695,band_2.pdf
2,model,3,48,0.39467528,-3.33898142,band_2.pdf
2,model,3,49,0.40035647,-3.37148066,band_2.pdf
2,model,3,50,0.40603765,-3.39106585,band_2.pdf
2,model,3,51,0.41171884,-3.39761104,band_2.pdf
2,model,3,52,0.42308121,-3.38755032,band_2.pdf
2,model,3,53,0.43444358,-3.35784373,band_2.pdf
2,model,3,54,0.44583380,-3.30973212,band_2.pdf
2,model,3,55,0.45719617,-3.24255408,band_2.pdf
2,model,3,56,0.46855854,-3.12689094,band_2.pdf
2,model,3,57,0.50267350,-2.74742981,band_2.pdf
2,model,3,58,0.51403587,-2.64505474,band_2.pdf
2,model,3,59,0.52539824,-2.56703877,band_2.pdf
2,model,3,60,0.53678846,-2.51288102,band_2.pdf
2,model,3,61,0.54246965,-2.32471107,band_2.pdf
2,model,3,62,0.54815083,-2.29366110,band_2.pdf
2,model,3,63,0.55383202,-2.34579239,band_2.pdf
2,model,3,64,0.56519439,-2.07949966,band_2.pdf
2,model,3,65,0.57087557,-1.98451619,band_2.pdf
2,model,3,66,0.57658460,-1.92643900,band_2.pdf
2,model,3,67,0.58226579,-1.90692165,band_2.pdf
2,model,3,68,0.58922803,-1.93614377,band_2.pdf
2,model,3,69,0.59619027,-2.02239793,band_2.pdf
2,model,3,70,0.61011474,-2.28964195,band_2.pdf
2,model,3,71,0.61707697,-2.23997768,band_2.pdf
2,model,3,72,0.62403921,-2.40476985,band_2.pdf
2,model,3,73,0.63100145,-2.62800044,band_2.pdf
2,model,3,74,0.63796368,-2.68105470,band_2.pdf
2,model,3,75,0.65188816,-2.80753701,band_2.pdf
2,model,3,76,0.66581263,-2.95285472,band_2.pdf
2,model,3,77,0.68669934,-3.17769964,band_2.pdf
2,model,3,78,0.70062382,-3.31460971,band_2.pdf
2,model,3,79,0.71454829,-3.43165825,band_2.pdf
2,model,3,80,0.72847276,-3.52320901,band_2.pdf
2,model,3,81,0.73543500,-3.55863367,band_2.pdf
2,model,3,82,0.74239724,-3.47981460,band_2.pdf
2,model,3,83,0.74935947,-3.21825026,band_2.pdf
2,model,3,84,0.75632171,-2.97864543,band_2.pdf
2,model,3,85,0.76328395,-2.76963003,band_2.pdf
2,model,3,86,0.77024618,-2.59546139,band_2.pdf
2,model,3,87,0.77720842,-2.45633912,band_2.pdf
2,model,3,88,0.78417066,-2.34934242,band_2.pdf
2,model,3,89,0.79113290,-2.27087640,band_2.pdf
2,model,3,90,0.80505737,-2.32714996,band_2.pdf
2,model,3,91,0.81898184,-2.36085270,band_2.pdf
2,model,3,92,0.83290632,-2.37122003,band_2.pdf
2,model,3,93,0.84683079,-2.36115291,band_2.pdf
2,model,3,94,0.88860421,-2.30371916,band_2.pdf
2,model,3,95,0.89556645,-2.30699628,band_2.pdf
2,model,3,96,0.90252868,-2.31705754,band_2.pdf
2,model,3,97,0.91645316,-2.35714312,band_2.pdf
2,model,3,98,0.93037763,-2.41823911,band_2.pdf
2,model,3,99,0.96518881,-2.59305148,band_2.pdf
2,model,3,100,0.97911329,-2.64224514,band_2.pdf
2,model,3,101,0.99303776,-2.66841178,band_2.pdf
2,model,3,102,1.00000000,-2.67175615,band_2.pdf
2,model,3,103,1.00000000,-2.67175615,band_2.pdf
2,model,4,0,0.00000000,-1.41127789,band_2.pdf
2,model,4,1,0.00804834,-1.45189321,band_2.pdf
2,model,4,2,0.01606884,-1.57224068,band_2.pdf
2,model,4,3,0.02411719,-1.76779127,band_2.pdf
2,model,4,4,0.03216554,-2.03083804,band_2.pdf
2,model,4,5,0.04018603,-2.31796723,band_2.pdf
2,model,4,6,0.04823438,-2.25210883,band_2.pdf
2,model,4,7,0.05628272,-2.17546605,band_2.pdf
2,model,4,8,0.07235157,-2.00584310,band_2.pdf
2,model,4,9,0.08842041,-2.28640233,band_2.pdf
2,model,4,10,0.09646875,-2.35778881,band_2.pdf
2,model,4,11,0.10451710,-2.30340739,band_2.pdf
2,model,4,12,0.11253760,-2.22919112,band_2.pdf
2,model,4,13,0.12058594,-2.13923875,band_2.pdf
2,model,4,14,0.12863429,-2.03387160,band_2.pdf
2,model,4,15,0.13665478,-1.91348568,band_2.pdf
2,model,4,16,0.14470313,-1.77890648,band_2.pdf
2,model,4,17,0.15275148,-1.63144862,band_2.pdf
2,model,4,18,0.16882032,-1.30606324,band_2.pdf
2,model,4,19,0.19293751,-0.79156114,band_2.pdf
2,model,4,20,0.20098585,-0.63130755,band_2.pdf
2,model,4,21,0.20903420,-0.48723191,band_2.pdf
2,model,4,22,0.21705470,-0.36719449,band_2.pdf
2,model,4,23,0.22510304,-0.28016571,band_2.pdf
2,model,4,24,0.23315139,-0.23250954,band_2.pdf
2,model,4,25,0.24117188,-0.21867626,band_2.pdf
2,model,4,26,0.24685307,-0.22782829,band_2.pdf
2,model,4,27,0.25256210,-0.26057631,band_2.pdf
2,model,4,28,0.25824329,-0.32066556,band_2.pdf
2,model,4,29,0.26392447,-0.40612669,band_2.pdf
2,model,4,30,0.26960566,-0.51341970,band_2.pdf
2,model,4,31,0.27528684,-0.63871094,band_2.pdf
2,model,4,32,0.28096803,-0.77831033,band_2.pdf
2,model,4,33,0.29233040,-1.08725243,band_2.pdf
2,model,4,34,0.33212655,-2.22231675,band_2.pdf
2,model,4,35,0.33780773,-2.28179213,band_2.pdf
2,model,4,36,0.34348892,-2.32357150,band_2.pdf
2,model,4,37,0.35487914,-2.42710848,band_2.pdf
2,model,4,38,0.37192269,-2.59208461,band_2.pdf
2,model,4,39,0.38328506,-2.68342059,band_2.pdf
2,model,4,40,0.38896625,-2.71950688,band_2.pdf
2,model,4,41,0.39467528,-2.74819511,band_2.pdf
2,model,4,42,0.40035647,-2.76900419,band_2.pdf
2,model,4,43,0.40603765,-2.78161305,band_2.pdf
2,model,4,44,0.41171884,-2.78583619,band_2.pdf
2,model,4,45,0.41740002,-2.70546541,band_2.pdf
2,model,4,46,0.42308121,-2.53655337,band_2.pdf
2,model,4,47,0.43444358,-2.16569161,band_2.pdf
2,model,4,48,0.44583380,-1.83307336,band_2.pdf
2,model,4,49,0.45151498,-1.68513630,band_2.pdf
2,model,4,50,0.45719617,-1.54873529,band_2.pdf
2,model,4,51,0.46287735,-1.42407220,band_2.pdf
2,model,4,52,0.47423972,-1.45318286,band_2.pdf
2,model,4,53,0.49699231,-1.51832958,band_2.pdf
2,model,4,54,0.50267350,-1.55657522,band_2.pdf
2,model,4,55,0.52539824,-1.97848492,band_2.pdf
2,model,4,56,0.53678846,-2.15385428,band_2.pdf
2,model,4,57,0.54246965,-2.22846088,band_2.pdf
2,model,4,58,0.54815083,-2.09895853,band_2.pdf
2,model,4,59,0.55383202,-1.89861633,band_2.pdf
2,model,4,60,0.55951320,-1.72827801,band_2.pdf
2,model,4,61,0.56519439,-1.59180295,band_2.pdf
2,model,4,62,0.57087557,-1.49220933,band_2.pdf
2,model,4,63,0.57658460,-1.43161346,band_2.pdf
2,model,4,64,0.58226579,-1.41127789,band_2.pdf
2,model,4,65,0.58922803,-1.44175334,band_2.pdf
2,model,4,66,0.59619027,-1.53221748,band_2.pdf
2,model,4,67,0.60315250,-1.67970326,band_2.pdf
2,model,4,68,0.61011474,-1.87922541,band_2.pdf
2,model,4,69,0.61707697,-2.12381300,band_2.pdf
2,model,4,70,0.62403921,-2.14714231,band_2.pdf
2,model,4,71,0.63100145,-2.03542111,band_2.pdf
2,model,4,72,0.63796368,-1.90734699,band_2.pdf
2,model,4,73,0.64492592,-1.76402114,band_2.pdf
2,model,4,74,0.65885040,-1.44512638,band_2.pdf
2,model,4,75,0.66581263,-1.39553049,band_2.pdf
2,model,4,76,0.68669934,-1.34594828,band_2.pdf
2,model,4,77,0.69366158,-1.35679735,band_2.pdf
2,model,4,78,0.70062382,-1.41731105,band_2.pdf
2,model,4,79,0.73543500,-1.82910144,band_2.pdf
2,model,4,80,0.74935947,-1.96990978,band_2.pdf
2,model,4,81,0.76328395,-2.09077970,band_2.pdf
2,model,4,82,0.77720842,-2.19104471,band_2.pdf
2,model,4,83,0.79113290,-2.26895943,band_2.pdf
2,model,4,84,0.80505737,-2.32591446,band_2.pdf
2,model,4,85,0.81898184,-2.35987363,band_2.pdf
2,model,4,86,0.83290632,-2.37036425,band_2.pdf
2,model,4,87,0.84683079,-2.36011767,band_2.pdf
2,model,4,88,0.88860421,-2.30090340,band_2.pdf
2,model,4,89,0.89556645,-2.30400734,band_2.pdf
2,model,4,90,0.90949092,-2.33033542,band_2.pdf
2,model,4,91,0.91645316,-2.34399600,band_2.pdf
2,model,4,92,0.92341540,-2.15795335,band_2.pdf
2,model,4,93,0.93733987,-1.69057633,band_2.pdf
2,model,4,94,0.95822658,-0.98106760,band_2.pdf
2,model,4,95,0.96518881,-0.76588010,band_2.pdf
2,model,4,96,0.97215105,-0.57394122,band_2.pdf
2,model,4,97,0.97911329,-0.41403766,band_2.pdf
2,model,4,98,0.98607553,-0.29608956,band_2.pdf
2,model,4,99,0.99303776,-0.23287735,band_2.pdf
2,model,4,100,1.00000000,-0.21867626,band_2.pdf
2,model,4,101,1.00000000,-0.21867626,band_2.pdf
2,model,5,0,0.00000000,-1.38050401,band_2.pdf
2,model,5,1,0.00804834,-1.38742264,band_2.pdf
2,model,5,2,0.01606884,-1.41133886,band_2.pdf
2,model,5,3,0.02411719,-1.45161131,band_2.pdf
2,model,5,4,0.03216554,-1.50772212,band_2.pdf
2,model,5,5,0.04018603,-1.57923189,band_2.pdf
2,model,5,6,0.04823438,-1.66558150,band_2.pdf
2,model,5,7,0.05628272,-1.76607811,band_2.pdf
2,model,5,8,0.07235157,-1.99438590,band_2.pdf
2,model,5,9,0.08842041,-1.78402723,band_2.pdf
2,model,5,10,0.10451710,-1.55447073,band_2.pdf
2,model,5,11,0.12863429,-1.19996586,band_2.pdf
2,model,5,12,0.13665478,-1.09614935,band_2.pdf
2,model,5,13,0.14470313,-1.17518895,band_2.pdf
2,model,5,14,0.15275148,-1.37272238,band_2.pdf
2,model,5,15,0.16079982,-1.46639748,band_2.pdf
2,model,5,16,0.16882032,-1.30547390,band_2.pdf
2,model,5,17,0.20098585,-0.62869530,band_2.pdf
2,model,5,18,0.20903420,-0.48287262,band_2.pdf
2,model,5,19,0.21705470,-0.35932878,band_2.pdf
2,model,5,20,0.22510304,-0.26488649,band_2.pdf
2,model,5,21,0.23315139,-0.20546911,band_2.pdf
2,model,5,22,0.24117188,-0.18517484,band_2.pdf
2,model,5,23,0.24685307,-0.19182975,band_2.pdf
2,model,5,24,0.25256210,-0.21607551,band_2.pdf
2,model,5,25,0.25824329,-0.26524790,band_2.pdf
2,model,5,26,0.26392447,-0.33456034,band_2.pdf
2,model,5,27,0.26960566,-0.42009488,band_2.pdf
2,model,5,28,0.27528684,-0.51941228,band_2.pdf
2,model,5,29,0.28664922,-0.74885419,band_2.pdf
2,model,5,30,0.30940180,-1.23773379,band_2.pdf
2,model,5,31,0.31508299,-1.34434094,band_2.pdf
2,model,5,32,0.32076417,-1.43732958,band_2.pdf
2,model,5,33,0.32644536,-1.51371991,band_2.pdf
2,model,5,34,0.33212655,-1.57143408,band_2.pdf
2,model,5,35,0.33780773,-1.60956828,band_2.pdf
2,model,5,36,0.34348892,-1.62856502,band_2.pdf
2,model,5,37,0.34919795,-1.63014137,band_2.pdf
2,model,5,38,0.35487914,-1.61702280,band_2.pdf
2,model,5,39,0.36056032,-1.59255397,band_2.pdf
2,model,5,40,0.37192269,-1.52384497,band_2.pdf
2,model,5,41,0.38328506,-1.45146260,band_2.pdf
2,model,5,42,0.38896625,-1.42219783,band_2.pdf
2,model,5,43,0.39467528,-1.40335181,band_2.pdf
2,model,5,44,0.40035647,-1.39965764,band_2.pdf
2,model,5,45,0.41171884,-1.40865895,band_2.pdf
2,model,5,46,0.42308121,-1.40203959,band_2.pdf
2,model,5,47,0.44015261,-1.38568359,band_2.pdf
2,model,5,48,0.45151498,-1.39506154,band_2.pdf
2,model,5,49,0.46287735,-1.42029466,band_2.pdf
2,model,5,50,0.46855854,-1.31624258,band_2.pdf
2,model,5,51,0.47423972,-1.25433181,band_2.pdf
2,model,5,52,0.47992091,-1.24804679,band_2.pdf
2,model,5,53,0.48562994,-1.25873749,band_2.pdf
2,model,5,54,0.49131113,-1.29906517,band_2.pdf
2,model,5,55,0.49699231,-1.40956550,band_2.pdf
2,model,5,56,0.50267350,-1.50229968,band_2.pdf
2,model,5,57,0.50835468,-1.52120791,band_2.pdf
2,model,5,58,0.51971705,-1.52113106,band_2.pdf
2,model,5,59,0.53110727,-1.50075686,band_2.pdf
2,model,5,60,0.54815083,-1.44798889,band_2.pdf
2,model,5,61,0.56519439,-1.39701151,band_2.pdf
2,model,5,62,0.57658460,-1.38105046,band_2.pdf
2,model,5,63,0.58922803,-1.38202408,band_2.pdf
2,model,5,64,0.61011474,-1.40158249,band_2.pdf
2,model,5,65,0.63100145,-1.42328497,band_2.pdf
2,model,5,66,0.64492592,-1.42285311,band_2.pdf
2,model,5,67,0.65188816,-1.41580681,band_2.pdf
2,model,5,68,0.65885040,-1.39994298,band_2.pdf
2,model,5,69,0.66581263,-1.36151243,band_2.pdf
2,model,5,70,0.68669934,-1.29826929,band_2.pdf
2,model,5,71,0.69366158,-1.31594101,band_2.pdf
2,model,5,72,0.70062382,-1.39890531,band_2.pdf
2,model,5,73,0.72151053,-1.66552000,band_2.pdf
2,model,5,74,0.73543500,-1.82607890,band_2.pdf
2,model,5,75,0.74935947,-1.96763614,band_2.pdf
2,model,5,76,0.76328395,-2.08885871,band_2.pdf
2,model,5,77,0.77720842,-2.18934133,band_2.pdf
2,model,5,78,0.79113290,-2.26842306,band_2.pdf
2,model,5,79,0.79809513,-2.21045163,band_2.pdf
2,model,5,80,0.80505737,-2.16606221,band_2.pdf
2,model,5,81,0.83290632,-2.02220988,band_2.pdf
2,model,5,82,0.83986855,-1.97309472,band_2.pdf
2,model,5,83,0.84683079,-1.91261615,band_2.pdf
2,model,5,84,0.85379303,-1.83874736,band_2.pdf
2,model,5,85,0.86075526,-1.74991147,band_2.pdf
2,model,5,86,0.86771750,-1.64489601,band_2.pdf
2,model,5,87,0.87467974,-1.52284807,band_2.pdf
2,model,5,88,0.88164197,-1.38330318,band_2.pdf
2,model,5,89,0.88860421,-1.22656910,band_2.pdf
2,model,5,90,0.90252868,-0.89371237,band_2.pdf
2,model,5,91,0.90949092,-0.79435688,band_2.pdf
2,model,5,92,0.92341540,-0.64700163,band_2.pdf
2,model,5,93,0.93733987,-0.51857060,band_2.pdf
2,model,5,94,0.95126434,-0.40301114,band_2.pdf
2,model,5,95,0.96518881,-0.30841142,band_2.pdf
2,model,5,96,0.97215105,-0.27102084,band_2.pdf
2,model,5,97,0.98607553,-0.21699024,band_2.pdf
2,model,5,98,0.99303776,-0.19612576,band_2.pdf
2,model,5,99,1.00000000,-0.18517484,band_2.pdf
2,model,5,100,1.00000000,-0.18517484,band_2.pdf
2,model,6,0,0.00000000,-1.37335094,band_2.pdf
2,model,6,1,0.00804834,-1.37040768,band_2.pdf
2,model,6,2,0.01606884,-1.35743344,band_2.pdf
2,model,6,3,0.02411719,-1.33368625,band_2.pdf
2,model,6,4,0.03216554,-1.29939470,band_2.pdf
2,model,6,5,0.04018603,-1.25545545,band_2.pdf
2,model,6,6,0.04823438,-1.20298804,band_2.pdf
2,model,6,7,0.05628272,-1.14299128,band_2.pdf
2,model,6,8,0.07235157,-1.00235991,band_2.pdf
2,model,6,9,0.08039991,-0.92074438,band_2.pdf
2,model,6,10,0.08842041,-0.82879850,band_2.pdf
2,model,6,11,0.09646875,-0.72200288,band_2.pdf
2,model,6,12,0.10451710,-0.59309420,band_2.pdf
2,model,6,13,0.11253760,-0.43159989,band_2.pdf
2,model,6,14,0.12058594,-0.51350223,band_2.pdf
2,model,6,15,0.13665478,-0.92754807,band_2.pdf
2,model,6,16,0.14470313,-0.94595867,band_2.pdf
2,model,6,17,0.16882032,-0.64189955,band_2.pdf
2,model,6,18,0.17686866,-0.55073615,band_2.pdf
2,model,6,19,0.18491701,-0.46769791,band_2.pdf
2,model,6,20,0.19293751,-0.39363905,band_2.pdf
2,model,6,21,0.20098585,-0.32916492,band_2.pdf
2,model,6,22,0.20903420,-0.27454308,band_2.pdf
2,model,6,23,0.21705470,-0.22933586,band_2.pdf
2,model,6,24,0.22510304,-0.19182928,band_2.pdf
2,model,6,25,0.23315139,-0.16188831,band_2.pdf
2,model,6,26,0.24117188,-0.14934711,band_2.pdf
2,model,6,27,0.25824329,-0.17321107,band_2.pdf
2,model,6,28,0.26960566,-0.16761024,band_2.pdf
2,model,6,29,0.28664922,-0.14687232,band_2.pdf
2,model,6,30,0.31508299,-0.09660088,band_2.pdf
2,model,6,31,0.32644536,-0.08077924,band_2.pdf
2,model,6,32,0.33212655,-0.15713449,band_2.pdf
2,model,6,33,0.34348892,-0.46032053,band_2.pdf
2,model,6,34,0.35487914,-0.73122418,band_2.pdf
2,model,6,35,0.36056032,-0.85074070,band_2.pdf
2,model,6,36,0.36624151,-0.95880642,band_2.pdf
2,model,6,37,0.37192269,-1.05486198,band_2.pdf
2,model,6,38,0.37760388,-1.13832556,band_2.pdf
2,model,6,39,0.38328506,-1.20841451,band_2.pdf
2,model,6,40,0.38896625,-1.26373796,band_2.pdf
2,model,6,41,0.39467528,-1.30130445,band_2.pdf
2,model,6,42,0.40035647,-1.31764741,band_2.pdf
2,model,6,43,0.41740002,-1.31798169,band_2.pdf
2,model,6,44,0.42876239,-1.31285206,band_2.pdf
2,model,6,45,0.44015261,-1.29374310,band_2.pdf
2,model,6,46,0.45151498,-1.24888888,band_2.pdf
2,model,6,47,0.46287735,-1.19581850,band_2.pdf
2,model,6,48,0.46855854,-1.18495876,band_2.pdf
2,model,6,49,0.47423972,-1.14666466,band_2.pdf
2,model,6,50,0.47992091,-1.07821007,band_2.pdf
2,model,6,51,0.48562994,-1.14987981,band_2.pdf
2,model,6,52,0.49131113,-1.24551352,band_2.pdf
2,model,6,53,0.49699231,-1.27050355,band_2.pdf
2,model,6,54,0.51403587,-1.30863354,band_2.pdf
2,model,6,55,0.53678846,-1.34699365,band_2.pdf
2,model,6,56,0.55951320,-1.37052600,band_2.pdf
2,model,6,57,0.57658460,-1.37483351,band_2.pdf
2,model,6,58,0.58922803,-1.37486360,band_2.pdf
2,model,6,59,0.61011474,-1.39212124,band_2.pdf
2,model,6,60,0.63100145,-1.40476991,band_2.pdf
2,model,6,61,0.64492592,-1.39671035,band_2.pdf
2,model,6,62,0.65188816,-1.38576411,band_2.pdf
2,model,6,63,0.65885040,-1.36478262,band_2.pdf
2,model,6,64,0.66581263,-1.23300888,band_2.pdf
2,model,6,65,0.67277487,-1.05874894,band_2.pdf
2,model,6,66,0.67973711,-1.10738763,band_2.pdf
2,model,6,67,0.68669934,-1.19486514,band_2.pdf
2,model,6,68,0.69366158,-1.25146374,band_2.pdf
2,model,6,69,0.70062382,-1.24869899,band_2.pdf
2,model,6,70,0.71454829,-1.20717830,band_2.pdf
2,model,6,71,0.74239724,-1.11581707,band_2.pdf
2,model,6,72,0.75632171,-1.07967094,band_2.pdf
2,model,6,73,0.77024618,-1.05299081,band_2.pdf
2,model,6,74,0.78417066,-1.03688294,band_2.pdf
2,model,6,75,0.79113290,-1.03334791,band_2.pdf
2,model,6,76,0.80505737,-1.04357399,band_2.pdf
2,model,6,77,0.84683079,-1.09238444,band_2.pdf
2,model,6,78,0.85379303,-1.08986332,band_2.pdf
2,model,6,79,0.86075526,-1.08013231,band_2.pdf
2,model,6,80,0.86771750,-1.06190010,band_2.pdf
2,model,6,81,0.87467974,-1.03427075,band_2.pdf
2,model,6,82,0.88164197,-0.99676020,band_2.pdf
2,model,6,83,0.88860421,-0.94906705,band_2.pdf
2,model,6,84,0.91645316,-0.70925846,band_2.pdf
2,model,6,85,0.93037763,-0.57318972,band_2.pdf
2,model,6,86,0.94430211,-0.43902425,band_2.pdf
2,model,6,87,0.95822658,-0.32401521,band_2.pdf
2,model,6,88,0.96518881,-0.27626530,band_2.pdf
2,model,6,89,0.97215105,-0.23598330,band_2.pdf
2,model,6,90,0.97911329,-0.20352038,band_2.pdf
2,model,6,91,0.99303776,-0.15924022,band_2.pdf
2,model,6,92,1.00000000,-0.14934711,band_2.pdf
2,model,6,93,1.00000000,-0.14934711,band_2.pdf
2,model,7,0,0.00000000,-0.43115257,band_2.pdf
2,model,7,1,0.03216554,-0.42472327,band_2.pdf
2,model,7,2,0.04823438,-0.43093104,band_2.pdf
2,model,7,3,0.06430322,-0.42114363,band_2.pdf
2,model,7,4,0.07235157,-0.40562119,band_2.pdf
2,model,7,5,0.08039991,-0.38049044,band_2.pdf
2,model,7,6,0.08842041,-0.34398592,band_2.pdf
2,model,7,7,0.09646875,-0.29467566,band_2.pdf
2,model,7,8,0.10451710,-0.23320991,band_2.pdf
2,model,7,9,0.11253760,-0.30344087,band_2.pdf
2,model,7,10,0.12058594,-0.22509341,band_2.pdf
2,model,7,11,0.12863429,0.01402370,band_2.pdf
2,model,7,12,0.13665478,0.18319987,band_2.pdf
2,model,7,13,0.14470313,0.33753382,band_2.pdf
2,model,7,14,0.15275148,0.50368881,band_2.pdf
2,model,7,15,0.16079982,0.68306588,band_2.pdf
2,model,7,16,0.17686866,1.07409861,band_2.pdf
2,model,7,17,0.20098585,1.68100008,band_2.pdf
2,model,7,18,0.20903420,1.86278131,band_2.pdf
2,model,7,19,0.21705470,2.01846102,band_2.pdf
2,model,7,20,0.22510304,2.13536968,band_2.pdf
2,model,7,21,0.23315139,2.20102664,band_2.pdf
2,model,7,22,0.24117188,2.21951805,band_2.pdf
2,model,7,23,0.24685307,2.20719660,band_2.pdf
2,model,7,24,0.25256210,2.16303784,band_2.pdf
2,model,7,25,0.25824329,2.08368417,band_2.pdf
2,model,7,26,0.26392447,1.97309146,band_2.pdf
2,model,7,27,0.26960566,1.83685895,band_2.pdf
2,model,7,28,0.27528684,1.68061034,band_2.pdf
2,model,7,29,0.28664922,1.32799051,band_2.pdf
2,model,7,30,0.32076417,0.20022880,band_2.pdf
2,model,7,31,0.32644536,0.03077512,band_2.pdf
2,model,7,32,0.33212655,-0.04942295,band_2.pdf
2,model,7,33,0.34348892,-0.03432532,band_2.pdf
2,model,7,34,0.37192269,0.01163139,band_2.pdf
2,model,7,35,0.37760388,-0.00652243,band_2.pdf
2,model,7,36,0.38328506,-0.32012943,band_2.pdf
2,model,7,37,0.38896625,-0.59822205,band_2.pdf
2,model,7,38,0.39467528,-0.82079528,band_2.pdf
2,model,7,39,0.40035647,-0.98348237,band_2.pdf
2,model,7,40,0.40603765,-1.08268489,band_2.pdf
2,model,7,41,0.41171884,-1.11601538,band_2.pdf
2,model,7,42,0.42876239,-1.12391485,band_2.pdf
2,model,7,43,0.46287735,-1.15535408,band_2.pdf
2,model,7,44,0.46855854,-1.12690924,band_2.pdf
2,model,7,45,0.47992091,-1.04371156,band_2.pdf
2,model,7,46,0.48562994,-0.98632681,band_2.pdf
2,model,7,47,0.50267350,-0.84059519,band_2.pdf
2,model,7,48,0.51971705,-0.69586066,band_2.pdf
2,model,7,49,0.53110727,-0.60911136,band_2.pdf
2,model,7,50,0.54246965,-0.53515778,band_2.pdf
2,model,7,51,0.55383202,-0.47811631,band_2.pdf
2,model,7,52,0.56519439,-0.44247172,band_2.pdf
2,model,7,53,0.57658460,-0.43106441,band_2.pdf
2,model,7,54,0.59619027,-0.43628433,band_2.pdf
2,model,7,55,0.60315250,-0.44972320,band_2.pdf
2,model,7,56,0.61011474,-0.47048748,band_2.pdf
2,model,7,57,0.61707697,-0.49869047,band_2.pdf
2,model,7,58,0.62403921,-0.53477279,band_2.pdf
2,model,7,59,0.63100145,-0.57914935,band_2.pdf
2,model,7,60,0.63796368,-0.63204519,band_2.pdf
2,model,7,61,0.64492592,-0.69336395,band_2.pdf
2,model,7,62,0.65885040,-0.83894099,band_2.pdf
2,model,7,63,0.67277487,-1.00561600,band_2.pdf
2,model,7,64,0.68669934,-1.17489715,band_2.pdf
2,model,7,65,0.69366158,-1.22782995,band_2.pdf
2,model,7,66,0.70062382,-1.22306357,band_2.pdf
2,model,7,67,0.74935947,-1.07189470,band_2.pdf
2,model,7,68,0.76328395,-1.04668202,band_2.pdf
2,model,7,69,0.77720842,-1.03350462,band_2.pdf
2,model,7,70,0.79809513,-1.03139539,band_2.pdf
2,model,7,71,0.81898184,-1.04032080,band_2.pdf
2,model,7,72,0.84683079,-1.05618605,band_2.pdf
2,model,7,73,0.86075526,-1.04404430,band_2.pdf
2,model,7,74,0.86771750,-1.02810298,band_2.pdf
2,model,7,75,0.87467974,-1.00427836,band_2.pdf
2,model,7,76,0.88164197,-0.97213182,band_2.pdf
2,model,7,77,0.88860421,-0.93164637,band_2.pdf
2,model,7,78,0.89556645,-0.88164747,band_2.pdf
2,model,7,79,0.90252868,-0.79116614,band_2.pdf
2,model,7,80,0.90949092,-0.61010127,band_2.pdf
2,model,7,81,0.91645316,-0.38426045,band_2.pdf
2,model,7,82,0.92341540,-0.13737392,band_2.pdf
2,model,7,83,0.93733987,0.39986039,band_2.pdf
2,model,7,84,0.95822658,1.24620086,band_2.pdf
2,model,7,85,0.96518881,1.51198436,band_2.pdf
2,model,7,86,0.97215105,1.75339987,band_2.pdf
2,model,7,87,0.97911329,1.95832734,band_2.pdf
2,model,7,88,0.98607553,2.11310263,band_2.pdf
2,model,7,89,0.99303776,2.19996758,band_2.pdf
2,model,7,90,1.00000000,2.21951805,band_2.pdf
2,model,7,91,1.00000000,2.21951805,band_2.pdf
2,model,8,0,0.00000000,-0.41109884,band_2.pdf
2,model,8,1,0.02411719,-0.41974537,band_2.pdf
2,model,8,2,0.04823438,-0.42817257,band_2.pdf
2,model,8,3,0.06430322,-0.41698448,band_2.pdf
2,model,8,4,0.07235157,-0.40081861,band_2.pdf
2,model,8,5,0.08039991,-0.37496788,band_2.pdf
2,model,8,6,0.08842041,-0.33754407,band_2.pdf
2,model,8,7,0.09646875,-0.28677637,band_2.pdf
2,model,8,8,0.10451710,-0.22097342,band_2.pdf
2,model,8,9,0.11253760,-0.14362162,band_2.pdf
2,model,8,10,0.12058594,-0.04950513,band_2.pdf
2,model,8,11,0.12863429,0.06407610,band_2.pdf
2,model,8,12,0.13665478,0.19523278,band_2.pdf
2,model,8,13,0.14470313,0.34332928,band_2.pdf
2,model,8,14,0.15275148,0.50739933,band_2.pdf
2,model,8,15,0.16079982,0.68590000,band_2.pdf
2,model,8,16,0.17686866,1.07653969,band_2.pdf
2,model,8,17,0.20098585,1.68471730,band_2.pdf
2,model,8,18,0.20903420,1.86783884,band_2.pdf
2,model,8,19,0.21705470,2.02630409,band_2.pdf
2,model,8,20,0.22510304,2.14976866,band_2.pdf
2,model,8,21,0.23315139,2.22858839,band_2.pdf
2,model,8,22,0.24117188,2.25572580,band_2.pdf
2,model,8,23,0.24685307,2.24678089,band_2.pdf
2,model,8,24,0.25256210,2.21158789,band_2.pdf
2,model,8,25,0.25824329,2.14431932,band_2.pdf
2,model,8,26,0.26392447,2.05276620,band_2.pdf
2,model,8,27,0.26960566,1.94126095,band_2.pdf
2,model,8,28,0.27528684,1.81335362,band_2.pdf
2,model,8,29,0.28664922,1.52535432,band_2.pdf
2,model,8,30,0.29801159,1.22799081,band_2.pdf
2,model,8,31,0.30372062,1.08946369,band_2.pdf
2,model,8,32,0.30940180,0.96495748,band_2.pdf
2,model,8,33,0.31508299,0.85937200,band_2.pdf
2,model,8,34,0.32076417,0.77664848,band_2.pdf
2,model,8,35,0.32644536,0.71934152,band_2.pdf
2,model,8,36,0.33212655,0.68824723,band_2.pdf
2,model,8,37,0.33780773,0.68232540,band_2.pdf
2,model,8,38,0.34348892,0.69891495,band_2.pdf
2,model,8,39,0.34919795,0.73419019,band_2.pdf
2,model,8,40,0.35487914,0.78363465,band_2.pdf
2,model,8,41,0.36056032,0.84189805,band_2.pdf
2,model,8,42,0.36624151,0.80247142,band_2.pdf
2,model,8,43,0.37192269,0.39043510,band_2.pdf
2,model,8,44,0.37760388,0.03842860,band_2.pdf
2,model,8,45,0.38328506,0.02794591,band_2.pdf
2,model,8,46,0.40603765,0.04125994,band_2.pdf
2,model,8,47,0.41171884,0.04185681,band_2.pdf
2,model,8,48,0.41740002,0.03218463,band_2.pdf
2,model,8,49,0.42308121,0.00343105,band_2.pdf
2,model,8,50,0.42876239,-0.04362998,band_2.pdf
2,model,8,51,0.43444358,-0.10776308,band_2.pdf
2,model,8,52,0.44015261,-0.18737116,band_2.pdf
2,model,8,53,0.44583380,-0.28056398,band_2.pdf
2,model,8,54,0.45151498,-0.38527081,band_2.pdf
2,model,8,55,0.46287735,-0.62045267,band_2.pdf
2,model,8,56,0.47423972,-0.87353275,band_2.pdf
2,model,8,57,0.47992091,-0.98605664,band_2.pdf
2,model,8,58,0.48562994,-0.96095919,band_2.pdf
2,model,8,59,0.49699231,-0.79635579,band_2.pdf
2,model,8,60,0.50267350,-0.72412586,band_2.pdf
2,model,8,61,0.50835468,-0.66020783,band_2.pdf
2,model,8,62,0.51403587,-0.60490345,band_2.pdf
2,model,8,63,0.51971705,-0.55816467,band_2.pdf
2,model,8,64,0.52539824,-0.51962670,band_2.pdf
2,model,8,65,0.53678846,-0.46431378,band_2.pdf
2,model,8,66,0.54815083,-0.43157400,band_2.pdf
2,model,8,67,0.55951320,-0.41316014,band_2.pdf
2,model,8,68,0.57087557,-0.40642098,band_2.pdf
2,model,8,69,0.58922803,-0.40986998,band_2.pdf
2,model,8,70,0.59619027,-0.41162698,band_2.pdf
2,model,8,71,0.60315250,-0.42428531,band_2.pdf
2,model,8,72,0.61011474,-0.44592416,band_2.pdf
2,model,8,73,0.61707697,-0.47573158,band_2.pdf
2,model,8,74,0.62403921,-0.51385612,band_2.pdf
2,model,8,75,0.63100145,-0.56055467,band_2.pdf
2,model,8,76,0.63796368,-0.61591848,band_2.pdf
2,model,8,77,0.64492592,-0.67971422,band_2.pdf
2,model,8,78,0.65885040,-0.82958727,band_2.pdf
2,model,8,79,0.66581263,-0.91231026,band_2.pdf
2,model,8,80,0.67277487,-0.97248458,band_2.pdf
2,model,8,81,0.67973711,-0.78904447,band_2.pdf
2,model,8,82,0.68669934,-0.54061725,band_2.pdf
2,model,8,83,0.69366158,-0.26129819,band_2.pdf
2,model,8,84,0.70062382,0.05441892,band_2.pdf
2,model,8,85,0.70758605,0.41553634,band_2.pdf
2,model,8,86,0.71454829,0.83335526,band_2.pdf
2,model,8,87,0.72151053,1.32008185,band_2.pdf
2,model,8,88,0.72847276,1.74488487,band_2.pdf
2,model,8,89,0.74239724,1.82458407,band_2.pdf
2,model,8,90,0.75632171,1.89363138,band_2.pdf
2,model,8,91,0.77024618,1.94729720,band_2.pdf
2,model,8,92,0.78417066,1.97956875,band_2.pdf
2,model,8,93,0.79113290,1.98562756,band_2.pdf
2,model,8,94,0.79809513,1.97925497,band_2.pdf
2,model,8,95,0.80505737,1.96454375,band_2.pdf
2,model,8,96,0.81201961,1.94151880,band_2.pdf
2,model,8,97,0.81898184,1.91043032,band_2.pdf
2,model,8,98,0.83290632,1.82742721,band_2.pdf
2,model,8,99,0.86075526,1.63097742,band_2.pdf
2,model,8,100,0.86771750,1.59122925,band_2.pdf
2,model,8,101,0.87467974,1.56107872,band_2.pdf
2,model,8,102,0.88164197,1.54294806,band_2.pdf
2,model,8,103,0.88860421,1.53860128,band_2.pdf
2,model,8,104,0.89556645,1.54895836,band_2.pdf
2,model,8,105,0.90252868,1.57400124,band_2.pdf
2,model,8,106,0.90949092,1.61278769,band_2.pdf
2,model,8,107,0.91645316,1.66355617,band_2.pdf
2,model,8,108,0.93733987,1.85164956,band_2.pdf
2,model,8,109,0.95822658,2.04368852,band_2.pdf
2,model,8,110,0.96518881,2.09890142,band_2.pdf
2,model,8,111,0.97215105,2.14661258,band_2.pdf
2,model,8,112,0.97911329,2.18565795,band_2.pdf
2,model,8,113,0.99303776,2.24145770,band_2.pdf
2,model,8,114,1.00000000,2.25572580,band_2.pdf
2,model,8,115,1.00000000,2.25572580,band_2.pdf
2,model,9,0,0.00000000,-0.38149559,band_2.pdf
2,model,9,1,0.00804834,-0.37804718,band_2.pdf
2,model,9,2,0.01606884,-0.36405730,band_2.pdf
2,model,9,3,0.02411719,-0.33388130,band_2.pdf
2,model,9,4,0.03216554,-0.28718133,band_2.pdf
2,model,9,5,0.04018603,-0.22574561,band_2.pdf
2,model,9,6,0.04823438,-0.15099521,band_2.pdf
2,model,9,7,0.05628272,-0.06407302,band_2.pdf
2,model,9,8,0.06430322,0.03390898,band_2.pdf
2,model,9,9,0.07235157,0.14180413,band_2.pdf
2,model,9,10,0.08039991,0.25837673,band_2.pdf
2,model,9,11,0.08842041,0.30825868,band_2.pdf
2,model,9,12,0.10451710,-0.08509154,band_2.pdf
2,model,9,13,0.11253760,-0.13827111,band_2.pdf
2,model,9,14,0.12058594,-0.03472015,band_2.pdf
2,model,9,15,0.12863429,0.12232926,band_2.pdf
2,model,9,16,0.13665478,0.45797484,band_2.pdf
2,model,9,17,0.14470313,0.93786587,band_2.pdf
2,model,9,18,0.15275148,1.46527870,band_2.pdf
2,model,9,19,0.16882032,1.70668989,band_2.pdf
2,model,9,20,0.17686866,1.81525287,band_2.pdf
2,model,9,21,0.18491701,1.91415571,band_2.pdf
2,model,9,22,0.19293751,2.00237549,band_2.pdf
2,model,9,23,0.20098585,2.07909067,band_2.pdf
2,model,9,24,0.20903420,2.14377501,band_2.pdf
2,model,9,25,0.21705470,2.19656568,band_2.pdf
2,model,9,26,0.22510304,2.23923697,band_2.pdf
2,model,9,27,0.23315139,2.27423049,band_2.pdf
2,model,9,28,0.24117188,2.29018010,band_2.pdf
2,model,9,29,0.25824329,2.26730700,band_2.pdf
2,model,9,30,0.26960566,2.27753309,band_2.pdf
2,model,9,31,0.28664922,2.30718013,band_2.pdf
2,model,9,32,0.30940180,2.36304576,band_2.pdf
2,model,9,33,0.34348892,2.45868943,band_2.pdf
2,model,9,34,0.34919795,2.28794183,band_2.pdf
2,model,9,35,0.36056032,1.27561772,band_2.pdf
2,model,9,36,0.36624151,0.92057665,band_2.pdf
2,model,9,37,0.37760388,1.04294087,band_2.pdf
2,model,9,38,0.38896625,1.15514861,band_2.pdf
2,model,9,39,0.39467528,1.19809653,band_2.pdf
2,model,9,40,0.40035647,1.22992478,band_2.pdf
2,model,9,41,0.40603765,1.24947958,band_2.pdf
2,model,9,42,0.41171884,1.25607370,band_2.pdf
2,model,9,43,0.43444358,1.24926113,band_2.pdf
2,model,9,44,0.45151498,1.22923674,band_2.pdf
2,model,9,45,0.47423972,1.18657445,band_2.pdf
2,model,9,46,0.47992091,1.17393638,band_2.pdf
2,model,9,47,0.48562994,1.10065131,band_2.pdf
2,model,9,48,0.50267350,0.65677601,band_2.pdf
2,model,9,49,0.51403587,0.38788578,band_2.pdf
2,model,9,50,0.52539824,0.15202328,band_2.pdf
2,model,9,51,0.53110727,0.04810178,band_2.pdf
2,model,9,52,0.53678846,-0.04581599,band_2.pdf
2,model,9,53,0.54246965,-0.12932484,band_2.pdf
2,model,9,54,0.54815083,-0.20205649,band_2.pdf
2,model,9,55,0.55383202,-0.26365277,band_2.pdf
2,model,9,56,0.55951320,-0.31361926,band_2.pdf
2,model,9,57,0.56519439,-0.35097855,band_2.pdf
2,model,9,58,0.57087557,-0.37339520,band_2.pdf
2,model,9,59,0.58226579,-0.38149559,band_2.pdf
2,model,9,60,0.58922803,-0.37916821,band_2.pdf
2,model,9,61,0.59619027,-0.36088280,band_2.pdf
2,model,9,62,0.60315250,-0.31675928,band_2.pdf
2,model,9,63,0.61011474,-0.25045131,band_2.pdf
2,model,9,64,0.61707697,-0.16395375,band_2.pdf
2,model,9,65,0.62403921,-0.05804193,band_2.pdf
2,model,9,66,0.63100145,0.06681976,band_2.pdf
2,model,9,67,0.63796368,0.21034190,band_2.pdf
2,model,9,68,0.64492592,0.37235493,band_2.pdf
2,model,9,69,0.65188816,0.55288608,band_2.pdf
2,model,9,70,0.65885040,0.75219637,band_2.pdf
2,model,9,71,0.66581263,0.97086848,band_2.pdf
2,model,9,72,0.67973711,1.45250483,band_2.pdf
2,model,9,73,0.68669934,1.50788908,band_2.pdf
2,model,9,74,0.70758605,1.62226115,band_2.pdf
2,model,9,75,0.72151053,1.70509606,band_2.pdf
2,model,9,76,0.72847276,1.76465065,band_2.pdf
2,model,9,77,0.73543500,1.81229818,band_2.pdf
2,model,9,78,0.74935947,1.88392638,band_2.pdf
2,model,9,79,0.76328395,1.94016688,band_2.pdf
2,model,9,80,0.77720842,1.97603449,band_2.pdf
2,model,9,81,0.78417066,1.98452259,band_2.pdf
2,model,9,82,0.79809513,1.98446536,band_2.pdf
2,model,9,83,0.80505737,1.97508391,band_2.pdf
2,model,9,84,0.81201961,1.95737433,band_2.pdf
2,model,9,85,0.81898184,1.93141009,band_2.pdf
2,model,9,86,0.83290632,1.85733559,band_2.pdf
2,model,9,87,0.86771750,1.62869139,band_2.pdf
2,model,9,88,0.87467974,1.59690758,band_2.pdf
2,model,9,89,0.88164197,1.57611230,band_2.pdf
2,model,9,90,0.88860421,1.56814582,band_2.pdf
2,model,9,91,0.89556645,1.57403726,band_2.pdf
2,model,9,92,0.90252868,1.59390809,band_2.pdf
2,model,9,93,0.90949092,1.62697936,band_2.pdf
2,model,9,94,0.91645316,1.67166911,band_2.pdf
2,model,9,95,0.92341540,1.72578219,band_2.pdf
2,model,9,96,0.93733987,1.86217467,band_2.pdf
2,model,9,97,0.95126434,2.00434744,band_2.pdf
2,model,9,98,0.96518881,2.12962991,band_2.pdf
2,model,9,99,0.97215105,2.18083155,band_2.pdf
2,model,9,100,0.97911329,2.22254136,band_2.pdf
2,model,9,101,0.98607553,2.25429484,band_2.pdf
2,model,9,102,0.99303776,2.27772943,band_2.pdf
2,model,9,103,1.00000000,2.29018010,band_2.pdf
2,model,9,104,1.00000000,2.29018010,band_2.pdf
2,model,10,0,0.00000000,1.44875283,band_2.pdf
2,model,10,1,0.00804834,1.43878098,band_2.pdf
2,model,10,2,0.01606884,1.40816447,band_2.pdf
2,model,10,3,0.02411719,1.35738201,band_2.pdf
2,model,10,4,0.03216554,1.28683988,band_2.pdf
2,model,10,5,0.04018603,1.19709239,band_2.pdf
2,model,10,6,0.04823438,1.08887056,band_2.pdf
2,model,10,7,0.05628272,0.96306267,band_2.pdf
2,model,10,8,0.06430322,0.82074901,band_2.pdf
2,model,10,9,0.07235157,0.66317325,band_2.pdf
2,model,10,10,0.08039991,0.49179181,band_2.pdf
2,model,10,11,0.08842041,0.38232861,band_2.pdf
2,model,10,12,0.10451710,0.64678413,band_2.pdf
2,model,10,13,0.14470313,1.33508285,band_2.pdf
2,model,10,14,0.15275148,1.54866052,band_2.pdf
2,model,10,15,0.16079982,2.28933357,band_2.pdf
2,model,10,16,0.16882032,3.14724849,band_2.pdf
2,model,10,17,0.17686866,4.09764767,band_2.pdf
2,model,10,18,0.20098585,7.13953783,band_2.pdf
2,model,10,19,0.21114841,8.28298041,band_2.pdf
2,model,11,0,0.28608062,8.28298041,band_2.pdf
2,model,11,1,0.28664922,8.24234138,band_2.pdf
2,model,11,2,0.29233040,7.79524761,band_2.pdf
2,model,11,3,0.30372062,6.79820053,band_2.pdf
2,model,11,4,0.31508299,5.70099082,band_2.pdf
2,model,11,5,0.34348892,2.83602634,band_2.pdf
2,model,11,6,0.34919795,2.47691310,band_2.pdf
2,model,11,7,0.37192269,2.52642813,band_2.pdf
2,model,11,8,0.37760388,2.52994284,band_2.pdf
2,model,11,9,0.38328506,2.37778169,band_2.pdf
2,model,11,10,0.38896625,2.20123904,band_2.pdf
2,model,11,11,0.39467528,2.06435202,band_2.pdf
2,model,11,12,0.40035647,1.96733025,band_2.pdf
2,model,11,13,0.40603765,1.90949556,band_2.pdf
2,model,11,14,0.41171884,1.89028748,band_2.pdf
2,model,11,15,0.42308121,1.88346638,band_2.pdf
2,model,11,16,0.43444358,1.86355912,band_2.pdf
2,model,11,17,0.44583380,1.83202544,band_2.pdf
2,model,11,18,0.45719617,1.78862600,band_2.pdf
2,model,11,19,0.46287735,1.72774508,band_2.pdf
2,model,11,20,0.47423972,1.42652257,band_2.pdf
2,model,11,21,0.47992091,1.27186460,band_2.pdf
2,model,11,22,0.48562994,1.18084310,band_2.pdf
2,model,11,23,0.49131113,1.17195910,band_2.pdf
2,model,11,24,0.50267350,1.17487007,band_2.pdf
2,model,11,25,0.51403587,1.19774596,band_2.pdf
2,model,11,26,0.52539824,1.23924568,band_2.pdf
2,model,11,27,0.54246965,1.32277983,band_2.pdf
2,model,11,28,0.55951320,1.40243222,band_2.pdf
2,model,11,29,0.57087557,1.43721838,band_2.pdf
2,model,11,30,0.57658460,1.44639494,band_2.pdf
2,model,11,31,0.58922803,1.44702196,band_2.pdf
2,model,11,32,0.60315250,1.43388674,band_2.pdf
2,model,11,33,0.63100145,1.39628329,band_2.pdf
2,model,11,34,0.64492592,1.39311548,band_2.pdf
2,model,11,35,0.65885040,1.41089793,band_2.pdf
2,model,11,36,0.67277487,1.45175546,band_2.pdf
2,model,11,37,0.67973711,1.48868882,band_2.pdf
2,model,11,38,0.68669934,1.53799843,band_2.pdf
2,model,11,39,0.70758605,1.65467880,band_2.pdf
2,model,11,40,0.72151053,1.73902033,band_2.pdf
2,model,11,41,0.72847276,1.90894645,band_2.pdf
2,model,11,42,0.73543500,2.56815980,band_2.pdf
2,model,11,43,0.74239724,3.34024027,band_2.pdf
2,model,11,44,0.74935947,4.21826993,band_2.pdf
2,model,11,45,0.75632171,5.19326373,band_2.pdf
2,model,11,46,0.77024618,7.27353012,band_2.pdf
2,model,11,47,0.77720842,7.96251741,band_2.pdf
2,model,11,48,0.78417066,8.09923611,band_2.pdf
2,model,11,49,0.79113290,8.09986740,band_2.pdf
2,model,11,50,0.79809513,8.11554981,band_2.pdf
2,model,11,51,0.80505737,8.17079612,band_2.pdf
2,model,11,52,0.81288511,8.28298041,band_2.pdf
2,model,12,0,0.00000000,1.44986462,band_2.pdf
2,model,12,1,0.00804834,1.45521205,band_2.pdf
2,model,12,2,0.01606884,1.47198675,band_2.pdf
2,model,12,3,0.02411719,1.49974135,band_2.pdf
2,model,12,4,0.03216554,1.53798314,band_2.pdf
2,model,12,5,0.04018603,1.58587258,band_2.pdf
2,model,12,6,0.04823438,1.64223625,band_2.pdf
2,model,12,7,0.06430322,1.77493012,band_2.pdf
2,model,12,8,0.08039991,1.92691281,band_2.pdf
2,model,12,9,0.09646875,2.09939584,band_2.pdf
2,model,12,10,0.10451710,2.19994844,band_2.pdf
2,model,12,11,0.11253760,2.31820446,band_2.pdf
2,model,12,12,0.12058594,2.46428872,band_2.pdf
2,model,12,13,0.12863429,2.65212196,band_2.pdf
2,model,12,14,0.13665478,2.89949628,band_2.pdf
2,model,12,15,0.14470313,3.22699444,band_2.pdf
2,model,12,16,0.15275148,3.65523431,band_2.pdf
2,model,12,17,0.16079982,4.19988203,band_2.pdf
2,model,12,18,0.16882032,4.86600156,band_2.pdf
2,model,12,19,0.17686866,5.64384928,band_2.pdf
2,model,12,20,0.18491701,6.50870042,band_2.pdf
2,model,12,21,0.20046852,8.28298041,band_2.pdf
2,model,13,0,0.30225095,8.28298041,band_2.pdf
2,model,13,1,0.30940180,7.68573512,band_2.pdf
2,model,13,2,0.34348892,4.74509087,band_2.pdf
2,model,13,3,0.35487914,3.88982499,band_2.pdf
2,model,13,4,0.36056032,3.51019009,band_2.pdf
2,model,13,5,0.36624151,3.16771985,band_2.pdf
2,model,13,6,0.37192269,2.86542531,band_2.pdf
2,model,13,7,0.37760388,2.61024892,band_2.pdf
2,model,13,8,0.38328506,2.55120717,band_2.pdf
2,model,13,9,0.40603765,2.56870767,band_2.pdf
2,model,13,10,0.41171884,2.56954241,band_2.pdf
2,model,13,11,0.41740002,2.55722410,band_2.pdf
2,model,13,12,0.42308121,2.52065228,band_2.pdf
2,model,13,13,0.42876239,2.46095027,band_2.pdf
2,model,13,14,0.43444358,2.37989903,band_2.pdf
2,model,13,15,0.44015261,2.27978931,band_2.pdf
2,model,13,16,0.44583380,2.16333295,band_2.pdf
2,model,13,17,0.45719617,1.89520353,band_2.pdf
2,model,13,18,0.46287735,1.78456781,band_2.pdf
2,model,13,19,0.46855854,1.75221574,band_2.pdf
2,model,13,20,0.49699231,1.63097374,band_2.pdf
2,model,13,21,0.51403587,1.56750464,band_2.pdf
2,model,13,22,0.53110727,1.51608710,band_2.pdf
2,model,13,23,0.54815083,1.47884388,band_2.pdf
2,model,13,24,0.56519439,1.45647877,band_2.pdf
2,model,13,25,0.58226579,1.44986462,band_2.pdf
2,model,13,26,0.59619027,1.44341115,band_2.pdf
2,model,13,27,0.63796368,1.40645641,band_2.pdf
2,model,13,28,0.65188816,1.41891792,band_2.pdf
2,model,13,29,0.66581263,1.45323133,band_2.pdf
2,model,13,30,0.67277487,1.47868468,band_2.pdf
2,model,13,31,0.67973711,1.51804537,band_2.pdf
2,model,13,32,0.68669934,1.76608836,band_2.pdf
2,model,13,33,0.69366158,2.08113626,band_2.pdf
2,model,13,34,0.70062382,2.43117615,band_2.pdf
2,model,13,35,0.70758605,2.82158879,band_2.pdf
2,model,13,36,0.71454829,3.25990729,band_2.pdf
2,model,13,37,0.72151053,3.75519911,band_2.pdf
2,model,13,38,0.72847276,4.31730336,band_2.pdf
2,model,13,39,0.73543500,4.95592501,band_2.pdf
2,model,13,40,0.74239724,5.67895347,band_2.pdf
2,model,13,41,0.74935947,6.49041199,band_2.pdf
2,model,13,42,0.75632171,7.38656194,band_2.pdf
2,model,13,43,0.76282651,8.28298041,band_2.pdf
3,DFT,0,0,0.00000000,-8.50769996,band_3.pdf
3,DFT,0,1,0.00804834,-8.48509993,band_3.pdf
3,DFT,0,2,0.01606884,-8.41769996,band_3.pdf
3,DFT,0,3,0.02411719,-8.30599997,band_3.pdf
3,DFT,0,4,0.03216554,-8.15109996,band_3.pdf
3,DFT,0,5,0.04018603,-7.95449998,band_3.pdf
3,DFT,0,6,0.04823438,-7.71859997,band_3.pdf
3,DFT,0,7,0.05628272,-7.44629997,band_3.pdf
3,DFT,0,8,0.06430322,-7.14119998,band_3.pdf
3,DFT,0,9,0.07235157,-6.80849996,band_3.pdf
3,DFT,0,10,0.08842041,-6.08909996,band_3.pdf
3,DFT,0,11,0.10451710,-5.36899995,band_3.pdf
3,DFT,0,12,0.11253760,-5.04529994,band_3.pdf
3,DFT,0,13,0.12058594,-4.76800000,band_3.pdf
3,DFT,0,14,0.12863429,-4.55019996,band_3.pdf
3,DFT,0,15,0.13665478,-4.39800000,band_3.pdf
3,DFT,0,16,0.14470313,-4.31039996,band_3.pdf
3,DFT,0,17,0.15275148,-4.27840000,band_3.pdf
3,DFT,0,18,0.16079982,-4.29120000,band_3.pdf
3,DFT,0,19,0.16882032,-4.33699999,band_3.pdf
3,DFT,0,20,0.17686866,-4.40470000,band_3.pdf
3,DFT,0,21,0.20903420,-4.72509995,band_3.pdf
3,DFT,0,22,0.21705470,-4.78769995,band_3.pdf
3,DFT,0,23,0.22510304,-4.83450000,band_3.pdf
3,DFT,0,24,0.23315139,-4.86279997,band_3.pdf
3,DFT,0,25,0.24117188,-4.87239998,band_3.pdf
3,DFT,0,26,0.24685307,-4.86759995,band_3.pdf
3,DFT,0,27,0.25256210,-4.85309995,band_3.pdf
3,DFT,0,28,0.25824329,-4.82979997,band_3.pdf
3,DFT,0,29,0.26392447,-4.79779996,band_3.pdf
3,DFT,0,30,0.27528684,-4.71100000,band_3.pdf
3,DFT,0,31,0.28664922,-4.60159996,band_3.pdf
3,DFT,0,32,0.30372062,-4.42650000,band_3.pdf
3,DFT,0,33,0.30940180,-4.37549999,band_3.pdf
3,DFT,0,34,0.31508299,-4.33359999,band_3.pdf
3,DFT,0,35,0.32076417,-4.30419995,band_3.pdf
3,DFT,0,36,0.32644536,-4.29029996,band_3.pdf
3,DFT,0,37,0.33212655,-4.29419996,band_3.pdf
3,DFT,0,38,0.33780773,-4.31649995,band_3.pdf
3,DFT,0,39,0.34348892,-4.35629997,band_3.pdf
3,DFT,0,40,0.34919795,-4.41089995,band_3.pdf
3,DFT,0,41,0.36056032,-4.55000000,band_3.pdf
3,DFT,0,42,0.37760388,-4.77239999,band_3.pdf
3,DFT,0,43,0.38328506,-4.83679994,band_3.pdf
3,DFT,0,44,0.38896625,-4.89219995,band_3.pdf
3,DFT,0,45,0.39467528,-4.93689995,band_3.pdf
3,DFT,0,46,0.40035647,-4.96969999,band_3.pdf
3,DFT,0,47,0.40603765,-4.98969997,band_3.pdf
3,DFT,0,48,0.41171884,-4.99649998,band_3.pdf
3,DFT,0,49,0.42876239,-5.00049999,band_3.pdf
3,DFT,0,50,0.44015261,-5.01949999,band_3.pdf
3,DFT,0,51,0.44583380,-5.04190000,band_3.pdf
3,DFT,0,52,0.45151498,-5.07849997,band_3.pdf
3,DFT,0,53,0.45719617,-5.13449998,band_3.pdf
3,DFT,0,54,0.46287735,-5.21559998,band_3.pdf
3,DFT,0,55,0.46855854,-5.32609996,band_3.pdf
3,DFT,0,56,0.47423972,-5.46849995,band_3.pdf
3,DFT,0,57,0.47992091,-5.64179995,band_3.pdf
3,DFT,0,58,0.48562994,-5.84139996,band_3.pdf
3,DFT,0,59,0.49699231,-6.29279999,band_3.pdf
3,DFT,0,60,0.51403587,-6.99929999,band_3.pdf
3,DFT,0,61,0.52539824,-7.43189998,band_3.pdf
3,DFT,0,62,0.53110727,-7.62729995,band_3.pdf
3,DFT,0,63,0.53678846,-7.80599994,band_3.pdf
3,DFT,0,64,0.54246965,-7.96649994,band_3.pdf
3,DFT,0,65,0.54815083,-8.10769998,band_3.pdf
3,DFT,0,66,0.55383202,-8.22859994,band_3.pdf
3,DFT,0,67,0.55951320,-8.32839997,band_3.pdf
3,DFT,0,68,0.56519439,-8.40649995,band_3.pdf
3,DFT,0,69,0.57087557,-8.46259998,band_3.pdf
3,DFT,0,70,0.57658460,-8.49639994,band_3.pdf
3,DFT,0,71,0.58226579,-8.50769996,band_3.pdf
3,DFT,0,72,0.58922803,-8.49079994,band_3.pdf
3,DFT,0,73,0.59619027,-8.44019997,band_3.pdf
3,DFT,0,74,0.60315250,-8.35619996,band_3.pdf
3,DFT,0,75,0.61011474,-8.23969993,band_3.pdf
3,DFT,0,76,0.61707697,-8.09119995,band_3.pdf
3,DFT,0,77,0.62403921,-7.91229995,band_3.pdf
3,DFT,0,78,0.63100145,-7.70439995,band_3.pdf
3,DFT,0,79,0.63796368,-7.46929997,band_3.pdf
3,DFT,0,80,0.64492592,-7.20929997,band_3.pdf
3,DFT,0,81,0.65188816,-6.92699996,band_3.pdf
3,DFT,0,82,0.66581263,-6.30779998,band_3.pdf
3,DFT,0,83,0.70062382,-4.65649997,band_3.pdf
3,DFT,0,84,0.70758605,-4.35619996,band_3.pdf
3,DFT,0,85,0.71454829,-4.08149999,band_3.pdf
3,DFT,0,86,0.72151053,-3.83809996,band_3.pdf
3,DFT,0,87,0.72847276,-3.63170001,band_3.pdf
3,DFT,0,88,0.73543500,-3.53100000,band_3.pdf
3,DFT,0,89,0.74239724,-3.53839995,band_3.pdf
3,DFT,0,90,0.74935947,-3.53739996,band_3.pdf
3,DFT,0,91,0.75632171,-3.52859998,band_3.pdf
3,DFT,0,92,0.76328395,-3.51189999,band_3.pdf
3,DFT,0,93,0.77720842,-3.45809997,band_3.pdf
3,DFT,0,94,0.79113290,-3.38910001,band_3.pdf
3,DFT,0,95,0.79809513,-3.46379998,band_3.pdf
3,DFT,0,96,0.81201961,-3.63589998,band_3.pdf
3,DFT,0,97,0.81898184,-3.71349997,band_3.pdf
3,DFT,0,98,0.82594408,-3.77920000,band_3.pdf
3,DFT,0,99,0.83290632,-3.82909996,band_3.pdf
3,DFT,0,100,0.83986855,-3.85979995,band_3.pdf
3,DFT,0,101,0.84683079,-3.86860000,band_3.pdf
3,DFT,0,102,0.85379303,-3.85329997,band_3.pdf
3,DFT,0,103,0.86075526,-3.81229995,band_3.pdf
3,DFT,0,104,0.86771750,-3.74449999,band_3.pdf
3,DFT,0,105,0.87467974,-3.64969996,band_3.pdf
3,DFT,0,106,0.88164197,-3.52930000,band_3.pdf
3,DFT,0,107,0.88860421,-3.55589997,band_3.pdf
3,DFT,0,108,0.90252868,-3.76889997,band_3.pdf
3,DFT,0,109,0.93733987,-4.34079998,band_3.pdf
3,DFT,0,110,0.95126434,-4.53819999,band_3.pdf
3,DFT,0,111,0.95822658,-4.62309998,band_3.pdf
3,DFT,0,112,0.96518881,-4.69709995,band_3.pdf
3,DFT,0,113,0.97215105,-4.75899999,band_3.pdf
3,DFT,0,114,0.97911329,-4.80809998,band_3.pdf
3,DFT,0,115,0.98607553,-4.84369996,band_3.pdf
3,DFT,0,116,0.99303776,-4.86519999,band_3.pdf
3,DFT,0,117,1.00000000,-4.87239998,band_3.pdf
3,DFT,1,0,0.00000000,-8.35509996,band_3.pdf
3,DFT,1,1,0.00804834,-8.33239998,band_3.pdf
3,DFT,1,2,0.01606884,-8.26459996,band_3.pdf
3,DFT,1,3,0.02411719,-8.15209995,band_3.pdf
3,DFT,1,4,0.03216554,-7.99589998,band_3.pdf
3,DFT,1,5,0.04018603,-7.79719995,band_3.pdf
3,DFT,1,6,0.04823438,-7.55779994,band_3.pdf
3,DFT,1,7,0.05628272,-7.27999994,band_3.pdf
3,DFT,1,8,0.06430322,-6.96649994,band_3.pdf
3,DFT,1,9,0.07235157,-6.62059996,band_3.pdf
3,DFT,1,10,0.08039991,-6.24689998,band_3.pdf
3,DFT,1,11,0.09646875,-5.43839996,band_3.pdf
3,DFT,1,12,0.11253760,-4.60179998,band_3.pdf
3,DFT,1,13,0.12058594,-4.20029996,band_3.pdf
3,DFT,1,14,0.12863429,-3.82809997,band_3.pdf
3,DFT,1,15,0.13665478,-3.49959999,band_3.pdf
3,DFT,1,16,0.14470313,-3.65889999,band_3.pdf
3,DFT,1,17,0.16079982,-3.99819999,band_3.pdf
3,DFT,1,18,0.16882032,-4.15329996,band_3.pdf
3,DFT,1,19,0.17686866,-4.29639996,band_3.pdf
3,DFT,1,20,0.18491701,-4.42609996,band_3.pdf
3,DFT,1,21,0.19293751,-4.54110000,band_3.pdf
3,DFT,1,22,0.20098585,-4.64029997,band_3.pdf
3,DFT,1,23,0.20903420,-4.72269999,band_3.pdf
3,DFT,1,24,0.21705470,-4.78700000,band_3.pdf
3,DFT,1,25,0.22510304,-4.83359996,band_3.pdf
3,DFT,1,26,0.23315139,-4.86239999,band_3.pdf
3,DFT,1,27,0.24117188,-4.87199994,band_3.pdf
3,DFT,1,28,0.24685307,-4.86719997,band_3.pdf
3,DFT,1,29,0.25256210,-4.85289999,band_3.pdf
3,DFT,1,30,0.25824329,-4.82859996,band_3.pdf
3,DFT,1,31,0.26392447,-4.79459997,band_3.pdf
3,DFT,1,32,0.26960566,-4.75079995,band_3.pdf
3,DFT,1,33,0.27528684,-4.69739998,band_3.pdf
3,DFT,1,34,0.28096803,-4.63419998,band_3.pdf
3,DFT,1,35,0.28664922,-4.56120000,band_3.pdf
3,DFT,1,36,0.29233040,-4.47859995,band_3.pdf
3,DFT,1,37,0.29801159,-4.38629995,band_3.pdf
3,DFT,1,38,0.30372062,-4.28429998,band_3.pdf
3,DFT,1,39,0.30940180,-4.17270000,band_3.pdf
3,DFT,1,40,0.32076417,-3.92089997,band_3.pdf
3,DFT,1,41,0.33212655,-3.63129996,band_3.pdf
3,DFT,1,42,0.34348892,-3.30520000,band_3.pdf
3,DFT,1,43,0.35487914,-2.94399999,band_3.pdf
3,DFT,1,44,0.36056032,-3.03920001,band_3.pdf
3,DFT,1,45,0.37192269,-3.25089999,band_3.pdf
3,DFT,1,46,0.37760388,-3.34550001,band_3.pdf
3,DFT,1,47,0.38328506,-3.42930000,band_3.pdf
3,DFT,1,48,0.38896625,-3.50019999,band_3.pdf
3,DFT,1,49,0.39467528,-3.55680001,band_3.pdf
3,DFT,1,50,0.40035647,-3.59799999,band_3.pdf
3,DFT,1,51,0.40603765,-3.62289996,band_3.pdf
3,DFT,1,52,0.41740002,-3.63879999,band_3.pdf
3,DFT,1,53,0.42308121,-3.66199996,band_3.pdf
3,DFT,1,54,0.42876239,-3.70289997,band_3.pdf
3,DFT,1,55,0.43444358,-3.76429996,band_3.pdf
3,DFT,1,56,0.44015261,-3.84969995,band_3.pdf
3,DFT,1,57,0.44583380,-3.96289998,band_3.pdf
3,DFT,1,58,0.45151498,-4.10620000,band_3.pdf
3,DFT,1,59,0.45719617,-4.28039998,band_3.pdf
3,DFT,1,60,0.46287735,-4.48379997,band_3.pdf
3,DFT,1,61,0.46855854,-4.71259999,band_3.pdf
3,DFT,1,62,0.47992091,-5.22439997,band_3.pdf
3,DFT,1,63,0.50835468,-6.56629995,band_3.pdf
3,DFT,1,64,0.51971705,-7.04569999,band_3.pdf
3,DFT,1,65,0.52539824,-7.26319993,band_3.pdf
3,DFT,1,66,0.53110727,-7.46369997,band_3.pdf
3,DFT,1,67,0.53678846,-7.64599998,band_3.pdf
3,DFT,1,68,0.54246965,-7.80899996,band_3.pdf
3,DFT,1,69,0.54815083,-7.95199995,band_3.pdf
3,DFT,1,70,0.55383202,-8.07399996,band_3.pdf
3,DFT,1,71,0.55951320,-8.17459996,band_3.pdf
3,DFT,1,72,0.56519439,-8.25329995,band_3.pdf
3,DFT,1,73,0.57087557,-8.30979995,band_3.pdf
3,DFT,1,74,0.57658460,-8.34379994,band_3.pdf
3,DFT,1,75,0.58226579,-8.35509996,band_3.pdf
3,DFT,1,76,0.58922803,-8.33809993,band_3.pdf
3,DFT,1,77,0.59619027,-8.28719993,band_3.pdf
3,DFT,1,78,0.60315250,-8.20269998,band_3.pdf
3,DFT,1,79,0.61011474,-8.08519997,band_3.pdf
3,DFT,1,80,0.61707697,-7.93539997,band_3.pdf
3,DFT,1,81,0.62403921,-7.75429997,band_3.pdf
3,DFT,1,82,0.63100145,-7.54319993,band_3.pdf
3,DFT,1,83,0.63796368,-7.30359995,band_3.pdf
3,DFT,1,84,0.64492592,-7.03709996,band_3.pdf
3,DFT,1,85,0.65188816,-6.74559993,band_3.pdf
3,DFT,1,86,0.65885040,-6.43139999,band_3.pdf
3,DFT,1,87,0.67277487,-5.74579995,band_3.pdf
3,DFT,1,88,0.68669934,-5.00589997,band_3.pdf
3,DFT,1,89,0.70758605,-3.87119997,band_3.pdf
3,DFT,1,90,0.71454829,-3.50980000,band_3.pdf
3,DFT,1,91,0.72151053,-3.48439998,band_3.pdf
3,DFT,1,92,0.72847276,-3.51169997,band_3.pdf
3,DFT,1,93,0.73543500,-3.52880000,band_3.pdf
3,DFT,1,94,0.74239724,-3.53749998,band_3.pdf
3,DFT,1,95,0.74935947,-3.53720000,band_3.pdf
3,DFT,1,96,0.75632171,-3.52719995,band_3.pdf
3,DFT,1,97,0.76328395,-3.50879996,band_3.pdf
3,DFT,1,98,0.77720842,-3.45099999,band_3.pdf
3,DFT,1,99,0.81201961,-3.26869998,band_3.pdf
3,DFT,1,100,0.81898184,-3.23629998,band_3.pdf
3,DFT,1,101,0.82594408,-3.21080001,band_3.pdf
3,DFT,1,102,0.83290632,-3.19450000,band_3.pdf
3,DFT,1,103,0.83986855,-3.18939999,band_3.pdf
3,DFT,1,104,0.84683079,-3.19749996,band_3.pdf
3,DFT,1,105,0.85379303,-3.21999998,band_3.pdf
3,DFT,1,106,0.86075526,-3.25799997,band_3.pdf
3,DFT,1,107,0.86771750,-3.31140001,band_3.pdf
3,DFT,1,108,0.87467974,-3.37950000,band_3.pdf
3,DFT,1,109,0.88860421,-3.53389995,band_3.pdf
3,DFT,1,110,0.90252868,-3.75329998,band_3.pdf
3,DFT,1,111,0.93733987,-4.33599995,band_3.pdf
3,DFT,1,112,0.94430211,-4.43999995,band_3.pdf
3,DFT,1,113,0.95126434,-4.53559995,band_3.pdf
3,DFT,1,114,0.95822658,-4.62129997,band_3.pdf
3,DFT,1,115,0.96518881,-4.69579999,band_3.pdf
3,DFT,1,116,0.97215105,-4.75819997,band_3.pdf
3,DFT,1,117,0.97911329,-4.80749998,band_3.pdf
3,DFT,1,118,0.98607553,-4.84319997,band_3.pdf
3,DFT,1,119,0.99303776,-4.86479995,band_3.pdf
3,DFT,1,120,1.00000000,-4.87199994,band_3.pdf
3,DFT,2,0,0.00000000,-2.53119996,band_3.pdf
3,DFT,2,1,0.01606884,-2.52199999,band_3.pdf
3,DFT,2,2,0.05628272,-2.48559998,band_3.pdf
3,DFT,2,3,0.06430322,-2.46929997,band_3.pdf
3,DFT,2,4,0.07235157,-2.44599999,band_3.pdf
3,DFT,2,5,0.08039991,-2.41519999,band_3.pdf
3,DFT,2,6,0.08842041,-2.39800000,band_3.pdf
3,DFT,2,7,0.09646875,-2.54969997,band_3.pdf
3,DFT,2,8,0.11253760,-2.91680001,band_3.pdf
3,DFT,2,9,0.13665478,-3.47819997,band_3.pdf
3,DFT,2,10,0.14470313,-3.22810000,band_3.pdf
3,DFT,2,11,0.15275148,-3.02049998,band_3.pdf
3,DFT,2,12,0.16079982,-2.87829996,band_3.pdf
3,DFT,2,13,0.16882032,-2.79579998,band_3.pdf
3,DFT,2,14,0.17686866,-2.76240000,band_3.pdf
3,DFT,2,15,0.18491701,-2.76559998,band_3.pdf
3,DFT,2,16,0.19293751,-2.79359999,band_3.pdf
3,DFT,2,17,0.22510304,-2.95810000,band_3.pdf
3,DFT,2,18,0.23315139,-2.98029999,band_3.pdf
3,DFT,2,19,0.24117188,-2.98830000,band_3.pdf
3,DFT,2,20,0.24685307,-2.98339996,band_3.pdf
3,DFT,2,21,0.25256210,-2.97049995,band_3.pdf
3,DFT,2,22,0.25824329,-2.94889998,band_3.pdf
3,DFT,2,23,0.26392447,-2.91859996,band_3.pdf
3,DFT,2,24,0.26960566,-2.87969999,band_3.pdf
3,DFT,2,25,0.27528684,-2.83219999,band_3.pdf
3,DFT,2,26,0.28096803,-2.77590001,band_3.pdf
3,DFT,2,27,0.29233040,-2.64400001,band_3.pdf
3,DFT,2,28,0.29801159,-2.58949998,band_3.pdf
3,DFT,2,29,0.30372062,-2.54259998,band_3.pdf
3,DFT,2,30,0.30940180,-2.50760001,band_3.pdf
3,DFT,2,31,0.31508299,-2.48899999,band_3.pdf
3,DFT,2,32,0.32076417,-2.49080000,band_3.pdf
3,DFT,2,33,0.32644536,-2.51540000,band_3.pdf
3,DFT,2,34,0.33212655,-2.56350001,band_3.pdf
3,DFT,2,35,0.33780773,-2.63309998,band_3.pdf
3,DFT,2,36,0.34348892,-2.72069996,band_3.pdf
3,DFT,2,37,0.35487914,-2.92879998,band_3.pdf
3,DFT,2,38,0.36056032,-2.98959996,band_3.pdf
3,DFT,2,39,0.36624151,-3.09959995,band_3.pdf
3,DFT,2,40,0.37192269,-3.19790000,band_3.pdf
3,DFT,2,41,0.37760388,-3.28400000,band_3.pdf
3,DFT,2,42,0.38328506,-3.35759998,band_3.pdf
3,DFT,2,43,0.38896625,-3.41829996,band_3.pdf
3,DFT,2,44,0.39467528,-3.46579996,band_3.pdf
3,DFT,2,45,0.40035647,-3.49979995,band_3.pdf
3,DFT,2,46,0.40603765,-3.52029999,band_3.pdf
3,DFT,2,47,0.41171884,-3.52719995,band_3.pdf
3,DFT,2,48,0.42308121,-3.51669996,band_3.pdf
3,DFT,2,49,0.43444358,-3.48570000,band_3.pdf
3,DFT,2,50,0.44583380,-3.43519997,band_3.pdf
3,DFT,2,51,0.45719617,-3.36709998,band_3.pdf
3,DFT,2,52,0.46855854,-3.28389999,band_3.pdf
3,DFT,2,53,0.48562994,-3.13799999,band_3.pdf
3,DFT,2,54,0.53110727,-2.72629996,band_3.pdf
3,DFT,2,55,0.54246965,-2.64369998,band_3.pdf
3,DFT,2,56,0.55383202,-2.57899999,band_3.pdf
3,DFT,2,57,0.55951320,-2.55510000,band_3.pdf
3,DFT,2,58,0.56519439,-2.53830000,band_3.pdf
3,DFT,2,59,0.57087557,-2.53039999,band_3.pdf
3,DFT,2,60,0.59619027,-2.53539999,band_3.pdf
3,DFT,2,61,0.60315250,-2.54869998,band_3.pdf
3,DFT,2,62,0.61011474,-2.56989997,band_3.pdf
3,DFT,2,63,0.61707697,-2.59879996,band_3.pdf
3,DFT,2,64,0.62403921,-2.63569996,band_3.pdf
3,DFT,2,65,0.63100145,-2.68080000,band_3.pdf
3,DFT,2,66,0.63796368,-2.73379999,band_3.pdf
3,DFT,2,67,0.65188816,-2.85999997,band_3.pdf
3,DFT,2,68,0.67277487,-3.07770000,band_3.pdf
3,DFT,2,69,0.68669934,-3.22179999,band_3.pdf
3,DFT,2,70,0.70062382,-3.34899996,band_3.pdf
3,DFT,2,71,0.70758605,-3.40239999,band_3.pdf
3,DFT,2,72,0.71454829,-3.44739996,band_3.pdf
3,DFT,2,73,0.72151053,-3.48159998,band_3.pdf
3,DFT,2,74,0.72847276,-3.50889997,band_3.pdf
3,DFT,2,75,0.73543500,-3.46079996,band_3.pdf
3,DFT,2,76,0.74239724,-3.33449997,band_3.pdf
3,DFT,2,77,0.74935947,-3.24710000,band_3.pdf
3,DFT,2,78,0.75632171,-3.19779999,band_3.pdf
3,DFT,2,79,0.76328395,-3.18319998,band_3.pdf
3,DFT,2,80,0.77024618,-3.19900000,band_3.pdf
3,DFT,2,81,0.77720842,-3.24019998,band_3.pdf
3,DFT,2,82,0.79113290,-3.36759998,band_3.pdf
3,DFT,2,83,0.82594408,-3.18209999,band_3.pdf
3,DFT,2,84,0.83290632,-3.16320000,band_3.pdf
3,DFT,2,85,0.83986855,-3.15619997,band_3.pdf
3,DFT,2,86,0.84683079,-3.16330001,band_3.pdf
3,DFT,2,87,0.85379303,-3.18589997,band_3.pdf
3,DFT,2,88,0.86075526,-3.22489996,band_3.pdf
3,DFT,2,89,0.86771750,-3.28029997,band_3.pdf
3,DFT,2,90,0.87467974,-3.35110001,band_3.pdf
3,DFT,2,91,0.88164197,-3.43540000,band_3.pdf
3,DFT,2,92,0.88860421,-3.37709998,band_3.pdf
3,DFT,2,93,0.89556645,-3.20389999,band_3.pdf
3,DFT,2,94,0.90252868,-3.00659999,band_3.pdf
3,DFT,2,95,0.90949092,-2.78829996,band_3.pdf
3,DFT,2,96,0.92341540,-2.31200001,band_3.pdf
3,DFT,2,97,0.93037763,-2.37199997,band_3.pdf
3,DFT,2,98,0.94430211,-2.57020001,band_3.pdf
3,DFT,2,99,0.95126434,-2.66080001,band_3.pdf
3,DFT,2,100,0.95822658,-2.74290000,band_3.pdf
3,DFT,2,101,0.96518881,-2.81519996,band_3.pdf
3,DFT,2,102,0.97215105,-2.87609996,band_3.pdf
3,DFT,2,103,0.97911329,-2.92460001,band_3.pdf
3,DFT,2,104,0.98607553,-2.95980000,band_3.pdf
3,DFT,2,105,0.99303776,-2.98119996,band_3.pdf
3,DFT,2,106,1.00000000,-2.98830000,band_3.pdf
3,DFT,3,0,0.00000000,-2.50489996,band_3.pdf
3,DFT,3,1,0.04018603,-2.50189999,band_3.pdf
3,DFT,3,2,0.05628272,-2.48549997,band_3.pdf
3,DFT,3,3,0.06430322,-2.46859996,band_3.pdf
3,DFT,3,4,0.07235157,-2.44429999,band_3.pdf
3,DFT,3,5,0.08039991,-2.41140000,band_3.pdf
3,DFT,3,6,0.08842041,-2.36850001,band_3.pdf
3,DFT,3,7,0.09646875,-2.31439997,band_3.pdf
3,DFT,3,8,0.10451710,-2.24820000,band_3.pdf
3,DFT,3,9,0.11253760,-2.16899996,band_3.pdf
3,DFT,3,10,0.12058594,-2.07649999,band_3.pdf
3,DFT,3,11,0.12863429,-1.97050001,band_3.pdf
3,DFT,3,12,0.13665478,-1.85149996,band_3.pdf
3,DFT,3,13,0.14470313,-1.72129996,band_3.pdf
3,DFT,3,14,0.15275148,-1.71809998,band_3.pdf
3,DFT,3,15,0.16882032,-2.11049998,band_3.pdf
3,DFT,3,16,0.17686866,-2.28649997,band_3.pdf
3,DFT,3,17,0.18491701,-2.44550000,band_3.pdf
3,DFT,3,18,0.19293751,-2.58599996,band_3.pdf
3,DFT,3,19,0.20098585,-2.70689998,band_3.pdf
3,DFT,3,20,0.20903420,-2.80709999,band_3.pdf
3,DFT,3,21,0.21705470,-2.88589999,band_3.pdf
3,DFT,3,22,0.22510304,-2.94259996,band_3.pdf
3,DFT,3,23,0.23315139,-2.97669996,band_3.pdf
3,DFT,3,24,0.24117188,-2.98770000,band_3.pdf
3,DFT,3,25,0.24685307,-2.98309999,band_3.pdf
3,DFT,3,26,0.25256210,-2.96749999,band_3.pdf
3,DFT,3,27,0.25824329,-2.94199995,band_3.pdf
3,DFT,3,28,0.26392447,-2.90720000,band_3.pdf
3,DFT,3,29,0.27528684,-2.81440000,band_3.pdf
3,DFT,3,30,0.28664922,-2.70160001,band_3.pdf
3,DFT,3,31,0.29233040,-2.63679995,band_3.pdf
3,DFT,3,32,0.29801159,-2.55439999,band_3.pdf
3,DFT,3,33,0.30372062,-2.46309997,band_3.pdf
3,DFT,3,34,0.31508299,-2.25430000,band_3.pdf
3,DFT,3,35,0.32076417,-2.13760001,band_3.pdf
3,DFT,3,36,0.32644536,-2.13030001,band_3.pdf
3,DFT,3,37,0.33780773,-2.44849996,band_3.pdf
3,DFT,3,38,0.34919795,-2.73780000,band_3.pdf
3,DFT,3,39,0.35487914,-2.86879996,band_3.pdf
3,DFT,3,40,0.36056032,-2.75109998,band_3.pdf
3,DFT,3,41,0.37192269,-2.34459997,band_3.pdf
3,DFT,3,42,0.38896625,-1.70990000,band_3.pdf
3,DFT,3,43,0.39467528,-1.57300001,band_3.pdf
3,DFT,3,44,0.40603765,-1.61789997,band_3.pdf
3,DFT,3,45,0.41171884,-1.62479999,band_3.pdf
3,DFT,3,46,0.42308121,-1.61289997,band_3.pdf
3,DFT,3,47,0.43444358,-1.57829998,band_3.pdf
3,DFT,3,48,0.44583380,-1.52890001,band_3.pdf
3,DFT,3,49,0.45151498,-1.55219999,band_3.pdf
3,DFT,3,50,0.45719617,-1.73740001,band_3.pdf
3,DFT,3,51,0.46287735,-1.95889997,band_3.pdf
3,DFT,3,52,0.46855854,-2.16160001,band_3.pdf
3,DFT,3,53,0.47423972,-2.32810000,band_3.pdf
3,DFT,3,54,0.47992091,-2.45400001,band_3.pdf
3,DFT,3,55,0.48562994,-2.54089998,band_3.pdf
3,DFT,3,56,0.49131113,-2.59399998,band_3.pdf
3,DFT,3,57,0.49699231,-2.62039999,band_3.pdf
3,DFT,3,58,0.50267350,-2.62709999,band_3.pdf
3,DFT,3,59,0.50835468,-2.62039999,band_3.pdf
3,DFT,3,60,0.51971705,-2.58729998,band_3.pdf
3,DFT,3,61,0.53678846,-2.53649999,band_3.pdf
3,DFT,3,62,0.54815083,-2.51699999,band_3.pdf
3,DFT,3,63,0.56519439,-2.50629999,band_3.pdf
3,DFT,3,64,0.59619027,-2.50559997,band_3.pdf
3,DFT,3,65,0.60315250,-2.51899997,band_3.pdf
3,DFT,3,66,0.61011474,-2.54199998,band_3.pdf
3,DFT,3,67,0.61707697,-2.57369996,band_3.pdf
3,DFT,3,68,0.62403921,-2.61380001,band_3.pdf
3,DFT,3,69,0.63100145,-2.66229999,band_3.pdf
3,DFT,3,70,0.64492592,-2.78210001,band_3.pdf
3,DFT,3,71,0.65885040,-2.92439999,band_3.pdf
3,DFT,3,72,0.68669934,-3.22069999,band_3.pdf
3,DFT,3,73,0.70062382,-3.34669996,band_3.pdf
3,DFT,3,74,0.70758605,-3.39979996,band_3.pdf
3,DFT,3,75,0.71454829,-3.44500001,band_3.pdf
3,DFT,3,76,0.72151053,-3.16699999,band_3.pdf
3,DFT,3,77,0.72847276,-2.85199995,band_3.pdf
3,DFT,3,78,0.73543500,-2.57089996,band_3.pdf
3,DFT,3,79,0.74239724,-2.32949997,band_3.pdf
3,DFT,3,80,0.74935947,-2.13250000,band_3.pdf
3,DFT,3,81,0.75632171,-1.98210000,band_3.pdf
3,DFT,3,82,0.76328395,-1.88619997,band_3.pdf
3,DFT,3,83,0.77024618,-1.88479999,band_3.pdf
3,DFT,3,84,0.78417066,-1.86229998,band_3.pdf
3,DFT,3,85,0.79113290,-1.84420002,band_3.pdf
3,DFT,3,86,0.79809513,-1.89359998,band_3.pdf
3,DFT,3,87,0.82594408,-2.14210001,band_3.pdf
3,DFT,3,88,0.83290632,-2.18209999,band_3.pdf
3,DFT,3,89,0.83986855,-2.20329998,band_3.pdf
3,DFT,3,90,0.84683079,-2.20209997,band_3.pdf
3,DFT,3,91,0.85379303,-2.17569996,band_3.pdf
3,DFT,3,92,0.86075526,-2.12200002,band_3.pdf
3,DFT,3,93,0.86771750,-2.03939997,band_3.pdf
3,DFT,3,94,0.87467974,-1.92719999,band_3.pdf
3,DFT,3,95,0.88164197,-1.78629998,band_3.pdf
3,DFT,3,96,0.88860421,-1.81440000,band_3.pdf
3,DFT,3,97,0.89556645,-1.88789997,band_3.pdf
3,DFT,3,98,0.90252868,-1.97260000,band_3.pdf
3,DFT,3,99,0.91645316,-2.16529998,band_3.pdf
3,DFT,3,100,0.94430211,-2.56860001,band_3.pdf
3,DFT,3,101,0.95126434,-2.65960000,band_3.pdf
3,DFT,3,102,0.95822658,-2.74199997,band_3.pdf
3,DFT,3,103,0.96518881,-2.81440000,band_3.pdf
3,DFT,3,104,0.97215105,-2.87540001,band_3.pdf
3,DFT,3,105,0.97911329,-2.92389999,band_3.pdf
3,DFT,3,106,0.98607553,-2.95920000,band_3.pdf
3,DFT,3,107,0.99303776,-2.98059996,band_3.pdf
3,DFT,3,108,1.00000000,-2.98770000,band_3.pdf
3,DFT,4,0,0.00000000,-2.47249996,band_3.pdf
3,DFT,4,1,0.00804834,-2.46939999,band_3.pdf
3,DFT,4,2,0.01606884,-2.45829999,band_3.pdf
3,DFT,4,3,0.02411719,-2.43509996,band_3.pdf
3,DFT,4,4,0.03216554,-2.39800000,band_3.pdf
3,DFT,4,5,0.04018603,-2.34789996,band_3.pdf
3,DFT,4,6,0.04823438,-2.28620000,band_3.pdf
3,DFT,4,7,0.05628272,-2.21379997,band_3.pdf
3,DFT,4,8,0.06430322,-2.13169998,band_3.pdf
3,DFT,4,9,0.07235157,-2.04099996,band_3.pdf
3,DFT,4,10,0.08039991,-2.19690002,band_3.pdf
3,DFT,4,11,0.08842041,-2.33999996,band_3.pdf
3,DFT,4,12,0.09646875,-2.31080000,band_3.pdf
3,DFT,4,13,0.10451710,-2.24639999,band_3.pdf
3,DFT,4,14,0.11253760,-2.16759999,band_3.pdf
3,DFT,4,15,0.12058594,-2.07509996,band_3.pdf
3,DFT,4,16,0.12863429,-1.96880001,band_3.pdf
3,DFT,4,17,0.13665478,-1.84920001,band_3.pdf
3,DFT,4,18,0.14470313,-1.71699998,band_3.pdf
3,DFT,4,19,0.15275148,-1.57329998,band_3.pdf
3,DFT,4,20,0.16882032,-1.25950001,band_3.pdf
3,DFT,4,21,0.19293751,-0.76829997,band_3.pdf
3,DFT,4,22,0.20098585,-0.61689998,band_3.pdf
3,DFT,4,23,0.20903420,-0.48169999,band_3.pdf
3,DFT,4,24,0.21705470,-0.37000000,band_3.pdf
3,DFT,4,25,0.22510304,-0.28989998,band_3.pdf
3,DFT,4,26,0.23315139,-0.24579998,band_3.pdf
3,DFT,4,27,0.24117188,-0.23260001,band_3.pdf
3,DFT,4,28,0.24685307,-0.23969999,band_3.pdf
3,DFT,4,29,0.25256210,-0.26749997,band_3.pdf
3,DFT,4,30,0.25824329,-0.32469999,band_3.pdf
3,DFT,4,31,0.26392447,-0.40899998,band_3.pdf
3,DFT,4,32,0.26960566,-0.51579999,band_3.pdf
3,DFT,4,33,0.27528684,-0.64130002,band_3.pdf
3,DFT,4,34,0.28096803,-0.78220002,band_3.pdf
3,DFT,4,35,0.29233040,-1.09740001,band_3.pdf
3,DFT,4,36,0.30940180,-1.61339996,band_3.pdf
3,DFT,4,37,0.32076417,-1.95860000,band_3.pdf
3,DFT,4,38,0.32644536,-2.00790001,band_3.pdf
3,DFT,4,39,0.33780773,-1.73149998,band_3.pdf
3,DFT,4,40,0.34348892,-1.65049998,band_3.pdf
3,DFT,4,41,0.34919795,-1.64319998,band_3.pdf
3,DFT,4,42,0.35487914,-1.61930000,band_3.pdf
3,DFT,4,43,0.36056032,-1.58300000,band_3.pdf
3,DFT,4,44,0.37760388,-1.45749997,band_3.pdf
3,DFT,4,45,0.38328506,-1.46390000,band_3.pdf
3,DFT,4,46,0.38896625,-1.50829996,band_3.pdf
3,DFT,4,47,0.39467528,-1.48800000,band_3.pdf
3,DFT,4,48,0.40035647,-1.32619997,band_3.pdf
3,DFT,4,49,0.40603765,-1.26440000,band_3.pdf
3,DFT,4,50,0.41171884,-1.25579998,band_3.pdf
3,DFT,4,51,0.42308121,-1.26529998,band_3.pdf
3,DFT,4,52,0.42876239,-1.27800002,band_3.pdf
3,DFT,4,53,0.43444358,-1.29779999,band_3.pdf
3,DFT,4,54,0.44015261,-1.32899998,band_3.pdf
3,DFT,4,55,0.44583380,-1.38420002,band_3.pdf
3,DFT,4,56,0.45151498,-1.45419997,band_3.pdf
3,DFT,4,57,0.45719617,-1.43809999,band_3.pdf
3,DFT,4,58,0.46287735,-1.40899998,band_3.pdf
3,DFT,4,59,0.46855854,-1.39499998,band_3.pdf
3,DFT,4,60,0.47423972,-1.40320002,band_3.pdf
3,DFT,4,61,0.50267350,-1.49080000,band_3.pdf
3,DFT,4,62,0.50835468,-1.59409999,band_3.pdf
3,DFT,4,63,0.51971705,-1.83149997,band_3.pdf
3,DFT,4,64,0.53110727,-2.04140000,band_3.pdf
3,DFT,4,65,0.53678846,-2.13379996,band_3.pdf
3,DFT,4,66,0.54246965,-2.21679999,band_3.pdf
3,DFT,4,67,0.54815083,-2.28960001,band_3.pdf
3,DFT,4,68,0.55383202,-2.35160000,band_3.pdf
3,DFT,4,69,0.55951320,-2.40190000,band_3.pdf
3,DFT,4,70,0.56519439,-2.43909997,band_3.pdf
3,DFT,4,71,0.57087557,-2.46170000,band_3.pdf
3,DFT,4,72,0.57658460,-2.47070000,band_3.pdf
3,DFT,4,73,0.58922803,-2.46999999,band_3.pdf
3,DFT,4,74,0.59619027,-2.45099999,band_3.pdf
3,DFT,4,75,0.60315250,-2.40470000,band_3.pdf
3,DFT,4,76,0.61011474,-2.33490001,band_3.pdf
3,DFT,4,77,0.61707697,-2.24380001,band_3.pdf
3,DFT,4,78,0.62403921,-2.13250000,band_3.pdf
3,DFT,4,79,0.63100145,-2.00159999,band_3.pdf
3,DFT,4,80,0.63796368,-1.85140001,band_3.pdf
3,DFT,4,81,0.64492592,-1.68279997,band_3.pdf
3,DFT,4,82,0.65188816,-1.49860000,band_3.pdf
3,DFT,4,83,0.65885040,-1.38180000,band_3.pdf
3,DFT,4,84,0.67973711,-1.34959997,band_3.pdf
3,DFT,4,85,0.68669934,-1.35929999,band_3.pdf
3,DFT,4,86,0.69366158,-1.41289998,band_3.pdf
3,DFT,4,87,0.71454829,-1.63489999,band_3.pdf
3,DFT,4,88,0.72151053,-1.69809999,band_3.pdf
3,DFT,4,89,0.72847276,-1.75269998,band_3.pdf
3,DFT,4,90,0.73543500,-1.79809999,band_3.pdf
3,DFT,4,91,0.74239724,-1.83379998,band_3.pdf
3,DFT,4,92,0.74935947,-1.85999997,band_3.pdf
3,DFT,4,93,0.75632171,-1.87679998,band_3.pdf
3,DFT,4,94,0.77024618,-1.88220002,band_3.pdf
3,DFT,4,95,0.77720842,-1.87389996,band_3.pdf
3,DFT,4,96,0.79113290,-1.83809996,band_3.pdf
3,DFT,4,97,0.79809513,-1.81749997,band_3.pdf
3,DFT,4,98,0.83290632,-1.67920001,band_3.pdf
3,DFT,4,99,0.83986855,-1.65979996,band_3.pdf
3,DFT,4,100,0.84683079,-1.64769998,band_3.pdf
3,DFT,4,101,0.85379303,-1.64439999,band_3.pdf
3,DFT,4,102,0.86075526,-1.65219999,band_3.pdf
3,DFT,4,103,0.86771750,-1.67219997,band_3.pdf
3,DFT,4,104,0.87467974,-1.70559996,band_3.pdf
3,DFT,4,105,0.88860421,-1.80249998,band_3.pdf
3,DFT,4,106,0.89556645,-1.87749999,band_3.pdf
3,DFT,4,107,0.90252868,-1.96359999,band_3.pdf
3,DFT,4,108,0.92341540,-2.25179997,band_3.pdf
3,DFT,4,109,0.93037763,-2.03640001,band_3.pdf
3,DFT,4,110,0.95126434,-1.24660001,band_3.pdf
3,DFT,4,111,0.95822658,-1.00149998,band_3.pdf
3,DFT,4,112,0.96518881,-0.77750000,band_3.pdf
3,DFT,4,113,0.97215105,-0.58190000,band_3.pdf
3,DFT,4,114,0.97911329,-0.42229997,band_3.pdf
3,DFT,4,115,0.98607553,-0.30679999,band_3.pdf
3,DFT,4,116,0.99303776,-0.24610002,band_3.pdf
3,DFT,4,117,1.00000000,-0.23260001,band_3.pdf
3,DFT,5,0,0.00000000,-1.30630000,band_3.pdf
3,DFT,5,1,0.00804834,-1.31470000,band_3.pdf
3,DFT,5,2,0.01606884,-1.34330001,band_3.pdf
3,DFT,5,3,0.02411719,-1.39109998,band_3.pdf
3,DFT,5,4,0.03216554,-1.45759998,band_3.pdf
3,DFT,5,5,0.04018603,-1.54209999,band_3.pdf
3,DFT,5,6,0.04823438,-1.64379999,band_3.pdf
3,DFT,5,7,0.05628272,-1.76169998,band_3.pdf
3,DFT,5,8,0.06430322,-1.89440000,band_3.pdf
3,DFT,5,9,0.07235157,-2.04030001,band_3.pdf
3,DFT,5,10,0.08842041,-1.83769998,band_3.pdf
3,DFT,5,11,0.10451710,-1.61260000,band_3.pdf
3,DFT,5,12,0.12863429,-1.26359998,band_3.pdf
3,DFT,5,13,0.13665478,-1.28190002,band_3.pdf
3,DFT,5,14,0.14470313,-1.49439997,band_3.pdf
3,DFT,5,15,0.15275148,-1.56929997,band_3.pdf
3,DFT,5,16,0.16079982,-1.41959998,band_3.pdf
3,DFT,5,17,0.18491701,-0.92800001,band_3.pdf
3,DFT,5,18,0.19293751,-0.76619998,band_3.pdf
3,DFT,5,19,0.20098585,-0.61359998,band_3.pdf
3,DFT,5,20,0.20903420,-0.47640002,band_3.pdf
3,DFT,5,21,0.21705470,-0.36079997,band_3.pdf
3,DFT,5,22,0.22510304,-0.27290001,band_3.pdf
3,DFT,5,23,0.23315139,-0.21779998,band_3.pdf
3,DFT,5,24,0.24117188,-0.19900000,band_3.pdf
3,DFT,5,25,0.24685307,-0.20839999,band_3.pdf
3,DFT,5,26,0.25256210,-0.23660002,band_3.pdf
3,DFT,5,27,0.25824329,-0.28290001,band_3.pdf
3,DFT,5,28,0.26392447,-0.34680003,band_3.pdf
3,DFT,5,29,0.26960566,-0.42689998,band_3.pdf
3,DFT,5,30,0.27528684,-0.52170002,band_3.pdf
3,DFT,5,31,0.28096803,-0.62909997,band_3.pdf
3,DFT,5,32,0.29233040,-0.87129999,band_3.pdf
3,DFT,5,33,0.30940180,-1.25019998,band_3.pdf
3,DFT,5,34,0.31508299,-1.36340001,band_3.pdf
3,DFT,5,35,0.32076417,-1.46240001,band_3.pdf
3,DFT,5,36,0.32644536,-1.54280000,band_3.pdf
3,DFT,5,37,0.33212655,-1.60160002,band_3.pdf
3,DFT,5,38,0.33780773,-1.63730001,band_3.pdf
3,DFT,5,39,0.34348892,-1.58030001,band_3.pdf
3,DFT,5,40,0.35487914,-1.25359998,band_3.pdf
3,DFT,5,41,0.36056032,-1.07919998,band_3.pdf
3,DFT,5,42,0.36624151,-1.13949997,band_3.pdf
3,DFT,5,43,0.37192269,-1.24200000,band_3.pdf
3,DFT,5,44,0.37760388,-1.32100002,band_3.pdf
3,DFT,5,45,0.38328506,-1.34560002,band_3.pdf
3,DFT,5,46,0.38896625,-1.32079999,band_3.pdf
3,DFT,5,47,0.40035647,-1.25249998,band_3.pdf
3,DFT,5,48,0.40603765,-1.16359998,band_3.pdf
3,DFT,5,49,0.41171884,-1.11470001,band_3.pdf
3,DFT,5,50,0.42876239,-1.12350000,band_3.pdf
3,DFT,5,51,0.44015261,-1.13970000,band_3.pdf
3,DFT,5,52,0.44583380,-1.15359999,band_3.pdf
3,DFT,5,53,0.45151498,-1.18390000,band_3.pdf
3,DFT,5,54,0.45719617,-1.23770001,band_3.pdf
3,DFT,5,55,0.46287735,-1.27039998,band_3.pdf
3,DFT,5,56,0.46855854,-1.27099999,band_3.pdf
3,DFT,5,57,0.47992091,-1.21080001,band_3.pdf
3,DFT,5,58,0.49131113,-1.22279998,band_3.pdf
3,DFT,5,59,0.49699231,-1.33799998,band_3.pdf
3,DFT,5,60,0.50267350,-1.46769998,band_3.pdf
3,DFT,5,61,0.50835468,-1.49849999,band_3.pdf
3,DFT,5,62,0.51971705,-1.49629999,band_3.pdf
3,DFT,5,63,0.53110727,-1.47020001,band_3.pdf
3,DFT,5,64,0.54246965,-1.42600001,band_3.pdf
3,DFT,5,65,0.55951320,-1.35299997,band_3.pdf
3,DFT,5,66,0.57087557,-1.31870001,band_3.pdf
3,DFT,5,67,0.58226579,-1.30630000,band_3.pdf
3,DFT,5,68,0.59619027,-1.31480001,band_3.pdf
3,DFT,5,69,0.61707697,-1.35029998,band_3.pdf
3,DFT,5,70,0.63100145,-1.37340000,band_3.pdf
3,DFT,5,71,0.64492592,-1.38300001,band_3.pdf
3,DFT,5,72,0.65188816,-1.37989998,band_3.pdf
3,DFT,5,73,0.65885040,-1.35050000,band_3.pdf
3,DFT,5,74,0.67973711,-1.30300000,band_3.pdf
3,DFT,5,75,0.68669934,-1.31519999,band_3.pdf
3,DFT,5,76,0.69366158,-1.39219998,band_3.pdf
3,DFT,5,77,0.70758605,-1.55709998,band_3.pdf
3,DFT,5,78,0.71454829,-1.62979998,band_3.pdf
3,DFT,5,79,0.72151053,-1.69420000,band_3.pdf
3,DFT,5,80,0.72847276,-1.74960000,band_3.pdf
3,DFT,5,81,0.73543500,-1.79529999,band_3.pdf
3,DFT,5,82,0.74239724,-1.83139996,band_3.pdf
3,DFT,5,83,0.74935947,-1.85769997,band_3.pdf
3,DFT,5,84,0.75632171,-1.87469999,band_3.pdf
3,DFT,5,85,0.76328395,-1.87609996,band_3.pdf
3,DFT,5,86,0.77024618,-1.81629996,band_3.pdf
3,DFT,5,87,0.77720842,-1.79380001,band_3.pdf
3,DFT,5,88,0.78417066,-1.80409997,band_3.pdf
3,DFT,5,89,0.79113290,-1.83759997,band_3.pdf
3,DFT,5,90,0.80505737,-1.78359999,band_3.pdf
3,DFT,5,91,0.83290632,-1.66719998,band_3.pdf
3,DFT,5,92,0.83986855,-1.64659999,band_3.pdf
3,DFT,5,93,0.84683079,-1.63349996,band_3.pdf
3,DFT,5,94,0.85379303,-1.62959996,band_3.pdf
3,DFT,5,95,0.86075526,-1.63709999,band_3.pdf
3,DFT,5,96,0.86771750,-1.65729999,band_3.pdf
3,DFT,5,97,0.87467974,-1.69119997,band_3.pdf
3,DFT,5,98,0.88164197,-1.73910001,band_3.pdf
3,DFT,5,99,0.88860421,-1.61239998,band_3.pdf
3,DFT,5,100,0.89556645,-1.41210001,band_3.pdf
3,DFT,5,101,0.90252868,-1.18529997,band_3.pdf
3,DFT,5,102,0.91645316,-0.70100001,band_3.pdf
3,DFT,5,103,0.92341540,-0.60660001,band_3.pdf
3,DFT,5,104,0.93733987,-0.49380002,band_3.pdf
3,DFT,5,105,0.95126434,-0.39360001,band_3.pdf
3,DFT,5,106,0.96518881,-0.31069999,band_3.pdf
3,DFT,5,107,0.97911329,-0.25060002,band_3.pdf
3,DFT,5,108,0.99303776,-0.20939998,band_3.pdf
3,DFT,5,109,1.00000000,-0.19900000,band_3.pdf
3,DFT,6,0,0.00000000,-1.29910001,band_3.pdf
3,DFT,6,1,0.00804834,-1.29649997,band_3.pdf
3,DFT,6,2,0.01606884,-1.28549999,band_3.pdf
3,DFT,6,3,0.02411719,-1.26680002,band_3.pdf
3,DFT,6,4,0.03216554,-1.24100001,band_3.pdf
3,DFT,6,5,0.04823438,-1.16929999,band_3.pdf
3,DFT,6,6,0.05628272,-1.12360001,band_3.pdf
3,DFT,6,7,0.06430322,-1.07050001,band_3.pdf
3,DFT,6,8,0.07235157,-1.00829999,band_3.pdf
3,DFT,6,9,0.08039991,-0.93379997,band_3.pdf
3,DFT,6,10,0.08842041,-0.84169999,band_3.pdf
3,DFT,6,11,0.09646875,-0.72379999,band_3.pdf
3,DFT,6,12,0.10451710,-0.56889999,band_3.pdf
3,DFT,6,13,0.11253760,-0.54589998,band_3.pdf
3,DFT,6,14,0.12863429,-1.01669999,band_3.pdf
3,DFT,6,15,0.13665478,-1.11279999,band_3.pdf
3,DFT,6,16,0.15275148,-0.89620002,band_3.pdf
3,DFT,6,17,0.16882032,-0.68470000,band_3.pdf
3,DFT,6,18,0.17686866,-0.58870001,band_3.pdf
3,DFT,6,19,0.18491701,-0.50090001,band_3.pdf
3,DFT,6,20,0.19293751,-0.42210001,band_3.pdf
3,DFT,6,21,0.20098585,-0.35330000,band_3.pdf
3,DFT,6,22,0.20903420,-0.29480002,band_3.pdf
3,DFT,6,23,0.21705470,-0.24610002,band_3.pdf
3,DFT,6,24,0.22510304,-0.20599997,band_3.pdf
3,DFT,6,25,0.23315139,-0.17539999,band_3.pdf
3,DFT,6,26,0.24117188,-0.16320000,band_3.pdf
3,DFT,6,27,0.26392447,-0.18170000,band_3.pdf
3,DFT,6,28,0.28096803,-0.16340002,band_3.pdf
3,DFT,6,29,0.30372062,-0.12140001,band_3.pdf
3,DFT,6,30,0.32644536,-0.06950002,band_3.pdf
3,DFT,6,31,0.33780773,-0.42469999,band_3.pdf
3,DFT,6,32,0.34919795,-0.74580001,band_3.pdf
3,DFT,6,33,0.35487914,-0.88969998,band_3.pdf
3,DFT,6,34,0.36056032,-1.02140002,band_3.pdf
3,DFT,6,35,0.36624151,-0.89840001,band_3.pdf
3,DFT,6,36,0.39467528,0.02910000,band_3.pdf
3,DFT,6,37,0.40035647,0.05359999,band_3.pdf
3,DFT,6,38,0.41171884,0.05710001,band_3.pdf
3,DFT,6,39,0.41740002,0.04849999,band_3.pdf
3,DFT,6,40,0.42308121,0.02240000,band_3.pdf
3,DFT,6,41,0.42876239,-0.12300000,band_3.pdf
3,DFT,6,42,0.43444358,-0.38039997,band_3.pdf
3,DFT,6,43,0.44583380,-0.91659999,band_3.pdf
3,DFT,6,44,0.45151498,-1.08929999,band_3.pdf
3,DFT,6,45,0.45719617,-1.14179998,band_3.pdf
3,DFT,6,46,0.46855854,-1.17290002,band_3.pdf
3,DFT,6,47,0.47423972,-1.18280000,band_3.pdf
3,DFT,6,48,0.47992091,-1.17599999,band_3.pdf
3,DFT,6,49,0.48562994,-1.12760002,band_3.pdf
3,DFT,6,50,0.49131113,-1.20640001,band_3.pdf
3,DFT,6,51,0.49699231,-1.23229998,band_3.pdf
3,DFT,6,52,0.52539824,-1.27139997,band_3.pdf
3,DFT,6,53,0.54815083,-1.28979997,band_3.pdf
3,DFT,6,54,0.57658460,-1.29889998,band_3.pdf
3,DFT,6,55,0.58922803,-1.30130000,band_3.pdf
3,DFT,6,56,0.60315250,-1.31650001,band_3.pdf
3,DFT,6,57,0.63100145,-1.35400002,band_3.pdf
3,DFT,6,58,0.64492592,-1.35539999,band_3.pdf
3,DFT,6,59,0.65188816,-1.34770000,band_3.pdf
3,DFT,6,60,0.65885040,-1.27280000,band_3.pdf
3,DFT,6,61,0.66581263,-1.07149999,band_3.pdf
3,DFT,6,62,0.67277487,-1.09809997,band_3.pdf
3,DFT,6,63,0.67973711,-1.18969996,band_3.pdf
3,DFT,6,64,0.68669934,-1.25749998,band_3.pdf
3,DFT,6,65,0.69366158,-1.26419998,band_3.pdf
3,DFT,6,66,0.70758605,-1.23420000,band_3.pdf
3,DFT,6,67,0.73543500,-1.16040000,band_3.pdf
3,DFT,6,68,0.75632171,-1.11960000,band_3.pdf
3,DFT,6,69,0.77720842,-1.09560000,band_3.pdf
3,DFT,6,70,0.79113290,-1.08850002,band_3.pdf
3,DFT,6,71,0.83986855,-1.10159999,band_3.pdf
3,DFT,6,72,0.85379303,-1.07600000,band_3.pdf
3,DFT,6,73,0.86075526,-1.05310000,band_3.pdf
3,DFT,6,74,0.86771750,-1.02259997,band_3.pdf
3,DFT,6,75,0.88164197,-0.94059998,band_3.pdf
3,DFT,6,76,0.89556645,-0.83489998,band_3.pdf
3,DFT,6,77,0.94430211,-0.42030000,band_3.pdf
3,DFT,6,78,0.95822658,-0.31970000,band_3.pdf
3,DFT,6,79,0.97215105,-0.24200000,band_3.pdf
3,DFT,6,80,0.98607553,-0.19039998,band_3.pdf
3,DFT,6,81,0.99303776,-0.17259999,band_3.pdf
3,DFT,6,82,1.00000000,-0.16320000,band_3.pdf
3,DFT,7,0,0.00000000,-0.38360002,band_3.pdf
3,DFT,7,1,0.03216554,-0.37750002,band_3.pdf
3,DFT,7,2,0.04823438,-0.38379998,band_3.pdf
3,DFT,7,3,0.06430322,-0.37429998,band_3.pdf
3,DFT,7,4,0.07235157,-0.35879999,band_3.pdf
3,DFT,7,5,0.08039991,-0.33370000,band_3.pdf
3,DFT,7,6,0.08842041,-0.29750001,band_3.pdf
3,DFT,7,7,0.09646875,-0.25000001,band_3.pdf
3,DFT,7,8,0.11253760,-0.36410002,band_3.pdf
3,DFT,7,9,0.12058594,-0.10570001,band_3.pdf
3,DFT,7,10,0.12863429,0.09089998,band_3.pdf
3,DFT,7,11,0.13665478,0.22870001,band_3.pdf
3,DFT,7,12,0.14470313,0.37659998,band_3.pdf
3,DFT,7,13,0.15275148,0.53879999,band_3.pdf
3,DFT,7,14,0.16079982,0.71469998,band_3.pdf
3,DFT,7,15,0.17686866,1.09860002,band_3.pdf
3,DFT,7,16,0.20098585,1.69349998,band_3.pdf
3,DFT,7,17,0.20903420,1.87079999,band_3.pdf
3,DFT,7,18,0.21705470,2.02219998,band_3.pdf
3,DFT,7,19,0.22510304,2.13519999,band_3.pdf
3,DFT,7,20,0.23315139,2.19850001,band_3.pdf
3,DFT,7,21,0.24117188,2.21649996,band_3.pdf
3,DFT,7,22,0.24685307,2.20690001,band_3.pdf
3,DFT,7,23,0.25256210,2.16770000,band_3.pdf
3,DFT,7,24,0.25824329,2.09000000,band_3.pdf
3,DFT,7,25,0.26392447,1.97940001,band_3.pdf
3,DFT,7,26,0.26960566,1.84240000,band_3.pdf
3,DFT,7,27,0.27528684,1.68430001,band_3.pdf
3,DFT,7,28,0.28664922,1.32289998,band_3.pdf
3,DFT,7,29,0.30372062,0.72419998,band_3.pdf
3,DFT,7,30,0.32076417,0.12470001,band_3.pdf
3,DFT,7,31,0.32644536,-0.06600000,band_3.pdf
3,DFT,7,32,0.34348892,-0.03030001,band_3.pdf
3,DFT,7,33,0.37192269,0.02499998,band_3.pdf
3,DFT,7,34,0.39467528,0.06009997,band_3.pdf
3,DFT,7,35,0.40035647,0.19549999,band_3.pdf
3,DFT,7,36,0.40603765,0.30750001,band_3.pdf
3,DFT,7,37,0.41171884,0.27470003,band_3.pdf
3,DFT,7,38,0.41740002,0.22629999,band_3.pdf
3,DFT,7,39,0.42308121,0.08749997,band_3.pdf
3,DFT,7,40,0.42876239,-0.02159998,band_3.pdf
3,DFT,7,41,0.43444358,-0.08970003,band_3.pdf
3,DFT,7,42,0.44015261,-0.21339999,band_3.pdf
3,DFT,7,43,0.44583380,-0.36369998,band_3.pdf
3,DFT,7,44,0.45151498,-0.50179998,band_3.pdf
3,DFT,7,45,0.45719617,-0.61620002,band_3.pdf
3,DFT,7,46,0.46287735,-0.70419999,band_3.pdf
3,DFT,7,47,0.47423972,-0.83819997,band_3.pdf
3,DFT,7,48,0.47992091,-0.94779998,band_3.pdf
3,DFT,7,49,0.48562994,-1.07500001,band_3.pdf
3,DFT,7,50,0.49131113,-1.06830001,band_3.pdf
3,DFT,7,51,0.53110727,-0.63440000,band_3.pdf
3,DFT,7,52,0.54246965,-0.53230002,band_3.pdf
3,DFT,7,53,0.55383202,-0.45120001,band_3.pdf
3,DFT,7,54,0.55951320,-0.42040001,band_3.pdf
3,DFT,7,55,0.56519439,-0.39779998,band_3.pdf
3,DFT,7,56,0.57087557,-0.38520001,band_3.pdf
3,DFT,7,57,0.58226579,-0.38360002,band_3.pdf
3,DFT,7,58,0.58922803,-0.38400000,band_3.pdf
3,DFT,7,59,0.59619027,-0.39250001,band_3.pdf
3,DFT,7,60,0.60315250,-0.41150001,band_3.pdf
3,DFT,7,61,0.61011474,-0.44010002,band_3.pdf
3,DFT,7,62,0.61707697,-0.47819997,band_3.pdf
3,DFT,7,63,0.62403921,-0.52610001,band_3.pdf
3,DFT,7,64,0.63100145,-0.58389998,band_3.pdf
3,DFT,7,65,0.63796368,-0.65130001,band_3.pdf
3,DFT,7,66,0.65188816,-0.81120001,band_3.pdf
3,DFT,7,67,0.67973711,-1.17189997,band_3.pdf
3,DFT,7,68,0.68669934,-1.23380002,band_3.pdf
3,DFT,7,69,0.69366158,-1.23889996,band_3.pdf
3,DFT,7,70,0.71454829,-1.18259998,band_3.pdf
3,DFT,7,71,0.73543500,-1.13080000,band_3.pdf
3,DFT,7,72,0.74935947,-1.10630001,band_3.pdf
3,DFT,7,73,0.76328395,-1.09099999,band_3.pdf
3,DFT,7,74,0.78417066,-1.08510001,band_3.pdf
3,DFT,7,75,0.80505737,-1.08319999,band_3.pdf
3,DFT,7,76,0.83290632,-1.07189998,band_3.pdf
3,DFT,7,77,0.84683079,-1.05260001,band_3.pdf
3,DFT,7,78,0.86075526,-1.01470002,band_3.pdf
3,DFT,7,79,0.87467974,-0.95380002,band_3.pdf
3,DFT,7,80,0.88860421,-0.87069998,band_3.pdf
3,DFT,7,81,0.90252868,-0.77009998,band_3.pdf
3,DFT,7,82,0.90949092,-0.70940001,band_3.pdf
3,DFT,7,83,0.91645316,-0.60720002,band_3.pdf
3,DFT,7,84,0.92341540,-0.34680003,band_3.pdf
3,DFT,7,85,0.93733987,0.27500000,band_3.pdf
3,DFT,7,86,0.95126434,0.91209999,band_3.pdf
3,DFT,7,87,0.95822658,1.21650002,band_3.pdf
3,DFT,7,88,0.96518881,1.49920000,band_3.pdf
3,DFT,7,89,0.97215105,1.74999999,band_3.pdf
3,DFT,7,90,0.97911329,1.95829996,band_3.pdf
3,DFT,7,91,0.98607553,2.11250002,band_3.pdf
3,DFT,7,92,0.99303776,2.19759997,band_3.pdf
3,DFT,7,93,1.00000000,2.21649996,band_3.pdf
3,DFT,8,0,0.00000000,-0.36240002,band_3.pdf
3,DFT,8,1,0.02411719,-0.37170000,band_3.pdf
3,DFT,8,2,0.04823438,-0.38140002,band_3.pdf
3,DFT,8,3,0.06430322,-0.37049999,band_3.pdf
3,DFT,8,4,0.07235157,-0.35440000,band_3.pdf
3,DFT,8,5,0.08039991,-0.32870000,band_3.pdf
3,DFT,8,6,0.08842041,-0.29149997,band_3.pdf
3,DFT,8,7,0.09646875,-0.24110002,band_3.pdf
3,DFT,8,8,0.10451710,-0.17759998,band_3.pdf
3,DFT,8,9,0.11253760,-0.10170000,band_3.pdf
3,DFT,8,10,0.12058594,-0.00670000,band_3.pdf
3,DFT,8,11,0.12863429,0.10549998,band_3.pdf
3,DFT,8,12,0.13665478,0.23459998,band_3.pdf
3,DFT,8,13,0.14470313,0.38020001,band_3.pdf
3,DFT,8,14,0.15275148,0.54160000,band_3.pdf
3,DFT,8,15,0.16079982,0.71709999,band_3.pdf
3,DFT,8,16,0.17686866,1.10109999,band_3.pdf
3,DFT,8,17,0.20098585,1.69729997,band_3.pdf
3,DFT,8,18,0.20903420,1.87609996,band_3.pdf
3,DFT,8,19,0.21705470,2.03039996,band_3.pdf
3,DFT,8,20,0.22510304,2.15029999,band_3.pdf
3,DFT,8,21,0.23315139,2.22659996,band_3.pdf
3,DFT,8,22,0.24117188,2.25289997,band_3.pdf
3,DFT,8,23,0.24685307,2.23969999,band_3.pdf
3,DFT,8,24,0.25256210,2.20039997,band_3.pdf
3,DFT,8,25,0.25824329,2.13590001,band_3.pdf
3,DFT,8,26,0.26392447,2.04779997,band_3.pdf
3,DFT,8,27,0.26960566,1.93839999,band_3.pdf
3,DFT,8,28,0.27528684,1.81069996,band_3.pdf
3,DFT,8,29,0.28664922,1.51619997,band_3.pdf
3,DFT,8,30,0.30372062,1.05509997,band_3.pdf
3,DFT,8,31,0.30940180,0.92109999,band_3.pdf
3,DFT,8,32,0.31508299,0.80799997,band_3.pdf
3,DFT,8,33,0.32076417,0.72149999,band_3.pdf
3,DFT,8,34,0.32644536,0.66559999,band_3.pdf
3,DFT,8,35,0.33212655,0.64180001,band_3.pdf
3,DFT,8,36,0.33780773,0.64879998,band_3.pdf
3,DFT,8,37,0.34348892,0.68310000,band_3.pdf
3,DFT,8,38,0.34919795,0.73979997,band_3.pdf
3,DFT,8,39,0.35487914,0.81309998,band_3.pdf
3,DFT,8,40,0.36624151,0.98710000,band_3.pdf
3,DFT,8,41,0.37760388,1.16479999,band_3.pdf
3,DFT,8,42,0.38328506,1.24480000,band_3.pdf
3,DFT,8,43,0.39467528,0.72209999,band_3.pdf
3,DFT,8,44,0.40035647,0.49710002,band_3.pdf
3,DFT,8,45,0.40603765,0.33560002,band_3.pdf
3,DFT,8,46,0.41171884,0.34960003,band_3.pdf
3,DFT,8,47,0.41740002,0.32110003,band_3.pdf
3,DFT,8,48,0.42308121,0.23940002,band_3.pdf
3,DFT,8,49,0.42876239,0.11719998,band_3.pdf
3,DFT,8,50,0.43444358,-0.02229999,band_3.pdf
3,DFT,8,51,0.44015261,-0.13080000,band_3.pdf
3,DFT,8,52,0.45151498,-0.31909999,band_3.pdf
3,DFT,8,53,0.46287735,-0.53780001,band_3.pdf
3,DFT,8,54,0.46855854,-0.65070001,band_3.pdf
3,DFT,8,55,0.47423972,-0.73780000,band_3.pdf
3,DFT,8,56,0.47992091,-0.76490002,band_3.pdf
3,DFT,8,57,0.48562994,-0.75740000,band_3.pdf
3,DFT,8,58,0.49131113,-0.73230001,band_3.pdf
3,DFT,8,59,0.50267350,-0.65420002,band_3.pdf
3,DFT,8,60,0.51971705,-0.52419999,band_3.pdf
3,DFT,8,61,0.53110727,-0.45580003,band_3.pdf
3,DFT,8,62,0.54246965,-0.40920000,band_3.pdf
3,DFT,8,63,0.55383202,-0.38209997,band_3.pdf
3,DFT,8,64,0.56519439,-0.36840000,band_3.pdf
3,DFT,8,65,0.58226579,-0.36240002,band_3.pdf
3,DFT,8,66,0.59619027,-0.36599999,band_3.pdf
3,DFT,8,67,0.60315250,-0.38470001,band_3.pdf
3,DFT,8,68,0.61011474,-0.41440002,band_3.pdf
3,DFT,8,69,0.61707697,-0.45450001,band_3.pdf
3,DFT,8,70,0.62403921,-0.50469999,band_3.pdf
3,DFT,8,71,0.63100145,-0.56520001,band_3.pdf
3,DFT,8,72,0.63796368,-0.63529997,band_3.pdf
3,DFT,8,73,0.65188816,-0.80019997,band_3.pdf
3,DFT,8,74,0.65885040,-0.89100000,band_3.pdf
3,DFT,8,75,0.66581263,-0.97050001,band_3.pdf
3,DFT,8,76,0.67277487,-0.79550001,band_3.pdf
3,DFT,8,77,0.67973711,-0.52900002,band_3.pdf
3,DFT,8,78,0.68669934,-0.23619997,band_3.pdf
3,DFT,8,79,0.69366158,0.08340001,band_3.pdf
3,DFT,8,80,0.70062382,0.43230002,band_3.pdf
3,DFT,8,81,0.70758605,0.81350002,band_3.pdf
3,DFT,8,82,0.72151053,1.66070000,band_3.pdf
3,DFT,8,83,0.72847276,1.70969998,band_3.pdf
3,DFT,8,84,0.74935947,1.78880001,band_3.pdf
3,DFT,8,85,0.76328395,1.82979997,band_3.pdf
3,DFT,8,86,0.77720842,1.85849999,band_3.pdf
3,DFT,8,87,0.79113290,1.87200000,band_3.pdf
3,DFT,8,88,0.80505737,1.85700001,band_3.pdf
3,DFT,8,89,0.81898184,1.82029997,band_3.pdf
3,DFT,8,90,0.83290632,1.76289999,band_3.pdf
3,DFT,8,91,0.86771750,1.59590000,band_3.pdf
3,DFT,8,92,0.87467974,1.57690000,band_3.pdf
3,DFT,8,93,0.88164197,1.56819997,band_3.pdf
3,DFT,8,94,0.88860421,1.57130000,band_3.pdf
3,DFT,8,95,0.89556645,1.58679999,band_3.pdf
3,DFT,8,96,0.90252868,1.61450002,band_3.pdf
3,DFT,8,97,0.90949092,1.65329999,band_3.pdf
3,DFT,8,98,0.92341540,1.75630000,band_3.pdf
3,DFT,8,99,0.93733987,1.87169997,band_3.pdf
3,DFT,8,100,0.95822658,2.04930001,band_3.pdf
3,DFT,8,101,0.97215105,2.14679998,band_3.pdf
3,DFT,8,102,0.97911329,2.18429998,band_3.pdf
3,DFT,8,103,0.99303776,2.23889996,band_3.pdf
3,DFT,8,104,1.00000000,2.25289997,band_3.pdf
3,DFT,9,0,0.00000000,-0.33100001,band_3.pdf
3,DFT,9,1,0.00804834,-0.32789998,band_3.pdf
3,DFT,9,2,0.01606884,-0.31550003,band_3.pdf
3,DFT,9,3,0.02411719,-0.28829999,band_3.pdf
3,DFT,9,4,0.03216554,-0.24540000,band_3.pdf
3,DFT,9,5,0.04018603,-0.18829999,band_3.pdf
3,DFT,9,6,0.04823438,-0.11850000,band_3.pdf
3,DFT,9,7,0.05628272,-0.03679999,band_3.pdf
3,DFT,9,8,0.06430322,0.05560003,band_3.pdf
3,DFT,9,9,0.07235157,0.15780002,band_3.pdf
3,DFT,9,10,0.08039991,0.26879999,band_3.pdf
3,DFT,9,11,0.08842041,0.16359998,band_3.pdf
3,DFT,9,12,0.09646875,-0.06450002,band_3.pdf
3,DFT,9,13,0.10451710,-0.17589998,band_3.pdf
3,DFT,9,14,0.11253760,-0.09329999,band_3.pdf
3,DFT,9,15,0.12058594,0.01879998,band_3.pdf
3,DFT,9,16,0.12863429,0.28929997,band_3.pdf
3,DFT,9,17,0.13665478,0.72130002,band_3.pdf
3,DFT,9,18,0.14470313,1.24419999,band_3.pdf
3,DFT,9,19,0.15275148,1.44979998,band_3.pdf
3,DFT,9,20,0.16882032,1.69270001,band_3.pdf
3,DFT,9,21,0.17686866,1.80259999,band_3.pdf
3,DFT,9,22,0.18491701,1.90309998,band_3.pdf
3,DFT,9,23,0.19293751,1.99309998,band_3.pdf
3,DFT,9,24,0.20098585,2.07160001,band_3.pdf
3,DFT,9,25,0.20903420,2.13799999,band_3.pdf
3,DFT,9,26,0.21705470,2.19230000,band_3.pdf
3,DFT,9,27,0.22510304,2.23619997,band_3.pdf
3,DFT,9,28,0.23315139,2.27170000,band_3.pdf
3,DFT,9,29,0.24117188,2.28749996,band_3.pdf
3,DFT,9,30,0.25824329,2.26629997,band_3.pdf
3,DFT,9,31,0.26960566,2.27400001,band_3.pdf
3,DFT,9,32,0.28664922,2.30059999,band_3.pdf
3,DFT,9,33,0.30940180,2.35209999,band_3.pdf
3,DFT,9,34,0.36056032,2.47869996,band_3.pdf
3,DFT,9,35,0.36624151,2.22389997,band_3.pdf
3,DFT,9,36,0.37760388,1.57789999,band_3.pdf
3,DFT,9,37,0.38328506,1.27269999,band_3.pdf
3,DFT,9,38,0.38896625,1.31439997,band_3.pdf
3,DFT,9,39,0.39467528,1.37099998,band_3.pdf
3,DFT,9,40,0.40035647,1.41250000,band_3.pdf
3,DFT,9,41,0.40603765,1.43749998,band_3.pdf
3,DFT,9,42,0.41171884,1.44560001,band_3.pdf
3,DFT,9,43,0.42876239,1.44069997,band_3.pdf
3,DFT,9,44,0.44015261,1.42299999,band_3.pdf
3,DFT,9,45,0.45151498,1.39119999,band_3.pdf
3,DFT,9,46,0.47992091,1.28809997,band_3.pdf
3,DFT,9,47,0.48562994,1.24409998,band_3.pdf
3,DFT,9,48,0.50267350,0.79450002,band_3.pdf
3,DFT,9,49,0.51403587,0.51509997,band_3.pdf
3,DFT,9,50,0.52539824,0.26380000,band_3.pdf
3,DFT,9,51,0.53678846,0.04849999,band_3.pdf
3,DFT,9,52,0.54246965,-0.04370001,band_3.pdf
3,DFT,9,53,0.54815083,-0.12459999,band_3.pdf
3,DFT,9,54,0.55383202,-0.19350001,band_3.pdf
3,DFT,9,55,0.55951320,-0.24959997,band_3.pdf
3,DFT,9,56,0.56519439,-0.29190001,band_3.pdf
3,DFT,9,57,0.57087557,-0.31839998,band_3.pdf
3,DFT,9,58,0.57658460,-0.32909999,band_3.pdf
3,DFT,9,59,0.58922803,-0.32849998,band_3.pdf
3,DFT,9,60,0.59619027,-0.30580000,band_3.pdf
3,DFT,9,61,0.60315250,-0.25340002,band_3.pdf
3,DFT,9,62,0.61011474,-0.17610000,band_3.pdf
3,DFT,9,63,0.61707697,-0.07629997,band_3.pdf
3,DFT,9,64,0.62403921,0.04509998,band_3.pdf
3,DFT,9,65,0.63100145,0.18690002,band_3.pdf
3,DFT,9,66,0.63796368,0.34869999,band_3.pdf
3,DFT,9,67,0.64492592,0.52940001,band_3.pdf
3,DFT,9,68,0.65188816,0.72800002,band_3.pdf
3,DFT,9,69,0.65885040,0.94360001,band_3.pdf
3,DFT,9,70,0.67277487,1.41590000,band_3.pdf
3,DFT,9,71,0.67973711,1.50719996,band_3.pdf
3,DFT,9,72,0.70062382,1.58920000,band_3.pdf
3,DFT,9,73,0.72151053,1.68299999,band_3.pdf
3,DFT,9,74,0.72847276,1.73780000,band_3.pdf
3,DFT,9,75,0.74239724,1.79040000,band_3.pdf
3,DFT,9,76,0.75632171,1.83139996,band_3.pdf
3,DFT,9,77,0.77024618,1.85949998,band_3.pdf
3,DFT,9,78,0.78417066,1.87229997,band_3.pdf
3,DFT,9,79,0.80505737,1.86739999,band_3.pdf
3,DFT,9,80,0.81898184,1.84119999,band_3.pdf
3,DFT,9,81,0.83290632,1.79289997,band_3.pdf
3,DFT,9,82,0.85379303,1.69380001,band_3.pdf
3,DFT,9,83,0.86771750,1.63280000,band_3.pdf
3,DFT,9,84,0.87467974,1.61160001,band_3.pdf
3,DFT,9,85,0.88164197,1.59949997,band_3.pdf
3,DFT,9,86,0.88860421,1.59829996,band_3.pdf
3,DFT,9,87,0.89556645,1.60880001,band_3.pdf
3,DFT,9,88,0.90252868,1.63079997,band_3.pdf
3,DFT,9,89,0.90949092,1.66369996,band_3.pdf
3,DFT,9,90,0.91645316,1.70610001,band_3.pdf
3,DFT,9,91,0.92341540,1.75800000,band_3.pdf
3,DFT,9,92,0.93733987,1.88479999,band_3.pdf
3,DFT,9,93,0.95822658,2.07710000,band_3.pdf
3,DFT,9,94,0.96518881,2.13300000,band_3.pdf
3,DFT,9,95,0.97215105,2.18159999,band_3.pdf
3,DFT,9,96,0.97911329,2.22159997,band_3.pdf
3,DFT,9,97,0.98607553,2.25229996,band_3.pdf
3,DFT,9,98,0.99303776,2.27529997,band_3.pdf
3,DFT,9,99,1.00000000,2.28749996,band_3.pdf
3,DFT,10,0,0.00000000,1.57630000,band_3.pdf
3,DFT,10,1,0.00804834,1.56360002,band_3.pdf
3,DFT,10,2,0.01606884,1.52450002,band_3.pdf
3,DFT,10,3,0.02411719,1.45979998,band_3.pdf
3,DFT,10,4,0.03216554,1.37020002,band_3.pdf
3,DFT,10,5,0.04018603,1.25660000,band_3.pdf
3,DFT,10,6,0.04823438,1.12040002,band_3.pdf
3,DFT,10,7,0.05628272,0.96289998,band_3.pdf
3,DFT,10,8,0.06430322,0.78619997,band_3.pdf
3,DFT,10,9,0.07235157,0.59239999,band_3.pdf
3,DFT,10,10,0.08039991,0.38389999,band_3.pdf
3,DFT,10,11,0.08842041,0.38750001,band_3.pdf
3,DFT,10,12,0.10451710,0.64269999,band_3.pdf
3,DFT,10,13,0.14470313,1.31970000,band_3.pdf
3,DFT,10,14,0.15275148,1.84619999,band_3.pdf
3,DFT,10,15,0.16079982,2.51590000,band_3.pdf
3,DFT,10,16,0.16882032,3.24150000,band_3.pdf
3,DFT,10,17,0.17686866,4.01239995,band_3.pdf
3,DFT,10,18,0.19293751,5.64529997,band_3.pdf
3,DFT,10,19,0.20903420,7.30119993,band_3.pdf
3,DFT,10,20,0.21705470,8.07499995,band_3.pdf
3,DFT,10,21,0.21956881,8.28298041,band_3.pdf
3,DFT,11,0,0.27268164,8.28298041,band_3.pdf
3,DFT,11,1,0.27528684,8.13279998,band_3.pdf
3,DFT,11,2,0.28664922,7.41649995,band_3.pdf
3,DFT,11,3,0.30940180,5.88869999,band_3.pdf
3,DFT,11,4,0.33212655,4.36419997,band_3.pdf
3,DFT,11,5,0.34919795,3.26519997,band_3.pdf
3,DFT,11,6,0.36056032,2.56850000,band_3.pdf
3,DFT,11,7,0.36624151,2.49669998,band_3.pdf
3,DFT,11,8,0.38328506,2.52479999,band_3.pdf
3,DFT,11,9,0.38896625,2.43809999,band_3.pdf
3,DFT,11,10,0.39467528,2.20699996,band_3.pdf
3,DFT,11,11,0.40035647,2.01359996,band_3.pdf
3,DFT,11,12,0.40603765,1.87919999,band_3.pdf
3,DFT,11,13,0.41171884,1.82999999,band_3.pdf
3,DFT,11,14,0.42308121,1.82560000,band_3.pdf
3,DFT,11,15,0.44015261,1.80309998,band_3.pdf
3,DFT,11,16,0.45719617,1.76580000,band_3.pdf
3,DFT,11,17,0.46287735,1.75130000,band_3.pdf
3,DFT,11,18,0.46855854,1.69339997,band_3.pdf
3,DFT,11,19,0.47992091,1.39619999,band_3.pdf
3,DFT,11,20,0.48562994,1.27120001,band_3.pdf
3,DFT,11,21,0.49699231,1.24979999,band_3.pdf
3,DFT,11,22,0.50267350,1.24720001,band_3.pdf
3,DFT,11,23,0.50835468,1.25129997,band_3.pdf
3,DFT,11,24,0.51403587,1.26239997,band_3.pdf
3,DFT,11,25,0.51971705,1.28049999,band_3.pdf
3,DFT,11,26,0.53110727,1.33569997,band_3.pdf
3,DFT,11,27,0.56519439,1.53929999,band_3.pdf
3,DFT,11,28,0.57087557,1.55950000,band_3.pdf
3,DFT,11,29,0.57658460,1.57209997,band_3.pdf
3,DFT,11,30,0.58226579,1.57630000,band_3.pdf
3,DFT,11,31,0.59619027,1.56449999,band_3.pdf
3,DFT,11,32,0.61011474,1.53309998,band_3.pdf
3,DFT,11,33,0.63100145,1.47910001,band_3.pdf
3,DFT,11,34,0.64492592,1.45969996,band_3.pdf
3,DFT,11,35,0.65885040,1.46340000,band_3.pdf
3,DFT,11,36,0.66581263,1.47449999,band_3.pdf
3,DFT,11,37,0.67277487,1.49370001,band_3.pdf
3,DFT,11,38,0.67973711,1.53890001,band_3.pdf
3,DFT,11,39,0.70062382,1.62349997,band_3.pdf
3,DFT,11,40,0.71454829,1.68530000,band_3.pdf
3,DFT,11,41,0.72151053,1.73690002,band_3.pdf
3,DFT,11,42,0.72847276,2.18620001,band_3.pdf
3,DFT,11,43,0.73543500,2.72079997,band_3.pdf
3,DFT,11,44,0.74239724,3.29719998,band_3.pdf
3,DFT,11,45,0.74935947,3.91280000,band_3.pdf
3,DFT,11,46,0.75632171,4.56519995,band_3.pdf
3,DFT,11,47,0.77024618,5.96539995,band_3.pdf
3,DFT,11,48,0.78417066,7.43909997,band_3.pdf
3,DFT,11,49,0.79113290,8.10769998,band_3.pdf
3,DFT,11,50,0.80505737,7.52399997,band_3.pdf
3,DFT,11,51,0.81201961,7.26639998,band_3.pdf
3,DFT,11,52,0.81898184,7.03759996,band_3.pdf
3,DFT,11,53,0.82594408,6.83859996,band_3.pdf
3,DFT,11,54,0.83290632,6.67079994,band_3.pdf
3,DFT,11,55,0.83986855,6.53529998,band_3.pdf
3,DFT,11,56,0.84683079,6.43219995,band_3.pdf
3,DFT,11,57,0.85379303,6.36239996,band_3.pdf
3,DFT,11,58,0.86075526,6.32529994,band_3.pdf
3,DFT,11,59,0.86771750,6.32079994,band_3.pdf
3,DFT,11,60,0.87467974,6.34799997,band_3.pdf
3,DFT,11,61,0.88164197,6.40499997,band_3.pdf
3,DFT,11,62,0.88860421,6.49059998,band_3.pdf
3,DFT,11,63,0.89556645,6.60309994,band_3.pdf
3,DFT,11,64,0.90252868,6.74009994,band_3.pdf
3,DFT,11,65,0.90949092,6.89979998,band_3.pdf
3,DFT,11,66,0.91645316,7.07979999,band_3.pdf
3,DFT,11,67,0.92341540,7.27809997,band_3.pdf
3,DFT,11,68,0.93037763,7.49129994,band_3.pdf
3,DFT,11,69,0.94430211,7.95249994,band_3.pdf
3,DFT,11,70,0.95391065,8.28298041,band_3.pdf
3,DFT,12,0,0.00000000,1.57750001,band_3.pdf
3,DFT,12,1,0.00804834,1.58229998,band_3.pdf
3,DFT,12,2,0.01606884,1.59719996,band_3.pdf
3,DFT,12,3,0.02411719,1.62160000,band_3.pdf
3,DFT,12,4,0.03216554,1.65460000,band_3.pdf
3,DFT,12,5,0.04823438,1.74190002,band_3.pdf
3,DFT,12,6,0.06430322,1.84929996,band_3.pdf
3,DFT,12,7,0.08039991,1.96940002,band_3.pdf
3,DFT,12,8,0.09646875,2.10630001,band_3.pdf
3,DFT,12,9,0.10451710,2.18919997,band_3.pdf
3,DFT,12,10,0.11253760,2.29089997,band_3.pdf
3,DFT,12,11,0.12058594,2.42160001,band_3.pdf
3,DFT,12,12,0.12863429,2.59489996,band_3.pdf
3,DFT,12,13,0.13665478,2.82539998,band_3.pdf
3,DFT,12,14,0.14470313,3.12659997,band_3.pdf
3,DFT,12,15,0.15275148,3.50779997,band_3.pdf
3,DFT,12,16,0.16079982,3.97159995,band_3.pdf
3,DFT,12,17,0.16882032,4.51329996,band_3.pdf
3,DFT,12,18,0.17686866,5.12339999,band_3.pdf
3,DFT,12,19,0.18491701,5.78829996,band_3.pdf
3,DFT,12,20,0.21336715,8.28298041,band_3.pdf
3,DFT,13,0,0.28374628,8.28298041,band_3.pdf
3,DFT,13,1,0.29233040,7.81139998,band_3.pdf
3,DFT,13,2,0.30940180,6.81899995,band_3.pdf
3,DFT,13,3,0.34348892,4.81199998,band_3.pdf
3,DFT,13,4,0.36056032,3.85630000,band_3.pdf
3,DFT,13,5,0.37192269,3.25369999,band_3.pdf
3,DFT,13,6,0.38328506,2.69409998,band_3.pdf
3,DFT,13,7,0.38896625,2.53170001,band_3.pdf
3,DFT,13,8,0.40603765,2.54369998,band_3.pdf
3,DFT,13,9,0.41171884,2.54450001,band_3.pdf
3,DFT,13,10,0.41740002,2.53450001,band_3.pdf
3,DFT,13,11,0.42308121,2.50480001,band_3.pdf
3,DFT,13,12,0.42876239,2.45589998,band_3.pdf
3,DFT,13,13,0.43444358,2.38879997,band_3.pdf
3,DFT,13,14,0.44015261,2.30480002,band_3.pdf
3,DFT,13,15,0.44583380,2.20549998,band_3.pdf
3,DFT,13,16,0.45151498,2.09280000,band_3.pdf
3,DFT,13,17,0.46287735,1.83470002,band_3.pdf
3,DFT,13,18,0.46855854,1.73630001,band_3.pdf
3,DFT,13,19,0.50267350,1.65099998,band_3.pdf
3,DFT,13,20,0.51971705,1.61940001,band_3.pdf
3,DFT,13,21,0.54246965,1.59250000,band_3.pdf
3,DFT,13,22,0.56519439,1.57999998,band_3.pdf
3,DFT,13,23,0.59619027,1.56620000,band_3.pdf
3,DFT,13,24,0.61011474,1.53819999,band_3.pdf
3,DFT,13,25,0.63100145,1.49279998,band_3.pdf
3,DFT,13,26,0.64492592,1.47980002,band_3.pdf
3,DFT,13,27,0.65885040,1.48920001,band_3.pdf
3,DFT,13,28,0.66581263,1.50260001,band_3.pdf
3,DFT,13,29,0.67277487,1.52359998,band_3.pdf
3,DFT,13,30,0.67973711,1.69220002,band_3.pdf
3,DFT,13,31,0.68669934,1.96700000,band_3.pdf
3,DFT,13,32,0.69366158,2.25899996,band_3.pdf
3,DFT,13,33,0.70062382,2.56740000,band_3.pdf
3,DFT,13,34,0.70758605,2.89369999,band_3.pdf
3,DFT,13,35,0.71454829,3.24029999,band_3.pdf
3,DFT,13,36,0.72151053,3.61029999,band_3.pdf
3,DFT,13,37,0.72847276,4.00730000,band_3.pdf
3,DFT,13,38,0.73543500,4.43540000,band_3.pdf
3,DFT,13,39,0.74239724,4.89869999,band_3.pdf
3,DFT,13,40,0.74935947,5.39999998,band_3.pdf
3,DFT,13,41,0.75632171,5.94119999,band_3.pdf
3,DFT,13,42,0.76328395,6.52209994,band_3.pdf
3,DFT,13,43,0.77720842,7.78999996,band_3.pdf
3,DFT,13,44,0.78256963,8.28298041,band_3.pdf
3,DFT,14,0,0.78768929,8.28298041,band_3.pdf
3,DFT,14,1,0.80505737,7.55619994,band_3.pdf
3,DFT,14,2,0.81201961,7.29639996,band_3.pdf
3,DFT,14,3,0.81898184,7.06539994,band_3.pdf
3,DFT,14,4,0.82594408,6.86459999,band_3.pdf
3,DFT,14,5,0.83290632,6.69529993,band_3.pdf
3,DFT,14,6,0.83986855,6.55859996,band_3.pdf
3,DFT,14,7,0.84683079,6.45459996,band_3.pdf
3,DFT,14,8,0.85379303,6.38459994,band_3.pdf
3,DFT,14,9,0.86075526,6.34789996,band_3.pdf
3,DFT,14,10,0.86771750,6.34429994,band_3.pdf
3,DFT,14,11,0.87467974,6.37309997,band_3.pdf
3,DFT,14,12,0.88164197,6.43219995,band_3.pdf
3,DFT,14,13,0.88860421,6.52039994,band_3.pdf
3,DFT,14,14,0.89556645,6.63599999,band_3.pdf
3,DFT,14,15,0.90252868,6.77659996,band_3.pdf
3,DFT,14,16,0.90949092,6.94019994,band_3.pdf
3,DFT,14,17,0.91645316,7.12449998,band_3.pdf
3,DFT,14,18,0.92341540,7.32729997,band_3.pdf
3,DFT,14,19,0.93037763,7.54529997,band_3.pdf
3,DFT,14,20,0.94430211,8.01689995,band_3.pdf
3,DFT,14,21,0.95186079,8.28298041,band_3.pdf
3,DFT,15,0,0.28780938,8.28298041,band_3.pdf
3,DFT,15,1,0.29801159,7.96889996,band_3.pdf
3,DFT,15,2,0.30372062,7.81029998,band_3.pdf
3,DFT,15,3,0.30940180,7.66499998,band_3.pdf
3,DFT,15,4,0.31508299,7.53339996,band_3.pdf
3,DFT,15,5,0.32076417,7.41509998,band_3.pdf
3,DFT,15,6,0.32644536,7.31019994,band_3.pdf
3,DFT,15,7,0.33212655,7.21759996,band_3.pdf
3,DFT,15,8,0.33780773,7.13639994,band_3.pdf
3,DFT,15,9,0.34348892,7.06609996,band_3.pdf
3,DFT,15,10,0.34919795,7.00559994,band_3.pdf
3,DFT,15,11,0.35487914,6.95399998,band_3.pdf
3,DFT,15,12,0.36056032,6.91029997,band_3.pdf
3,DFT,15,13,0.37192269,6.84339993,band_3.pdf
3,DFT,15,14,0.38328506,6.79879994,band_3.pdf
3,DFT,15,15,0.39467528,6.77189994,band_3.pdf
3,DFT,15,16,0.40603765,6.75929996,band_3.pdf
3,DFT,15,17,0.41171884,6.75769997,band_3.pdf
3,DFT,15,18,0.41740002,6.82769999,band_3.pdf
3,DFT,15,19,0.42308121,7.03099997,band_3.pdf
3,DFT,15,20,0.42876239,7.35079998,band_3.pdf
3,DFT,15,21,0.43444358,7.76649996,band_3.pdf
3,DFT,15,22,0.44040564,8.28298041,band_3.pdf
3,model,0,0,0.00000000,-2.43836832,band_3.pdf
3,model,0,1,0.01606884,-2.43224036,band_3.pdf
3,model,0,2,0.02411719,-2.48960266,band_3.pdf
3,model,0,3,0.03216554,-2.69656950,band_3.pdf
3,model,0,4,0.04018603,-2.94991187,band_3.pdf
3,model,0,5,0.04823438,-3.23958096,band_3.pdf
3,model,0,6,0.08842041,-4.80429567,band_3.pdf
3,model,0,7,0.09646875,-5.08073504,band_3.pdf
3,model,0,8,0.10451710,-5.28903496,band_3.pdf
3,model,0,9,0.11253760,-5.41803927,band_3.pdf
3,model,0,10,0.12058594,-5.46373292,band_3.pdf
3,model,0,11,0.12863429,-5.43114042,band_3.pdf
3,model,0,12,0.13665478,-5.33514879,band_3.pdf
3,model,0,13,0.14470313,-5.19905806,band_3.pdf
3,model,0,14,0.15275148,-5.04998196,band_3.pdf
3,model,0,15,0.16079982,-4.91213062,band_3.pdf
3,model,0,16,0.16882032,-4.80114605,band_3.pdf
3,model,0,17,0.17686866,-4.72266101,band_3.pdf
3,model,0,18,0.18491701,-4.67465977,band_3.pdf
3,model,0,19,0.19293751,-4.65112831,band_3.pdf
3,model,0,20,0.20098585,-4.64487895,band_3.pdf
3,model,0,21,0.21705470,-4.65824334,band_3.pdf
3,model,0,22,0.23315139,-4.67475510,band_3.pdf
3,model,0,23,0.24685307,-4.67484623,band_3.pdf
3,model,0,24,0.25824329,-4.65737204,band_3.pdf
3,model,0,25,0.26960566,-4.62155527,band_3.pdf
3,model,0,26,0.28096803,-4.56566872,band_3.pdf
3,model,0,27,0.29233040,-4.48765707,band_3.pdf
3,model,0,28,0.30372062,-4.38555182,band_3.pdf
3,model,0,29,0.30940180,-4.32497633,band_3.pdf
3,model,0,30,0.31508299,-4.27898437,band_3.pdf
3,model,0,31,0.32076417,-4.25893431,band_3.pdf
3,model,0,32,0.32644536,-4.24830718,band_3.pdf
3,model,0,33,0.33212655,-4.24783249,band_3.pdf
3,model,0,34,0.33780773,-4.25757967,band_3.pdf
3,model,0,35,0.34348892,-4.27692058,band_3.pdf
3,model,0,36,0.35487914,-4.33889214,band_3.pdf
3,model,0,37,0.38896625,-4.57126303,band_3.pdf
3,model,0,38,0.40035647,-4.61761931,band_3.pdf
3,model,0,39,0.40603765,-4.62974162,band_3.pdf
3,model,0,40,0.41740002,-4.63759643,band_3.pdf
3,model,0,41,0.42308121,-4.64951226,band_3.pdf
3,model,0,42,0.42876239,-4.67116799,band_3.pdf
3,model,0,43,0.43444358,-4.70427227,band_3.pdf
3,model,0,44,0.44015261,-4.74914871,band_3.pdf
3,model,0,45,0.45719617,-4.90812379,band_3.pdf
3,model,0,46,0.46287735,-4.93987639,band_3.pdf
3,model,0,47,0.46855854,-4.94594871,band_3.pdf
3,model,0,48,0.47423972,-4.92050236,band_3.pdf
3,model,0,49,0.47992091,-4.86050323,band_3.pdf
3,model,0,50,0.48562994,-4.76540197,band_3.pdf
3,model,0,51,0.49131113,-4.63670617,band_3.pdf
3,model,0,52,0.49699231,-4.47751358,band_3.pdf
3,model,0,53,0.50267350,-4.29212912,band_3.pdf
3,model,0,54,0.50835468,-4.08567353,band_3.pdf
3,model,0,55,0.52539824,-3.50642464,band_3.pdf
3,model,0,56,0.53678846,-3.10769151,band_3.pdf
3,model,0,57,0.54246965,-2.91926597,band_3.pdf
3,model,0,58,0.54815083,-2.74515486,band_3.pdf
3,model,0,59,0.55383202,-2.58996211,band_3.pdf
3,model,0,60,0.55951320,-2.46082947,band_3.pdf
3,model,0,61,0.56519439,-2.44673206,band_3.pdf
3,model,0,62,0.57658460,-2.43820912,band_3.pdf
3,model,0,63,0.59619027,-2.44150035,band_3.pdf
3,model,0,64,0.60315250,-2.45217043,band_3.pdf
3,model,0,65,0.61011474,-2.57432586,band_3.pdf
3,model,0,66,0.61707697,-2.76296510,band_3.pdf
3,model,0,67,0.62403921,-2.97809152,band_3.pdf
3,model,0,68,0.63796368,-3.45172554,band_3.pdf
3,model,0,69,0.66581263,-4.40344009,band_3.pdf
3,model,0,70,0.67277487,-4.61304998,band_3.pdf
3,model,0,71,0.67973711,-4.78018470,band_3.pdf
3,model,0,72,0.68669934,-4.89777039,band_3.pdf
3,model,0,73,0.69366158,-4.96085492,band_3.pdf
3,model,0,74,0.70062382,-4.96719398,band_3.pdf
3,model,0,75,0.70758605,-4.91793514,band_3.pdf
3,model,0,76,0.71454829,-4.81816544,band_3.pdf
3,model,0,77,0.72151053,-4.67712609,band_3.pdf
3,model,0,78,0.72847276,-4.50791017,band_3.pdf
3,model,0,79,0.74239724,-4.14844144,band_3.pdf
3,model,0,80,0.74935947,-3.98894521,band_3.pdf
3,model,0,81,0.75632171,-3.85835359,band_3.pdf
3,model,0,82,0.76328395,-3.76256157,band_3.pdf
3,model,0,83,0.77024618,-3.70789493,band_3.pdf
3,model,0,84,0.79113290,-3.69415224,band_3.pdf
3,model,0,85,0.79809513,-3.71665723,band_3.pdf
3,model,0,86,0.81201961,-3.78302203,band_3.pdf
3,model,0,87,0.81898184,-3.80930402,band_3.pdf
3,model,0,88,0.82594408,-3.82514444,band_3.pdf
3,model,0,89,0.83290632,-3.82759073,band_3.pdf
3,model,0,90,0.83986855,-3.81461057,band_3.pdf
3,model,0,91,0.84683079,-3.78491702,band_3.pdf
3,model,0,92,0.85379303,-3.73782529,band_3.pdf
3,model,0,93,0.86075526,-3.67389654,band_3.pdf
3,model,0,94,0.86771750,-3.68230039,band_3.pdf
3,model,0,95,0.87467974,-3.72706112,band_3.pdf
3,model,0,96,0.88164197,-3.78074975,band_3.pdf
3,model,0,97,0.89556645,-3.90887772,band_3.pdf
3,model,0,98,0.91645316,-4.12827811,band_3.pdf
3,model,0,99,0.93733987,-4.34329290,band_3.pdf
3,model,0,100,0.95126434,-4.46739598,band_3.pdf
3,model,0,101,0.96518881,-4.56718162,band_3.pdf
3,model,0,102,0.97215105,-4.60612182,band_3.pdf
3,model,0,103,0.97911329,-4.63698854,band_3.pdf
3,model,0,104,0.98607553,-4.65934393,band_3.pdf
3,model,0,105,0.99303776,-4.67288062,band_3.pdf
3,model,0,106,1.00000000,-4.67741315,band_3.pdf
3,model,0,107,1.00000000,-4.67741315,band_3.pdf
3,model,1,0,0.00000000,-2.41173327,band_3.pdf
3,model,1,1,0.01606884,-2.41281656,band_3.pdf
3,model,1,2,0.02411719,-2.42701078,band_3.pdf
3,model,1,3,0.03216554,-2.42237296,band_3.pdf
3,model,1,4,0.04018603,-2.69221578,band_3.pdf
3,model,1,5,0.04823438,-3.01102516,band_3.pdf
3,model,1,6,0.05628272,-3.36379312,band_3.pdf
3,model,1,7,0.08039991,-4.47566350,band_3.pdf
3,model,1,8,0.08842041,-4.72073172,band_3.pdf
3,model,1,9,0.09646875,-4.90138434,band_3.pdf
3,model,1,10,0.10451710,-5.00478179,band_3.pdf
3,model,1,11,0.11253760,-5.02055111,band_3.pdf
3,model,1,12,0.12058594,-4.94465930,band_3.pdf
3,model,1,13,0.12863429,-4.78111483,band_3.pdf
3,model,1,14,0.13665478,-4.54314181,band_3.pdf
3,model,1,15,0.14470313,-4.25321819,band_3.pdf
3,model,1,16,0.15275148,-3.94078614,band_3.pdf
3,model,1,17,0.16079982,-3.81731749,band_3.pdf
3,model,1,18,0.16882032,-3.96681580,band_3.pdf
3,model,1,19,0.17686866,-4.10588812,band_3.pdf
3,model,1,20,0.18491701,-4.23288606,band_3.pdf
3,model,1,21,0.19293751,-4.34627313,band_3.pdf
3,model,1,22,0.20098585,-4.44468232,band_3.pdf
3,model,1,23,0.20903420,-4.52690495,band_3.pdf
3,model,1,24,0.21705470,-4.59193667,band_3.pdf
3,model,1,25,0.22510304,-4.63896973,band_3.pdf
3,model,1,26,0.23315139,-4.66741985,band_3.pdf
3,model,1,27,0.24117188,-4.67680117,band_3.pdf
3,model,1,28,0.24685307,-4.67332622,band_3.pdf
3,model,1,29,0.25256210,-4.66182002,band_3.pdf
3,model,1,30,0.25824329,-4.64297490,band_3.pdf
3,model,1,31,0.26960566,-4.58587199,band_3.pdf
3,model,1,32,0.28096803,-4.50925853,band_3.pdf
3,model,1,33,0.30372062,-4.34190395,band_3.pdf
3,model,1,34,0.30940180,-4.30717924,band_3.pdf
3,model,1,35,0.31508299,-4.25787644,band_3.pdf
3,model,1,36,0.32644536,-4.10393258,band_3.pdf
3,model,1,37,0.33780773,-3.92381343,band_3.pdf
3,model,1,38,0.34919795,-3.71826019,band_3.pdf
3,model,1,39,0.36056032,-3.48843767,band_3.pdf
3,model,1,40,0.37192269,-3.23653212,band_3.pdf
3,model,1,41,0.37760388,-3.15737817,band_3.pdf
3,model,1,42,0.38328506,-3.21558547,band_3.pdf
3,model,1,43,0.38896625,-3.26427659,band_3.pdf
3,model,1,44,0.39467528,-3.30229205,band_3.pdf
3,model,1,45,0.40035647,-3.32950163,band_3.pdf
3,model,1,46,0.40603765,-3.34584631,band_3.pdf
3,model,1,47,0.41171884,-3.35129730,band_3.pdf
3,model,1,48,0.42308121,-3.34058936,band_3.pdf
3,model,1,49,0.42876239,-3.39264309,band_3.pdf
3,model,1,50,0.45151498,-4.15838278,band_3.pdf
3,model,1,51,0.45719617,-4.31115650,band_3.pdf
3,model,1,52,0.46287735,-4.43198210,band_3.pdf
3,model,1,53,0.46855854,-4.51644235,band_3.pdf
3,model,1,54,0.47423972,-4.56207728,band_3.pdf
3,model,1,55,0.47992091,-4.56815773,band_3.pdf
3,model,1,56,0.48562994,-4.53546025,band_3.pdf
3,model,1,57,0.49131113,-4.46604495,band_3.pdf
3,model,1,58,0.49699231,-4.36305311,band_3.pdf
3,model,1,59,0.50267350,-4.23052064,band_3.pdf
3,model,1,60,0.50835468,-4.07315728,band_3.pdf
3,model,1,61,0.51403587,-3.86388202,band_3.pdf
3,model,1,62,0.53678846,-2.94817573,band_3.pdf
3,model,1,63,0.54246965,-2.74696382,band_3.pdf
3,model,1,64,0.54815083,-2.58015219,band_3.pdf
3,model,1,65,0.55383202,-2.48721236,band_3.pdf
3,model,1,66,0.55951320,-2.45767351,band_3.pdf
3,model,1,67,0.56519439,-2.41027938,band_3.pdf
3,model,1,68,0.58922803,-2.41103936,band_3.pdf
3,model,1,69,0.59619027,-2.41231817,band_3.pdf
3,model,1,70,0.60315250,-2.42293641,band_3.pdf
3,model,1,71,0.61011474,-2.47045288,band_3.pdf
3,model,1,72,0.61707697,-2.55780782,band_3.pdf
3,model,1,73,0.62403921,-2.78599201,band_3.pdf
3,model,1,74,0.63100145,-3.04652104,band_3.pdf
3,model,1,75,0.65188816,-3.89219853,band_3.pdf
3,model,1,76,0.65885040,-4.12220762,band_3.pdf
3,model,1,77,0.66581263,-4.29631452,band_3.pdf
3,model,1,78,0.67277487,-4.43160635,band_3.pdf
3,model,1,79,0.67973711,-4.52144620,band_3.pdf
3,model,1,80,0.68669934,-4.56087870,band_3.pdf
3,model,1,81,0.69366158,-4.54698025,band_3.pdf
3,model,1,82,0.70062382,-4.47919611,band_3.pdf
3,model,1,83,0.70758605,-4.35969689,band_3.pdf
3,model,1,84,0.71454829,-4.19366039,band_3.pdf
3,model,1,85,0.72151053,-3.98932612,band_3.pdf
3,model,1,86,0.72847276,-3.75785834,band_3.pdf
3,model,1,87,0.73543500,-3.58370256,band_3.pdf
3,model,1,88,0.74239724,-3.62182414,band_3.pdf
3,model,1,89,0.74935947,-3.65252923,band_3.pdf
3,model,1,90,0.75632171,-3.67603830,band_3.pdf
3,model,1,91,0.76328395,-3.69211524,band_3.pdf
3,model,1,92,0.77024618,-3.70004576,band_3.pdf
3,model,1,93,0.78417066,-3.69417499,band_3.pdf
3,model,1,94,0.79809513,-3.67775447,band_3.pdf
3,model,1,95,0.83290632,-3.60484929,band_3.pdf
3,model,1,96,0.83986855,-3.60187226,band_3.pdf
3,model,1,97,0.84683079,-3.60707927,band_3.pdf
3,model,1,98,0.85379303,-3.62169841,band_3.pdf
3,model,1,99,0.86075526,-3.64580506,band_3.pdf
3,model,1,100,0.86771750,-3.65950775,band_3.pdf
3,model,1,101,0.87467974,-3.70597915,band_3.pdf
3,model,1,102,0.88164197,-3.76184567,band_3.pdf
3,model,1,103,0.89556645,-3.89485716,band_3.pdf
3,model,1,104,0.91645316,-4.12089877,band_3.pdf
3,model,1,105,0.93037763,-4.27015677,band_3.pdf
3,model,1,106,0.94430211,-4.40581754,band_3.pdf
3,model,1,107,0.95822658,-4.51967984,band_3.pdf
3,model,1,108,0.96518881,-4.56640304,band_3.pdf
3,model,1,109,0.97215105,-4.60546452,band_3.pdf
3,model,1,110,0.97911329,-4.63637171,band_3.pdf
3,model,1,111,0.98607553,-4.65873457,band_3.pdf
3,model,1,112,0.99303776,-4.67226983,band_3.pdf
3,model,1,113,1.00000000,-4.67680117,band_3.pdf
3,model,1,114,1.00000000,-4.67680117,band_3.pdf
3,model,2,0,0.00000000,-2.37822480,band_3.pdf
3,model,2,1,0.01606884,-2.36986835,band_3.pdf
3,model,2,2,0.02411719,-2.41372756,band_3.pdf
3,model,2,3,0.03216554,-2.42085687,band_3.pdf
3,model,2,4,0.04823438,-2.41258176,band_3.pdf
3,model,2,5,0.06430322,-2.39221959,band_3.pdf
3,model,2,6,0.08842041,-2.34114137,band_3.pdf
3,model,2,7,0.09646875,-2.47178063,band_3.pdf
3,model,2,8,0.11253760,-2.80497554,band_3.pdf
3,model,2,9,0.15275148,-3.65916874,band_3.pdf
3,model,2,10,0.16079982,-3.63715130,band_3.pdf
3,model,2,11,0.16882032,-3.36830236,band_3.pdf
3,model,2,12,0.17686866,-3.14935517,band_3.pdf
3,model,2,13,0.18491701,-2.98349203,band_3.pdf
3,model,2,14,0.19293751,-2.86535279,band_3.pdf
3,model,2,15,0.20098585,-2.78559452,band_3.pdf
3,model,2,16,0.20903420,-2.73439051,band_3.pdf
3,model,2,17,0.21705470,-2.70320836,band_3.pdf
3,model,2,18,0.22510304,-2.68546530,band_3.pdf
3,model,2,19,0.23315139,-2.67659706,band_3.pdf
3,model,2,20,0.26392447,-2.66582471,band_3.pdf
3,model,2,21,0.28096803,-2.64351998,band_3.pdf
3,model,2,22,0.29233040,-2.61715889,band_3.pdf
3,model,2,23,0.30372062,-2.57986134,band_3.pdf
3,model,2,24,0.31508299,-2.53187533,band_3.pdf
3,model,2,25,0.32644536,-2.47574947,band_3.pdf
3,model,2,26,0.33212655,-2.48484309,band_3.pdf
3,model,2,27,0.33780773,-2.53314483,band_3.pdf
3,model,2,28,0.34348892,-2.59331650,band_3.pdf
3,model,2,29,0.36056032,-2.91411762,band_3.pdf
3,model,2,30,0.36624151,-3.00476537,band_3.pdf
3,model,2,31,0.37192269,-3.08493548,band_3.pdf
3,model,2,32,0.37760388,-3.10110710,band_3.pdf
3,model,2,33,0.38328506,-2.97713051,band_3.pdf
3,model,2,34,0.38896625,-2.99608928,band_3.pdf
3,model,2,35,0.39467528,-3.02362928,band_3.pdf
3,model,2,36,0.40035647,-3.04393102,band_3.pdf
3,model,2,37,0.40603765,-3.05629637,band_3.pdf
3,model,2,38,0.41171884,-3.06044634,band_3.pdf
3,model,2,39,0.41740002,-3.10544518,band_3.pdf
3,model,2,40,0.42308121,-3.22531452,band_3.pdf
3,model,2,41,0.42876239,-3.32730542,band_3.pdf
3,model,2,42,0.44015261,-3.28579581,band_3.pdf
3,model,2,43,0.45151498,-3.22609867,band_3.pdf
3,model,2,44,0.46287735,-3.15105404,band_3.pdf
3,model,2,45,0.47992091,-3.01718375,band_3.pdf
3,model,2,46,0.52539824,-2.63832577,band_3.pdf
3,model,2,47,0.53678846,-2.56112582,band_3.pdf
3,model,2,48,0.55951320,-2.42191154,band_3.pdf
3,model,2,49,0.56519439,-2.36081460,band_3.pdf
3,model,2,50,0.57087557,-2.37380881,band_3.pdf
3,model,2,51,0.58226579,-2.37822480,band_3.pdf
3,model,2,52,0.58922803,-2.37687679,band_3.pdf
3,model,2,53,0.59619027,-2.36717197,band_3.pdf
3,model,2,54,0.60315250,-2.41960010,band_3.pdf
3,model,2,55,0.61011474,-2.44340173,band_3.pdf
3,model,2,56,0.61707697,-2.49344465,band_3.pdf
3,model,2,57,0.62403921,-2.52749477,band_3.pdf
3,model,2,58,0.63100145,-2.56913236,band_3.pdf
3,model,2,59,0.63796368,-2.61919151,band_3.pdf
3,model,2,60,0.64492592,-2.67739383,band_3.pdf
3,model,2,61,0.65885040,-2.81459937,band_3.pdf
3,model,2,62,0.67277487,-2.97033080,band_3.pdf
3,model,2,63,0.69366158,-3.21215359,band_3.pdf
3,model,2,64,0.70758605,-3.35931444,band_3.pdf
3,model,2,65,0.72151053,-3.48496414,band_3.pdf
3,model,2,66,0.72847276,-3.53789202,band_3.pdf
3,model,2,67,0.74239724,-3.62079583,band_3.pdf
3,model,2,68,0.74935947,-3.65178638,band_3.pdf
3,model,2,69,0.75632171,-3.67456681,band_3.pdf
3,model,2,70,0.76328395,-3.68933882,band_3.pdf
3,model,2,71,0.77024618,-3.69187907,band_3.pdf
3,model,2,72,0.77720842,-3.66998736,band_3.pdf
3,model,2,73,0.78417066,-3.66781082,band_3.pdf
3,model,2,74,0.79113290,-3.67883924,band_3.pdf
3,model,2,75,0.80505737,-3.64881503,band_3.pdf
3,model,2,76,0.82594408,-3.59420522,band_3.pdf
3,model,2,77,0.83290632,-3.58278801,band_3.pdf
3,model,2,78,0.83986855,-3.57832551,band_3.pdf
3,model,2,79,0.84683079,-3.58264978,band_3.pdf
3,model,2,80,0.85379303,-3.59710303,band_3.pdf
3,model,2,81,0.86075526,-3.62216262,band_3.pdf
3,model,2,82,0.86771750,-3.58862957,band_3.pdf
3,model,2,83,0.87467974,-3.48830928,band_3.pdf
3,model,2,84,0.88164197,-3.37006659,band_3.pdf
3,model,2,85,0.88860421,-3.23447675,band_3.pdf
3,model,2,86,0.89556645,-3.08190074,band_3.pdf
3,model,2,87,0.90252868,-2.91275082,band_3.pdf
3,model,2,88,0.90949092,-2.72756787,band_3.pdf
3,model,2,89,0.91645316,-2.52780375,band_3.pdf
3,model,2,90,0.92341540,-2.39061984,band_3.pdf
3,model,2,91,0.93733987,-2.45865827,band_3.pdf
3,model,2,92,0.95822658,-2.56510740,band_3.pdf
3,model,2,93,0.97215105,-2.62296383,band_3.pdf
3,model,2,94,0.98607553,-2.66117772,band_3.pdf
3,model,2,95,0.99303776,-2.67116302,band_3.pdf
3,model,2,96,1.00000000,-2.67453049,band_3.pdf
3,model,2,97,1.00000000,-2.67453049,band_3.pdf
3,model,3,0,0.00000000,-2.21107444,band_3.pdf
3,model,3,1,0.00804834,-2.24269871,band_3.pdf
3,model,3,2,0.01606884,-2.33655901,band_3.pdf
3,model,3,3,0.02411719,-2.35638682,band_3.pdf
3,model,3,4,0.03216554,-2.41148366,band_3.pdf
3,model,3,5,0.04823438,-2.40988894,band_3.pdf
3,model,3,6,0.06430322,-2.39212124,band_3.pdf
3,model,3,7,0.07235157,-2.37410274,band_3.pdf
3,model,3,8,0.08039991,-2.34900683,band_3.pdf
3,model,3,9,0.08842041,-2.31551205,band_3.pdf
3,model,3,10,0.09646875,-2.27240280,band_3.pdf
3,model,3,11,0.10451710,-2.21858727,band_3.pdf
3,model,3,12,0.11253760,-2.15313602,band_3.pdf
3,model,3,13,0.12058594,-2.07529234,band_3.pdf
3,model,3,14,0.12863429,-1.98451862,band_3.pdf
3,model,3,15,0.13665478,-1.88051862,band_3.pdf
3,model,3,16,0.14470313,-1.76340016,band_3.pdf
3,model,3,17,0.15275148,-1.63485905,band_3.pdf
3,model,3,18,0.16079982,-1.63037907,band_3.pdf
3,model,3,19,0.17686866,-1.97833052,band_3.pdf
3,model,3,20,0.18491701,-2.13320097,band_3.pdf
3,model,3,21,0.19293751,-2.27148565,band_3.pdf
3,model,3,22,0.20098585,-2.39145624,band_3.pdf
3,model,3,23,0.20903420,-2.49164257,band_3.pdf
3,model,3,24,0.21705470,-2.57084332,band_3.pdf
3,model,3,25,0.22510304,-2.62810105,band_3.pdf
3,model,3,26,0.23315139,-2.66272788,band_3.pdf
3,model,3,27,0.24117188,-2.67371743,band_3.pdf
3,model,3,28,0.24685307,-2.66987698,band_3.pdf
3,model,3,29,0.25256210,-2.65804587,band_3.pdf
3,model,3,30,0.26392447,-2.61338794,band_3.pdf
3,model,3,31,0.27528684,-2.54866982,band_3.pdf
3,model,3,32,0.29233040,-2.44643861,band_3.pdf
3,model,3,33,0.29801159,-2.42047673,band_3.pdf
3,model,3,34,0.30372062,-2.40273676,band_3.pdf
3,model,3,35,0.30940180,-2.39533775,band_3.pdf
3,model,3,36,0.31508299,-2.39975659,band_3.pdf
3,model,3,37,0.32076417,-2.41657484,band_3.pdf
3,model,3,38,0.32644536,-2.44536166,band_3.pdf
3,model,3,39,0.33780773,-2.45368452,band_3.pdf
3,model,3,40,0.34348892,-2.57500561,band_3.pdf
3,model,3,41,0.35487914,-2.70180643,band_3.pdf
3,model,3,42,0.36624151,-2.81654329,band_3.pdf
3,model,3,43,0.37760388,-2.91605135,band_3.pdf
3,model,3,44,0.38328506,-2.94617072,band_3.pdf
3,model,3,45,0.38896625,-2.82468308,band_3.pdf
3,model,3,46,0.39467528,-2.69142334,band_3.pdf
3,model,3,47,0.40035647,-2.57167564,band_3.pdf
3,model,3,48,0.40603765,-2.48340935,band_3.pdf
3,model,3,49,0.41171884,-2.44986758,band_3.pdf
3,model,3,50,0.41740002,-2.47886941,band_3.pdf
3,model,3,51,0.42308121,-2.55848638,band_3.pdf
3,model,3,52,0.44015261,-2.90047411,band_3.pdf
3,model,3,53,0.44583380,-2.98427345,band_3.pdf
3,model,3,54,0.45151498,-3.03565325,band_3.pdf
3,model,3,55,0.45719617,-3.05466604,band_3.pdf
3,model,3,56,0.46287735,-3.04549179,band_3.pdf
3,model,3,57,0.46855854,-3.01386853,band_3.pdf
3,model,3,58,0.47423972,-2.96549498,band_3.pdf
3,model,3,59,0.48562994,-2.83797430,band_3.pdf
3,model,3,60,0.50267350,-2.62679273,band_3.pdf
3,model,3,61,0.51403587,-2.50662117,band_3.pdf
3,model,3,62,0.51971705,-2.45874850,band_3.pdf
3,model,3,63,0.52539824,-2.42010454,band_3.pdf
3,model,3,64,0.53678846,-2.36705827,band_3.pdf
3,model,3,65,0.54246965,-2.34643168,band_3.pdf
3,model,3,66,0.54815083,-2.31819960,band_3.pdf
3,model,3,67,0.55383202,-2.30303692,band_3.pdf
3,model,3,68,0.55951320,-2.33606399,band_3.pdf
3,model,3,69,0.56519439,-2.35154182,band_3.pdf
3,model,3,70,0.57087557,-2.27405961,band_3.pdf
3,model,3,71,0.57658460,-2.22690165,band_3.pdf
3,model,3,72,0.58226579,-2.21107444,band_3.pdf
3,model,3,73,0.58922803,-2.23479070,band_3.pdf
3,model,3,74,0.59619027,-2.30515248,band_3.pdf
3,model,3,75,0.60315250,-2.34901726,band_3.pdf
3,model,3,76,0.61011474,-2.38454117,band_3.pdf
3,model,3,77,0.61707697,-2.46823878,band_3.pdf
3,model,3,78,0.62403921,-2.50576859,band_3.pdf
3,model,3,79,0.63100145,-2.55116718,band_3.pdf
3,model,3,80,0.63796368,-2.60499481,band_3.pdf
3,model,3,81,0.65188816,-2.73552464,band_3.pdf
3,model,3,82,0.66581263,-2.88848433,band_3.pdf
3,model,3,83,0.69366158,-3.20948802,band_3.pdf
3,model,3,84,0.70758605,-3.35622200,band_3.pdf
3,model,3,85,0.72151053,-3.48229193,band_3.pdf
3,model,3,86,0.72847276,-3.53568716,band_3.pdf
3,model,3,87,0.73543500,-3.51247446,band_3.pdf
3,model,3,88,0.74239724,-3.26783360,band_3.pdf
3,model,3,89,0.74935947,-3.03738732,band_3.pdf
3,model,3,90,0.75632171,-2.83259891,band_3.pdf
3,model,3,91,0.76328395,-2.66120219,band_3.pdf
3,model,3,92,0.77024618,-2.52662827,band_3.pdf
3,model,3,93,0.77720842,-2.42810005,band_3.pdf
3,model,3,94,0.78417066,-2.36144909,band_3.pdf
3,model,3,95,0.79113290,-2.32094053,band_3.pdf
3,model,3,96,0.79809513,-2.33182604,band_3.pdf
3,model,3,97,0.80505737,-2.33510364,band_3.pdf
3,model,3,98,0.81898184,-2.32318283,band_3.pdf
3,model,3,99,0.86771750,-2.24332680,band_3.pdf
3,model,3,100,0.88164197,-2.25001577,band_3.pdf
3,model,3,101,0.89556645,-2.27759879,band_3.pdf
3,model,3,102,0.90949092,-2.32455027,band_3.pdf
3,model,3,103,0.92341540,-2.38630866,band_3.pdf
3,model,3,104,0.97215105,-2.62209075,band_3.pdf
3,model,3,105,0.98607553,-2.66035500,band_3.pdf
3,model,3,106,0.99303776,-2.67034770,band_3.pdf
3,model,3,107,1.00000000,-2.67371743,band_3.pdf
3,model,3,108,1.00000000,-2.67371743,band_3.pdf
3,model,4,0,0.00000000,-1.90673093,band_3.pdf
3,model,4,1,0.00804834,-1.93941159,band_3.pdf
3,model,4,2,0.01606884,-2.03703752,band_3.pdf
3,model,4,3,0.02411719,-2.19787263,band_3.pdf
3,model,4,4,0.03216554,-2.33374888,band_3.pdf
3,model,4,5,0.04018603,-2.30123382,band_3.pdf
3,model,4,6,0.04823438,-2.25901726,band_3.pdf
3,model,4,7,0.05628272,-2.20735166,band_3.pdf
3,model,4,8,0.06430322,-2.14639176,band_3.pdf
3,model,4,9,0.07235157,-2.07624368,band_3.pdf
3,model,4,10,0.08039991,-2.15216601,band_3.pdf
3,model,4,11,0.08842041,-2.28206627,band_3.pdf
3,model,4,12,0.09646875,-2.26795636,band_3.pdf
3,model,4,13,0.10451710,-2.21648118,band_3.pdf
3,model,4,14,0.11253760,-2.15178220,band_3.pdf
3,model,4,15,0.12058594,-2.07421249,band_3.pdf
3,model,4,16,0.12863429,-1.98343201,band_3.pdf
3,model,4,17,0.13665478,-1.87916326,band_3.pdf
3,model,4,18,0.14470313,-1.76136280,band_3.pdf
3,model,4,19,0.15275148,-1.63026360,band_3.pdf
3,model,4,20,0.16079982,-1.48647508,band_3.pdf
3,model,4,21,0.17686866,-1.16604236,band_3.pdf
3,model,4,22,0.20903420,-0.48077098,band_3.pdf
3,model,4,23,0.21705470,-0.33750390,band_3.pdf
3,model,4,24,0.22510304,-0.22803122,band_3.pdf
3,model,4,25,0.23315139,-0.16527800,band_3.pdf
3,model,4,26,0.24117188,-0.14688980,band_3.pdf
3,model,4,27,0.24685307,-0.15905868,band_3.pdf
3,model,4,28,0.25256210,-0.20290118,band_3.pdf
3,model,4,29,0.25824329,-0.28150626,band_3.pdf
3,model,4,30,0.26392447,-0.39002238,band_3.pdf
3,model,4,31,0.26960566,-0.52201617,band_3.pdf
3,model,4,32,0.27528684,-0.67136902,band_3.pdf
3,model,4,33,0.28664922,-1.00172548,band_3.pdf
3,model,4,34,0.31508299,-1.85645256,band_3.pdf
3,model,4,35,0.32644536,-2.16891690,band_3.pdf
3,model,4,36,0.33212655,-2.31413371,band_3.pdf
3,model,4,37,0.33780773,-2.41401912,band_3.pdf
3,model,4,38,0.35487914,-2.33525413,band_3.pdf
3,model,4,39,0.36624151,-2.29797880,band_3.pdf
3,model,4,40,0.37760388,-2.27846524,band_3.pdf
3,model,4,41,0.38896625,-2.27451908,band_3.pdf
3,model,4,42,0.41171884,-2.28094115,band_3.pdf
3,model,4,43,0.41740002,-2.25517941,band_3.pdf
3,model,4,44,0.42308121,-2.18993500,band_3.pdf
3,model,4,45,0.42876239,-2.10415375,band_3.pdf
3,model,4,46,0.44015261,-1.90617501,band_3.pdf
3,model,4,47,0.45151498,-1.68713615,band_3.pdf
3,model,4,48,0.46287735,-1.45489880,band_3.pdf
3,model,4,49,0.46855854,-1.38232257,band_3.pdf
3,model,4,50,0.49131113,-1.46469528,band_3.pdf
3,model,4,51,0.49699231,-1.49507072,band_3.pdf
3,model,4,52,0.50267350,-1.58728748,band_3.pdf
3,model,4,53,0.51403587,-1.79825765,band_3.pdf
3,model,4,54,0.52539824,-1.98248138,band_3.pdf
3,model,4,55,0.53678846,-2.13437781,band_3.pdf
3,model,4,56,0.54246965,-2.19732968,band_3.pdf
3,model,4,57,0.54815083,-2.25019915,band_3.pdf
3,model,4,58,0.55383202,-2.24654408,band_3.pdf
3,model,4,59,0.56519439,-2.04866991,band_3.pdf
3,model,4,60,0.57087557,-1.97122349,band_3.pdf
3,model,4,61,0.57658460,-1.92303005,band_3.pdf
3,model,4,62,0.58226579,-1.90673093,band_3.pdf
3,model,4,63,0.58922803,-1.93110093,band_3.pdf
3,model,4,64,0.59619027,-2.00194085,band_3.pdf
3,model,4,65,0.60315250,-2.10725906,band_3.pdf
3,model,4,66,0.61011474,-2.18158601,band_3.pdf
3,model,4,67,0.61707697,-2.14636012,band_3.pdf
3,model,4,68,0.62403921,-2.06498432,band_3.pdf
3,model,4,69,0.63100145,-1.96208028,band_3.pdf
3,model,4,70,0.63796368,-1.84273778,band_3.pdf
3,model,4,71,0.64492592,-1.70899143,band_3.pdf
3,model,4,72,0.65885040,-1.41747979,band_3.pdf
3,model,4,73,0.66581263,-1.37927799,band_3.pdf
3,model,4,74,0.68669934,-1.32364437,band_3.pdf
3,model,4,75,0.69366158,-1.32770179,band_3.pdf
3,model,4,76,0.70062382,-1.39420469,band_3.pdf
3,model,4,77,0.73543500,-1.89111731,band_3.pdf
3,model,4,78,0.74239724,-1.97663976,band_3.pdf
3,model,4,79,0.74935947,-2.05416599,band_3.pdf
3,model,4,80,0.75632171,-2.12288008,band_3.pdf
3,model,4,81,0.76328395,-2.18216694,band_3.pdf
3,model,4,82,0.77024618,-2.23162082,band_3.pdf
3,model,4,83,0.77720842,-2.27108122,band_3.pdf
3,model,4,84,0.78417066,-2.30063571,band_3.pdf
3,model,4,85,0.79113290,-2.32030758,band_3.pdf
3,model,4,86,0.79809513,-2.33101464,band_3.pdf
3,model,4,87,0.80505737,-2.33433822,band_3.pdf
3,model,4,88,0.81898184,-2.32182878,band_3.pdf
3,model,4,89,0.83986855,-2.27823974,band_3.pdf
3,model,4,90,0.85379303,-2.25123202,band_3.pdf
3,model,4,91,0.86771750,-2.23798938,band_3.pdf
3,model,4,92,0.88164197,-2.24447810,band_3.pdf
3,model,4,93,0.89556645,-2.27241045,band_3.pdf
3,model,4,94,0.90949092,-2.31979011,band_3.pdf
3,model,4,95,0.91645316,-2.34849653,band_3.pdf
3,model,4,96,0.92341540,-2.30323255,band_3.pdf
3,model,4,97,0.93037763,-2.07773579,band_3.pdf
3,model,4,98,0.94430211,-1.58588330,band_3.pdf
3,model,4,99,0.96518881,-0.82793881,band_3.pdf
3,model,4,100,0.97215105,-0.59986411,band_3.pdf
3,model,4,101,0.97911329,-0.40299070,band_3.pdf
3,model,4,102,0.98607553,-0.25210190,band_3.pdf
3,model,4,103,0.99303776,-0.16634435,band_3.pdf
3,model,4,104,1.00000000,-0.14688980,band_3.pdf
3,model,4,105,1.00000000,-0.14688980,band_3.pdf
3,model,5,0,0.00000000,-1.35822120,band_3.pdf
3,model,5,1,0.00804834,-1.36564995,band_3.pdf
3,model,5,2,0.01606884,-1.39105833,band_3.pdf
3,model,5,3,0.02411719,-1.43369673,band_3.pdf
3,model,5,4,0.03216554,-1.49294354,band_3.pdf
3,model,5,5,0.04018603,-1.56821443,band_3.pdf
3,model,5,6,0.04823438,-1.65877788,band_3.pdf
3,model,5,7,0.05628272,-1.76374641,band_3.pdf
3,model,5,8,0.06430322,-1.88202648,band_3.pdf
3,model,5,9,0.07235157,-2.01225699,band_3.pdf
3,model,5,10,0.08039991,-1.99706580,band_3.pdf
3,model,5,11,0.08842041,-1.90911489,band_3.pdf
3,model,5,12,0.10451710,-1.70878993,band_3.pdf
3,model,5,13,0.12058594,-1.48136138,band_3.pdf
3,model,5,14,0.13665478,-1.24300603,band_3.pdf
3,model,5,15,0.14470313,-1.24303062,band_3.pdf
3,model,5,16,0.15275148,-1.42927387,band_3.pdf
3,model,5,17,0.16079982,-1.48199510,band_3.pdf
3,model,5,18,0.16882032,-1.33055002,band_3.pdf
3,model,5,19,0.18491701,-0.99292218,band_3.pdf
3,model,5,20,0.20098585,-0.64212487,band_3.pdf
3,model,5,21,0.20903420,-0.47695908,band_3.pdf
3,model,5,22,0.21705470,-0.33062088,band_3.pdf
3,model,5,23,0.22510304,-0.21418603,band_3.pdf
3,model,5,24,0.23315139,-0.13865569,band_3.pdf
3,model,5,25,0.24117188,-0.11242317,band_3.pdf
3,model,5,26,0.24685307,-0.12131789,band_3.pdf
3,model,5,27,0.25256210,-0.15475041,band_3.pdf
3,model,5,28,0.25824329,-0.21877953,band_3.pdf
3,model,5,29,0.26392447,-0.30563476,band_3.pdf
3,model,5,30,0.26960566,-0.41051436,band_3.pdf
3,model,5,31,0.27528684,-0.52957686,band_3.pdf
3,model,5,32,0.28664922,-0.79352444,band_3.pdf
3,model,5,33,0.29801159,-1.06280766,band_3.pdf
3,model,5,34,0.30940180,-1.30450988,band_3.pdf
3,model,5,35,0.31508299,-1.40628405,band_3.pdf
3,model,5,36,0.32076417,-1.49178684,band_3.pdf
3,model,5,37,0.32644536,-1.55926591,band_3.pdf
3,model,5,38,0.33212655,-1.60787331,band_3.pdf
3,model,5,39,0.33780773,-1.63772286,band_3.pdf
3,model,5,40,0.34348892,-1.64988801,band_3.pdf
3,model,5,41,0.34919795,-1.64627264,band_3.pdf
3,model,5,42,0.35487914,-1.62941469,band_3.pdf
3,model,5,43,0.36056032,-1.60225802,band_3.pdf
3,model,5,44,0.37192269,-1.52965151,band_3.pdf
3,model,5,45,0.38328506,-1.45387636,band_3.pdf
3,model,5,46,0.38896625,-1.42332603,band_3.pdf
3,model,5,47,0.39467528,-1.40400117,band_3.pdf
3,model,5,48,0.40035647,-1.39996069,band_3.pdf
3,model,5,49,0.41171884,-1.40706607,band_3.pdf
3,model,5,50,0.42308121,-1.39450123,band_3.pdf
3,model,5,51,0.44583380,-1.34325214,band_3.pdf
3,model,5,52,0.45151498,-1.34441322,band_3.pdf
3,model,5,53,0.46287735,-1.36569936,band_3.pdf
3,model,5,54,0.46855854,-1.34176045,band_3.pdf
3,model,5,55,0.47423972,-1.25980058,band_3.pdf
3,model,5,56,0.47992091,-1.24534253,band_3.pdf
3,model,5,57,0.48562994,-1.26006613,band_3.pdf
3,model,5,58,0.49131113,-1.34333538,band_3.pdf
3,model,5,59,0.49699231,-1.44976959,band_3.pdf
3,model,5,60,0.50267350,-1.48911931,band_3.pdf
3,model,5,61,0.50835468,-1.50291568,band_3.pdf
3,model,5,62,0.51971705,-1.51035219,band_3.pdf
3,model,5,63,0.53110727,-1.49269487,band_3.pdf
3,model,5,64,0.54246965,-1.45606498,band_3.pdf
3,model,5,65,0.55951320,-1.39351049,band_3.pdf
3,model,5,66,0.57087557,-1.36467976,band_3.pdf
3,model,5,67,0.58226579,-1.35822120,band_3.pdf
3,model,5,68,0.59619027,-1.36508289,band_3.pdf
3,model,5,69,0.63796368,-1.41072439,band_3.pdf
3,model,5,70,0.65188816,-1.40108309,band_3.pdf
3,model,5,71,0.65885040,-1.38194320,band_3.pdf
3,model,5,72,0.66581263,-1.34273603,band_3.pdf
3,model,5,73,0.68669934,-1.27529517,band_3.pdf
3,model,5,74,0.69366158,-1.28144559,band_3.pdf
3,model,5,75,0.70062382,-1.37594915,band_3.pdf
3,model,5,76,0.72151053,-1.69656956,band_3.pdf
3,model,5,77,0.73543500,-1.88897301,band_3.pdf
3,model,5,78,0.74239724,-1.97485178,band_3.pdf
3,model,5,79,0.74935947,-2.05259775,band_3.pdf
3,model,5,80,0.75632171,-2.12145013,band_3.pdf
3,model,5,81,0.76328395,-2.18083030,band_3.pdf
3,model,5,82,0.77024618,-2.23035954,band_3.pdf
3,model,5,83,0.77720842,-2.26989934,band_3.pdf
3,model,5,84,0.78417066,-2.29955349,band_3.pdf
3,model,5,85,0.79113290,-2.31930724,band_3.pdf
3,model,5,86,0.79809513,-2.29673986,band_3.pdf
3,model,5,87,0.82594408,-2.24195295,band_3.pdf
3,model,5,88,0.83290632,-2.21235272,band_3.pdf
3,model,5,89,0.83986855,-2.17020181,band_3.pdf
3,model,5,90,0.84683079,-2.11403537,band_3.pdf
3,model,5,91,0.85379303,-2.04296462,band_3.pdf
3,model,5,92,0.86075526,-1.95649172,band_3.pdf
3,model,5,93,0.86771750,-1.85431999,band_3.pdf
3,model,5,94,0.87467974,-1.73624053,band_3.pdf
3,model,5,95,0.88164197,-1.60201054,band_3.pdf
3,model,5,96,0.88860421,-1.45135429,band_3.pdf
3,model,5,97,0.89556645,-1.28398952,band_3.pdf
3,model,5,98,0.90252868,-1.10004396,band_3.pdf
3,model,5,99,0.90949092,-0.90253375,band_3.pdf
3,model,5,100,0.91645316,-0.72751389,band_3.pdf
3,model,5,101,0.92341540,-0.63609206,band_3.pdf
3,model,5,102,0.93733987,-0.50098627,band_3.pdf
3,model,5,103,0.95126434,-0.37552511,band_3.pdf
3,model,5,104,0.96518881,-0.26482848,band_3.pdf
3,model,5,105,0.97215105,-0.21883854,band_3.pdf
3,model,5,106,0.97911329,-0.18083214,band_3.pdf
3,model,5,107,0.99303776,-0.12640623,band_3.pdf
3,model,5,108,1.00000000,-0.11242317,band_3.pdf
3,model,5,109,1.00000000,-0.11242317,band_3.pdf
3,model,6,0,0.00000000,-1.35124949,band_3.pdf
3,model,6,1,0.00804834,-1.34852331,band_3.pdf
3,model,6,2,0.01606884,-1.33699111,band_3.pdf
3,model,6,3,0.02411719,-1.31712804,band_3.pdf
3,model,6,4,0.04018603,-1.25573350,band_3.pdf
3,model,6,5,0.05628272,-1.17318186,band_3.pdf
3,model,6,6,0.07235157,-1.07747065,band_3.pdf
3,model,6,7,0.08842041,-0.96744519,band_3.pdf
3,model,6,8,0.09646875,-0.90136040,band_3.pdf
3,model,6,9,0.10451710,-0.82077603,band_3.pdf
3,model,6,10,0.11253760,-0.71662749,band_3.pdf
3,model,6,11,0.12058594,-0.58108623,band_3.pdf
3,model,6,12,0.13665478,-0.99994899,band_3.pdf
3,model,6,13,0.14470313,-1.08152938,band_3.pdf
3,model,6,14,0.15275148,-0.96863258,band_3.pdf
3,model,6,15,0.16882032,-0.72491865,band_3.pdf
3,model,6,16,0.18491701,-0.50167059,band_3.pdf
3,model,6,17,0.19293751,-0.40336982,band_3.pdf
3,model,6,18,0.20098585,-0.31630823,band_3.pdf
3,model,6,19,0.20903420,-0.24180205,band_3.pdf
3,model,6,20,0.21705470,-0.18037261,band_3.pdf
3,model,6,21,0.22510304,-0.13086559,band_3.pdf
3,model,6,22,0.23315139,-0.09221007,band_3.pdf
3,model,6,23,0.24117188,-0.07568101,band_3.pdf
3,model,6,24,0.25824329,-0.10126891,band_3.pdf
3,model,6,25,0.27528684,-0.08851578,band_3.pdf
3,model,6,26,0.29801159,-0.05494800,band_3.pdf
3,model,6,27,0.31508299,-0.02710909,band_3.pdf
3,model,6,28,0.32076417,-0.03325980,band_3.pdf
3,model,6,29,0.32644536,-0.16211191,band_3.pdf
3,model,6,30,0.33780773,-0.46211936,band_3.pdf
3,model,6,31,0.34348892,-0.59749603,band_3.pdf
3,model,6,32,0.34919795,-0.72215675,band_3.pdf
3,model,6,33,0.35487914,-0.83594517,band_3.pdf
3,model,6,34,0.36056032,-0.93875340,band_3.pdf
3,model,6,35,0.36624151,-1.03049737,band_3.pdf
3,model,6,36,0.37192269,-1.11104400,band_3.pdf
3,model,6,37,0.37760388,-1.18016276,band_3.pdf
3,model,6,38,0.38328506,-1.23732705,band_3.pdf
3,model,6,39,0.38896625,-1.28123733,band_3.pdf
3,model,6,40,0.39467528,-1.30886401,band_3.pdf
3,model,6,41,0.40035647,-1.31784127,band_3.pdf
3,model,6,42,0.41740002,-1.31146808,band_3.pdf
3,model,6,43,0.43444358,-1.28224976,band_3.pdf
3,model,6,44,0.44015261,-1.26797319,band_3.pdf
3,model,6,45,0.44583380,-1.24676614,band_3.pdf
3,model,6,46,0.45719617,-1.19372924,band_3.pdf
3,model,6,47,0.46855854,-1.18881527,band_3.pdf
3,model,6,48,0.47423972,-1.16068676,band_3.pdf
3,model,6,49,0.47992091,-1.09763422,band_3.pdf
3,model,6,50,0.48562994,-1.19706378,band_3.pdf
3,model,6,51,0.49131113,-1.24741787,band_3.pdf
3,model,6,52,0.50835468,-1.28515653,band_3.pdf
3,model,6,53,0.53110727,-1.32285371,band_3.pdf
3,model,6,54,0.55383202,-1.34644483,band_3.pdf
3,model,6,55,0.57087557,-1.35400209,band_3.pdf
3,model,6,56,0.58922803,-1.35299476,band_3.pdf
3,model,6,57,0.61011474,-1.37298313,band_3.pdf
3,model,6,58,0.62403921,-1.38592556,band_3.pdf
3,model,6,59,0.63796368,-1.38664394,band_3.pdf
3,model,6,60,0.65188816,-1.36886937,band_3.pdf
3,model,6,61,0.65885040,-1.34582901,band_3.pdf
3,model,6,62,0.66581263,-1.21550862,band_3.pdf
3,model,6,63,0.67277487,-1.03875902,band_3.pdf
3,model,6,64,0.67973711,-1.03767947,band_3.pdf
3,model,6,65,0.68669934,-1.14050494,band_3.pdf
3,model,6,66,0.69366158,-1.22420012,band_3.pdf
3,model,6,67,0.70062382,-1.23027049,band_3.pdf
3,model,6,68,0.71454829,-1.18964231,band_3.pdf
3,model,6,69,0.74239724,-1.09740114,band_3.pdf
3,model,6,70,0.76328395,-1.04520242,band_3.pdf
3,model,6,71,0.77720842,-1.02265963,band_3.pdf
3,model,6,72,0.79113290,-1.01183887,band_3.pdf
3,model,6,73,0.80505737,-1.02269287,band_3.pdf
3,model,6,74,0.83986855,-1.06717768,band_3.pdf
3,model,6,75,0.85379303,-1.06277988,band_3.pdf
3,model,6,76,0.86075526,-1.05012291,band_3.pdf
3,model,6,77,0.86771750,-1.02948393,band_3.pdf
3,model,6,78,0.87467974,-1.00068117,band_3.pdf
3,model,6,79,0.88164197,-0.96391330,band_3.pdf
3,model,6,80,0.88860421,-0.91963473,band_3.pdf
3,model,6,81,0.90252868,-0.81045533,band_3.pdf
3,model,6,82,0.93037763,-0.56035595,band_3.pdf
3,model,6,83,0.95126434,-0.35314033,band_3.pdf
3,model,6,84,0.96518881,-0.23367951,band_3.pdf
3,model,6,85,0.97215105,-0.18418783,band_3.pdf
3,model,6,86,0.97911329,-0.14337384,band_3.pdf
3,model,6,87,0.98607553,-0.11186423,band_3.pdf
3,model,6,88,0.99303776,-0.08820953,band_3.pdf
3,model,6,89,1.00000000,-0.07568101,band_3.pdf
3,model,6,90,1.00000000,-0.07568101,band_3.pdf
3,model,7,0,0.00000000,-0.27712007,band_3.pdf
3,model,7,1,0.07235157,-0.25982529,band_3.pdf
3,model,7,2,0.08039991,-0.24489076,band_3.pdf
3,model,7,3,0.08842041,-0.22218581,band_3.pdf
3,model,7,4,0.09646875,-0.19086869,band_3.pdf
3,model,7,5,0.10451710,-0.17553869,band_3.pdf
3,model,7,6,0.11253760,-0.36829952,band_3.pdf
3,model,7,7,0.12058594,-0.57592425,band_3.pdf
3,model,7,8,0.12863429,-0.38132993,band_3.pdf
3,model,7,9,0.13665478,-0.11245659,band_3.pdf
3,model,7,10,0.14470313,0.22645072,band_3.pdf
3,model,7,11,0.15275148,0.41812542,band_3.pdf
3,model,7,12,0.16079982,0.57998363,band_3.pdf
3,model,7,13,0.16882032,0.75818847,band_3.pdf
3,model,7,14,0.17686866,0.95445033,band_3.pdf
3,model,7,15,0.18491701,1.16744458,band_3.pdf
3,model,7,16,0.21705470,2.06863938,band_3.pdf
3,model,7,17,0.22510304,2.24042483,band_3.pdf
3,model,7,18,0.23315139,2.34482588,band_3.pdf
3,model,7,19,0.24117188,2.37410363,band_3.pdf
3,model,7,20,0.24685307,2.35464837,band_3.pdf
3,model,7,21,0.25256210,2.28606361,band_3.pdf
3,model,7,22,0.25824329,2.16876042,band_3.pdf
3,model,7,23,0.26392447,2.01285296,band_3.pdf
3,model,7,24,0.26960566,1.82944448,band_3.pdf
3,model,7,25,0.28096803,1.41731070,band_3.pdf
3,model,7,26,0.29801159,0.77839055,band_3.pdf
3,model,7,27,0.30940180,0.37910167,band_3.pdf
3,model,7,28,0.31508299,0.19371946,band_3.pdf
3,model,7,29,0.32076417,0.03259978,band_3.pdf
3,model,7,30,0.32644536,0.00417313,band_3.pdf
3,model,7,31,0.37760388,0.06739405,band_3.pdf
3,model,7,32,0.38328506,-0.18346862,band_3.pdf
3,model,7,33,0.38896625,-0.47933261,band_3.pdf
3,model,7,34,0.39467528,-0.73711065,band_3.pdf
3,model,7,35,0.40035647,-0.94577500,band_3.pdf
3,model,7,36,0.40603765,-1.08719520,band_3.pdf
3,model,7,37,0.41171884,-1.13830311,band_3.pdf
3,model,7,38,0.42876239,-1.14344465,band_3.pdf
3,model,7,39,0.45151498,-1.16065749,band_3.pdf
3,model,7,40,0.45719617,-1.15337479,band_3.pdf
3,model,7,41,0.46287735,-1.11960687,band_3.pdf
3,model,7,42,0.47423972,-1.02680379,band_3.pdf
3,model,7,43,0.47992091,-1.04268260,band_3.pdf
3,model,7,44,0.48562994,-0.94973253,band_3.pdf
3,model,7,45,0.49131113,-0.84625592,band_3.pdf
3,model,7,46,0.51403587,-0.61818904,band_3.pdf
3,model,7,47,0.52539824,-0.51544373,band_3.pdf
3,model,7,48,0.53678846,-0.42623469,band_3.pdf
3,model,7,49,0.54815083,-0.35444260,band_3.pdf
3,model,7,50,0.55951320,-0.30410042,band_3.pdf
3,model,7,51,0.56519439,-0.28851126,band_3.pdf
3,model,7,52,0.57658460,-0.27721101,band_3.pdf
3,model,7,53,0.59619027,-0.28254150,band_3.pdf
3,model,7,54,0.60315250,-0.29614797,band_3.pdf
3,model,7,55,0.61011474,-0.31778599,band_3.pdf
3,model,7,56,0.61707697,-0.34771600,band_3.pdf
3,model,7,57,0.62403921,-0.38658564,band_3.pdf
3,model,7,58,0.63100145,-0.43502436,band_3.pdf
3,model,7,59,0.63796368,-0.49343233,band_3.pdf
3,model,7,60,0.64492592,-0.56182548,band_3.pdf
3,model,7,61,0.65188816,-0.63978291,band_3.pdf
3,model,7,62,0.66581263,-0.82034820,band_3.pdf
3,model,7,63,0.68669934,-1.12266549,band_3.pdf
3,model,7,64,0.69366158,-1.19927592,band_3.pdf
3,model,7,65,0.70062382,-1.20283992,band_3.pdf
3,model,7,66,0.74935947,-1.05209681,band_3.pdf
3,model,7,67,0.76328395,-1.02621409,band_3.pdf
3,model,7,68,0.77720842,-1.01228110,band_3.pdf
3,model,7,69,0.79809513,-1.00994282,band_3.pdf
3,model,7,70,0.81898184,-1.01939133,band_3.pdf
3,model,7,71,0.83986855,-1.03182126,band_3.pdf
3,model,7,72,0.85379303,-1.02500182,band_3.pdf
3,model,7,73,0.86771750,-0.99499414,band_3.pdf
3,model,7,74,0.87467974,-0.96975681,band_3.pdf
3,model,7,75,0.88860421,-0.89881179,band_3.pdf
3,model,7,76,0.90252868,-0.80310733,band_3.pdf
3,model,7,77,0.90949092,-0.74061416,band_3.pdf
3,model,7,78,0.91645316,-0.62732567,band_3.pdf
3,model,7,79,0.92341540,-0.40756932,band_3.pdf
3,model,7,80,0.93037763,-0.14801379,band_3.pdf
3,model,7,81,0.93733987,0.13407529,band_3.pdf
3,model,7,82,0.95126434,0.75055609,band_3.pdf
3,model,7,83,0.97215105,1.70853315,band_3.pdf
3,model,7,84,0.97911329,1.98583890,band_3.pdf
3,model,7,85,0.98607553,2.20721918,band_3.pdf
3,model,7,86,0.99303776,2.34209574,band_3.pdf
3,model,7,87,1.00000000,2.37410363,band_3.pdf
3,model,7,88,1.00000000,2.37410363,band_3.pdf
3,model,8,0,0.00000000,-0.25481913,band_3.pdf
3,model,8,1,0.02411719,-0.26141272,band_3.pdf
3,model,8,2,0.04823438,-0.27142029,band_3.pdf
3,model,8,3,0.06430322,-0.26598838,band_3.pdf
3,model,8,4,0.08039991,-0.24117052,band_3.pdf
3,model,8,5,0.08842041,-0.21767899,band_3.pdf
3,model,8,6,0.09646875,-0.18474837,band_3.pdf
3,model,8,7,0.10451710,-0.14083264,band_3.pdf
3,model,8,8,0.11253760,-0.08621518,band_3.pdf
3,model,8,9,0.12058594,-0.01741198,band_3.pdf
3,model,8,10,0.12863429,0.06742782,band_3.pdf
3,model,8,11,0.13665478,0.16903634,band_3.pdf
3,model,8,12,0.14470313,0.28844977,band_3.pdf
3,model,8,13,0.15275148,0.42659575,band_3.pdf
3,model,8,14,0.16079982,0.58408945,band_3.pdf
3,model,8,15,0.16882032,0.76108131,band_3.pdf
3,model,8,16,0.17686866,0.95693868,band_3.pdf
3,model,8,17,0.18491701,1.16987890,band_3.pdf
3,model,8,18,0.21705470,2.07461134,band_3.pdf
3,model,8,19,0.22510304,2.25161274,band_3.pdf
3,model,8,20,0.23315139,2.37023533,band_3.pdf
3,model,8,21,0.24117188,2.41220779,band_3.pdf
3,model,8,22,0.24685307,2.39801055,band_3.pdf
3,model,8,23,0.25256210,2.34000813,band_3.pdf
3,model,8,24,0.25824329,2.23801735,band_3.pdf
3,model,8,25,0.26392447,2.10481431,band_3.pdf
3,model,8,26,0.26960566,1.94816281,band_3.pdf
3,model,8,27,0.28096803,1.59499653,band_3.pdf
3,model,8,28,0.29233040,1.23983235,band_3.pdf
3,model,8,29,0.29801159,1.07906341,band_3.pdf
3,model,8,30,0.30372062,0.93731806,band_3.pdf
3,model,8,31,0.30940180,0.81906969,band_3.pdf
3,model,8,32,0.31508299,0.72742775,band_3.pdf
3,model,8,33,0.32076417,0.66392315,band_3.pdf
3,model,8,34,0.32644536,0.62848841,band_3.pdf
3,model,8,35,0.33212655,0.61958622,band_3.pdf
3,model,8,36,0.33780773,0.63453372,band_3.pdf
3,model,8,37,0.34348892,0.66988723,band_3.pdf
3,model,8,38,0.34919795,0.72178473,band_3.pdf
3,model,8,39,0.35487914,0.78616051,band_3.pdf
3,model,8,40,0.36056032,0.85846225,band_3.pdf
3,model,8,41,0.36624151,0.87778497,band_3.pdf
3,model,8,42,0.37760388,0.15249537,band_3.pdf
3,model,8,43,0.38328506,0.07857533,band_3.pdf
3,model,8,44,0.41171884,0.08802213,band_3.pdf
3,model,8,45,0.41740002,0.07634287,band_3.pdf
3,model,8,46,0.42308121,0.04176071,band_3.pdf
3,model,8,47,0.42876239,-0.01440159,band_3.pdf
3,model,8,48,0.43444358,-0.09008710,band_3.pdf
3,model,8,49,0.44015261,-0.18272369,band_3.pdf
3,model,8,50,0.44583380,-0.28940911,band_3.pdf
3,model,8,51,0.45719617,-0.53287881,band_3.pdf
3,model,8,52,0.47423972,-0.92449970,band_3.pdf
3,model,8,53,0.47992091,-0.95559731,band_3.pdf
3,model,8,54,0.48562994,-0.90308872,band_3.pdf
3,model,8,55,0.49131113,-0.84128324,band_3.pdf
3,model,8,56,0.50267350,-0.64405369,band_3.pdf
3,model,8,57,0.50835468,-0.55965576,band_3.pdf
3,model,8,58,0.51403587,-0.48663688,band_3.pdf
3,model,8,59,0.51971705,-0.42552958,band_3.pdf
3,model,8,60,0.52539824,-0.37618341,band_3.pdf
3,model,8,61,0.53110727,-0.33778734,band_3.pdf
3,model,8,62,0.53678846,-0.30901646,band_3.pdf
3,model,8,63,0.54815083,-0.27361934,band_3.pdf
3,model,8,64,0.55951320,-0.25675873,band_3.pdf
3,model,8,65,0.57087557,-0.25220890,band_3.pdf
3,model,8,66,0.60315250,-0.26909280,band_3.pdf
3,model,8,67,0.61011474,-0.29172369,band_3.pdf
3,model,8,68,0.61707697,-0.32353891,band_3.pdf
3,model,8,69,0.62403921,-0.36480460,band_3.pdf
3,model,8,70,0.63100145,-0.41594000,band_3.pdf
3,model,8,71,0.63796368,-0.47717119,band_3.pdf
3,model,8,72,0.64492592,-0.54834745,band_3.pdf
3,model,8,73,0.65188816,-0.62888117,band_3.pdf
3,model,8,74,0.66581263,-0.81289534,band_3.pdf
3,model,8,75,0.67277487,-0.90512348,band_3.pdf
3,model,8,76,0.67973711,-0.80669634,band_3.pdf
3,model,8,77,0.68669934,-0.58482916,band_3.pdf
3,model,8,78,0.69366158,-0.33564262,band_3.pdf
3,model,8,79,0.70062382,-0.05667147,band_3.pdf
3,model,8,80,0.70758605,0.25918784,band_3.pdf
3,model,8,81,0.71454829,0.62159206,band_3.pdf
3,model,8,82,0.72151053,1.04244970,band_3.pdf
3,model,8,83,0.72847276,1.53322790,band_3.pdf
3,model,8,84,0.73543500,1.80759608,band_3.pdf
3,model,8,85,0.74935947,1.87275328,band_3.pdf
3,model,8,86,0.76328395,1.92678406,band_3.pdf
3,model,8,87,0.77720842,1.96564209,band_3.pdf
3,model,8,88,0.79113290,1.98352799,band_3.pdf
3,model,8,89,0.79809513,1.97728397,band_3.pdf
3,model,8,90,0.80505737,1.96323568,band_3.pdf
3,model,8,91,0.81201961,1.94125290,band_3.pdf
3,model,8,92,0.81898184,1.91147652,band_3.pdf
3,model,8,93,0.83290632,1.83186121,band_3.pdf
3,model,8,94,0.86075526,1.64587977,band_3.pdf
3,model,8,95,0.86771750,1.60844553,band_3.pdf
3,model,8,96,0.87467974,1.57950034,band_3.pdf
3,model,8,97,0.88164197,1.56092580,band_3.pdf
3,model,8,98,0.88860421,1.55417858,band_3.pdf
3,model,8,99,0.89556645,1.56026661,band_3.pdf
3,model,8,100,0.90252868,1.57974509,band_3.pdf
3,model,8,101,0.90949092,1.61271192,band_3.pdf
3,model,8,102,0.91645316,1.65878380,band_3.pdf
3,model,8,103,0.92341540,1.71707849,band_3.pdf
3,model,8,104,0.93733987,1.85655079,band_3.pdf
3,model,8,105,0.97215105,2.24833177,band_3.pdf
3,model,8,106,0.97911329,2.30852340,band_3.pdf
3,model,8,107,0.98607553,2.35542286,band_3.pdf
3,model,8,108,0.99303776,2.39122440,band_3.pdf
3,model,8,109,1.00000000,2.41220779,band_3.pdf
3,model,8,110,1.00000000,2.41220779,band_3.pdf
3,model,9,0,0.00000000,-0.22333670,band_3.pdf
3,model,9,1,0.01606884,-0.21560496,band_3.pdf
3,model,9,2,0.02411719,-0.20202046,band_3.pdf
3,model,9,3,0.03216554,-0.17861970,band_3.pdf
3,model,9,4,0.04018603,-0.14486909,band_3.pdf
3,model,9,5,0.04823438,-0.10085619,band_3.pdf
3,model,9,6,0.05628272,-0.04653064,band_3.pdf
3,model,9,7,0.06430322,0.01829874,band_3.pdf
3,model,9,8,0.07235157,0.09385467,band_3.pdf
3,model,9,9,0.08039991,0.18027011,band_3.pdf
3,model,9,10,0.08842041,0.25193458,band_3.pdf
3,model,9,11,0.09646875,0.05433763,band_3.pdf
3,model,9,12,0.10451710,-0.12367620,band_3.pdf
3,model,9,13,0.11253760,-0.08438661,band_3.pdf
3,model,9,14,0.12058594,-0.01382309,band_3.pdf
3,model,9,15,0.12863429,0.07262968,band_3.pdf
3,model,9,16,0.13665478,0.17804464,band_3.pdf
3,model,9,17,0.14470313,0.33222259,band_3.pdf
3,model,9,18,0.15275148,0.77520900,band_3.pdf
3,model,9,19,0.16079982,1.40255108,band_3.pdf
3,model,9,20,0.16882032,1.65757064,band_3.pdf
3,model,9,21,0.17686866,1.79812819,band_3.pdf
3,model,9,22,0.18491701,1.92971974,band_3.pdf
3,model,9,23,0.19293751,2.04986873,band_3.pdf
3,model,9,24,0.20098585,2.15631485,band_3.pdf
3,model,9,25,0.20903420,2.24713425,band_3.pdf
3,model,9,26,0.21705470,2.32110921,band_3.pdf
3,model,9,27,0.22510304,2.37886391,band_3.pdf
3,model,9,28,0.23315139,2.42506969,band_3.pdf
3,model,9,29,0.24117188,2.44850310,band_3.pdf
3,model,9,30,0.25256210,2.42186959,band_3.pdf
3,model,9,31,0.26392447,2.42416433,band_3.pdf
3,model,9,32,0.28096803,2.44302752,band_3.pdf
3,model,9,33,0.34348892,2.53380077,band_3.pdf
3,model,9,34,0.34919795,2.18790558,band_3.pdf
3,model,9,35,0.36056032,1.30600400,band_3.pdf
3,model,9,36,0.36624151,0.95504387,band_3.pdf
3,model,9,37,0.37192269,1.02055816,band_3.pdf
3,model,9,38,0.38328506,1.16847828,band_3.pdf
3,model,9,39,0.38896625,1.23157555,band_3.pdf
3,model,9,40,0.39467528,1.28360784,band_3.pdf
3,model,9,41,0.40035647,1.32240248,band_3.pdf
3,model,9,42,0.40603765,1.34634387,band_3.pdf
3,model,9,43,0.41171884,1.35443620,band_3.pdf
3,model,9,44,0.44015261,1.35405642,band_3.pdf
3,model,9,45,0.45151498,1.33906686,band_3.pdf
3,model,9,46,0.46287735,1.31180959,band_3.pdf
3,model,9,47,0.47423972,1.27208523,band_3.pdf
3,model,9,48,0.47992091,1.17264164,band_3.pdf
3,model,9,49,0.49131113,0.88301153,band_3.pdf
3,model,9,50,0.50267350,0.61800940,band_3.pdf
3,model,9,51,0.51403587,0.38572050,band_3.pdf
3,model,9,52,0.51971705,0.28287009,band_3.pdf
3,model,9,53,0.52539824,0.18916341,band_3.pdf
3,model,9,54,0.53110727,0.10468503,band_3.pdf
3,model,9,55,0.53678846,0.02948393,band_3.pdf
3,model,9,56,0.54246965,-0.03642578,band_3.pdf
3,model,9,57,0.54815083,-0.09301797,band_3.pdf
3,model,9,58,0.55383202,-0.14020248,band_3.pdf
3,model,9,59,0.55951320,-0.17764513,band_3.pdf
3,model,9,60,0.56519439,-0.20440045,band_3.pdf
3,model,9,61,0.57087557,-0.21884511,band_3.pdf
3,model,9,62,0.58226579,-0.22333670,band_3.pdf
3,model,9,63,0.58922803,-0.22207674,band_3.pdf
3,model,9,64,0.59619027,-0.20991935,band_3.pdf
3,model,9,65,0.60315250,-0.17626068,band_3.pdf
3,model,9,66,0.61011474,-0.12289158,band_3.pdf
3,model,9,67,0.61707697,-0.05174624,band_3.pdf
3,model,9,68,0.62403921,0.03643224,band_3.pdf
3,model,9,69,0.63100145,0.14114754,band_3.pdf
3,model,9,70,0.63796368,0.26199595,band_3.pdf
3,model,9,71,0.64492592,0.39866382,band_3.pdf
3,model,9,72,0.65188816,0.55104697,band_3.pdf
3,model,9,73,0.65885040,0.71933210,band_3.pdf
3,model,9,74,0.66581263,0.90413854,band_3.pdf
3,model,9,75,0.67277487,1.10649304,band_3.pdf
3,model,9,76,0.68669934,1.53751111,band_3.pdf
3,model,9,77,0.69366158,1.58337699,band_3.pdf
3,model,9,78,0.72847276,1.77303637,band_3.pdf
3,model,9,79,0.73543500,1.83360440,band_3.pdf
3,model,9,80,0.74935947,1.89773584,band_3.pdf
3,model,9,81,0.76328395,1.94551241,band_3.pdf
3,model,9,82,0.77720842,1.97591463,band_3.pdf
3,model,9,83,0.79113290,1.98384740,band_3.pdf
3,model,9,84,0.79809513,1.98289925,band_3.pdf
3,model,9,85,0.80505737,1.97458214,band_3.pdf
3,model,9,86,0.81201961,1.95827158,band_3.pdf
3,model,9,87,0.81898184,1.93388180,band_3.pdf
3,model,9,88,0.83290632,1.86324516,band_3.pdf
3,model,9,89,0.86771750,1.64495793,band_3.pdf
3,model,9,90,0.87467974,1.61396993,band_3.pdf
3,model,9,91,0.88164197,1.59254177,band_3.pdf
3,model,9,92,0.88860421,1.58225353,band_3.pdf
3,model,9,93,0.89556645,1.58423064,band_3.pdf
3,model,9,94,0.90252868,1.59913477,band_3.pdf
3,model,9,95,0.90949092,1.62715563,band_3.pdf
3,model,9,96,0.91645316,1.66799005,band_3.pdf
3,model,9,97,0.92341540,1.72082586,band_3.pdf
3,model,9,98,0.93037763,1.78617829,band_3.pdf
3,model,9,99,0.94430211,1.94838772,band_3.pdf
3,model,9,100,0.96518881,2.20666942,band_3.pdf
3,model,9,101,0.97215105,2.28214566,band_3.pdf
3,model,9,102,0.97911329,2.34603448,band_3.pdf
3,model,9,103,0.98607553,2.39543356,band_3.pdf
3,model,9,104,0.99303776,2.43021692,band_3.pdf
3,model,9,105,1.00000000,2.44850310,band_3.pdf
3,model,9,106,1.00000000,2.44850310,band_3.pdf
3,model,10,0,0.00000000,1.44679658,band_3.pdf
3,model,10,1,0.00804834,1.43615470,band_3.pdf
3,model,10,2,0.01606884,1.40342670,band_3.pdf
3,model,10,3,0.02411719,1.34922416,band_3.pdf
3,model,10,4,0.03216554,1.27410494,band_3.pdf
3,model,10,5,0.04018603,1.17882345,band_3.pdf
3,model,10,6,0.04823438,1.06435356,band_3.pdf
3,model,10,7,0.05628272,0.93185735,band_3.pdf
3,model,10,8,0.06430322,0.78271021,band_3.pdf
3,model,10,9,0.07235157,0.61845992,band_3.pdf
3,model,10,10,0.08039991,0.44087196,band_3.pdf
3,model,10,11,0.08842041,0.27753326,band_3.pdf
3,model,10,12,0.09646875,0.38540690,band_3.pdf
3,model,10,13,0.10451710,0.50341218,band_3.pdf
3,model,10,14,0.12058594,0.76641120,band_3.pdf
3,model,10,15,0.13665478,1.05670785,band_3.pdf
3,model,10,16,0.16079982,1.51062260,band_3.pdf
3,model,10,17,0.16882032,2.16587380,band_3.pdf
3,model,10,18,0.17686866,3.04433622,band_3.pdf
3,model,10,19,0.18491701,4.00595312,band_3.pdf
3,model,10,20,0.20098585,6.00769762,band_3.pdf
3,model,10,21,0.20903420,6.94732214,band_3.pdf
3,model,10,22,0.21705470,7.77017191,band_3.pdf
3,model,10,23,0.22349192,8.28298041,band_3.pdf
3,model,11,0,0.27031409,8.28298041,band_3.pdf
3,model,11,1,0.27528684,8.03746671,band_3.pdf
3,model,11,2,0.28096803,7.71325901,band_3.pdf
3,model,11,3,0.28664922,7.34982671,band_3.pdf
3,model,11,4,0.29233040,6.95194479,band_3.pdf
3,model,11,5,0.30372062,6.07282235,band_3.pdf
3,model,11,6,0.31508299,5.11713113,band_3.pdf
3,model,11,7,0.34348892,2.65939275,band_3.pdf
3,model,11,8,0.34919795,2.54299931,band_3.pdf
3,model,11,9,0.37192269,2.55695435,band_3.pdf
3,model,11,10,0.37760388,2.49879475,band_3.pdf
3,model,11,11,0.38328506,2.29548606,band_3.pdf
3,model,11,12,0.38896625,2.12490447,band_3.pdf
3,model,11,13,0.39467528,1.99240968,band_3.pdf
3,model,11,14,0.40035647,1.89813399,band_3.pdf
3,model,11,15,0.40603765,1.84177991,band_3.pdf
3,model,11,16,0.41171884,1.82303764,band_3.pdf
3,model,11,17,0.42876239,1.81604431,band_3.pdf
3,model,11,18,0.44583380,1.79415330,band_3.pdf
3,model,11,19,0.45151498,1.78256606,band_3.pdf
3,model,11,20,0.45719617,1.76130764,band_3.pdf
3,model,11,21,0.46287735,1.64382108,band_3.pdf
3,model,11,22,0.47423972,1.33744252,band_3.pdf
3,model,11,23,0.47992091,1.26522426,band_3.pdf
3,model,11,24,0.49131113,1.23032417,band_3.pdf
3,model,11,25,0.50267350,1.21143432,band_3.pdf
3,model,11,26,0.51403587,1.21424012,band_3.pdf
3,model,11,27,0.52539824,1.24189086,band_3.pdf
3,model,11,28,0.53678846,1.28976720,band_3.pdf
3,model,11,29,0.55951320,1.39868129,band_3.pdf
3,model,11,30,0.57087557,1.43485800,band_3.pdf
3,model,11,31,0.57658460,1.44442767,band_3.pdf
3,model,11,32,0.58922803,1.44518202,band_3.pdf
3,model,11,33,0.60315250,1.43304673,band_3.pdf
3,model,11,34,0.63100145,1.40391793,band_3.pdf
3,model,11,35,0.64492592,1.40927928,band_3.pdf
3,model,11,36,0.65885040,1.43679629,band_3.pdf
3,model,11,37,0.67277487,1.48560929,band_3.pdf
3,model,11,38,0.67973711,1.51699253,band_3.pdf
3,model,11,39,0.69366158,1.61822482,band_3.pdf
3,model,11,40,0.72847276,1.81019292,band_3.pdf
3,model,11,41,0.73543500,2.12586879,band_3.pdf
3,model,11,42,0.74239724,2.80363322,band_3.pdf
3,model,11,43,0.74935947,3.59286171,band_3.pdf
3,model,11,44,0.75632171,4.49286242,band_3.pdf
3,model,11,45,0.76328395,5.49552568,band_3.pdf
3,model,11,46,0.77720842,7.60226033,band_3.pdf
3,model,11,47,0.78417066,8.06803458,band_3.pdf
3,model,11,48,0.79113290,8.10005812,band_3.pdf
3,model,11,49,0.79809513,8.11199102,band_3.pdf
3,model,11,50,0.80505737,8.16607732,band_3.pdf
3,model,11,51,0.81281221,8.28298041,band_3.pdf
3,model,12,0,0.00000000,1.44810205,band_3.pdf
3,model,12,1,0.00804834,1.45440148,band_3.pdf
3,model,12,2,0.01606884,1.47380164,band_3.pdf
3,model,12,3,0.02411719,1.50481174,band_3.pdf
3,model,12,4,0.03216554,1.54549668,band_3.pdf
3,model,12,5,0.04823438,1.64553684,band_3.pdf
3,model,12,6,0.07235157,1.80026704,band_3.pdf
3,model,12,7,0.08842041,1.88584092,band_3.pdf
3,model,12,8,0.10451710,1.96896217,band_3.pdf
3,model,12,9,0.11253760,2.02383422,band_3.pdf
3,model,12,10,0.12058594,2.10132276,band_3.pdf
3,model,12,11,0.12863429,2.21642377,band_3.pdf
3,model,12,12,0.13665478,2.38821081,band_3.pdf
3,model,12,13,0.14470313,2.63913278,band_3.pdf
3,model,12,14,0.15275148,2.99252640,band_3.pdf
3,model,12,15,0.16079982,3.46738650,band_3.pdf
3,model,12,16,0.16882032,4.07164681,band_3.pdf
3,model,12,17,0.17686866,4.79683605,band_3.pdf
3,model,12,18,0.18491701,5.61768608,band_3.pdf
3,model,12,19,0.20903420,8.22686326,band_3.pdf
3,model,12,20,0.20964457,8.28298041,band_3.pdf
3,model,13,0,0.29230013,8.28298041,band_3.pdf
3,model,13,1,0.29233040,8.28113969,band_3.pdf
3,model,13,2,0.30372062,7.50114914,band_3.pdf
3,model,13,3,0.31508299,6.64797975,band_3.pdf
3,model,13,4,0.33780773,4.89500410,band_3.pdf
3,model,13,5,0.34919795,4.07940693,band_3.pdf
3,model,13,6,0.35487914,3.70404808,band_3.pdf
3,model,13,7,0.36056032,3.35605894,band_3.pdf
3,model,13,8,0.36624151,3.03917874,band_3.pdf
3,model,13,9,0.37192269,2.75732114,band_3.pdf
3,model,13,10,0.37760388,2.57078840,band_3.pdf
3,model,13,11,0.38896625,2.56738727,band_3.pdf
3,model,13,12,0.41171884,2.56967465,band_3.pdf
3,model,13,13,0.41740002,2.55485744,band_3.pdf
3,model,13,14,0.42308121,2.51109854,band_3.pdf
3,model,13,15,0.42876239,2.44039276,band_3.pdf
3,model,13,16,0.43444358,2.34580051,band_3.pdf
3,model,13,17,0.44015261,2.23109339,band_3.pdf
3,model,13,18,0.44583380,2.10049442,band_3.pdf
3,model,13,19,0.45719617,1.81679249,band_3.pdf
3,model,13,20,0.46287735,1.76493540,band_3.pdf
3,model,13,21,0.49131113,1.67327924,band_3.pdf
3,model,13,22,0.53678846,1.51563492,band_3.pdf
3,model,13,23,0.55383202,1.47471139,band_3.pdf
3,model,13,24,0.57087557,1.45162002,band_3.pdf
3,model,13,25,0.63100145,1.41738316,band_3.pdf
3,model,13,26,0.64492592,1.42936429,band_3.pdf
3,model,13,27,0.65885040,1.46293342,band_3.pdf
3,model,13,28,0.67277487,1.51646208,band_3.pdf
3,model,13,29,0.67973711,1.54952838,band_3.pdf
3,model,13,30,0.68669934,1.60133411,band_3.pdf
3,model,13,31,0.69366158,1.85009015,band_3.pdf
3,model,13,32,0.70062382,2.15120809,band_3.pdf
3,model,13,33,0.70758605,2.49093343,band_3.pdf
3,model,13,34,0.71454829,2.87644704,band_3.pdf
3,model,13,35,0.72151053,3.31701150,band_3.pdf
3,model,13,36,0.72847276,3.82298894,band_3.pdf
3,model,13,37,0.73543500,4.40506047,band_3.pdf
3,model,13,38,0.74239724,5.07277543,band_3.pdf
3,model,13,39,0.74935947,5.83278038,band_3.pdf
3,model,13,40,0.75632171,6.68553735,band_3.pdf
3,model,13,41,0.76825453,8.28298041,band_3.pdf
4,DFT,0,0,0.00000000,-8.50769996,band_4.pdf
4,DFT,0,1,0.00804834,-8.48509993,band_4.pdf
4,DFT,0,2,0.01606884,-8.41769996,band_4.pdf
4,DFT,0,3,0.02411719,-8.30599997,band_4.pdf
4,DFT,0,4,0.03216554,-8.15109996,band_4.pdf
4,DFT,0,5,0.04018603,-7.95449998,band_4.pdf
4,DFT,0,6,0.04823438,-7.71859997,band_4.pdf
4,DFT,0,7,0.05628272,-7.44629997,band_4.pdf
4,DFT,0,8,0.06430322,-7.14119998,band_4.pdf
4,DFT,0,9,0.07235157,-6.80849996,band_4.pdf
4,DFT,0,10,0.08842041,-6.08909996,band_4.pdf
4,DFT,0,11,0.10451710,-5.36899995,band_4.pdf
4,DFT,0,12,0.11253760,-5.04529994,band_4.pdf
4,DFT,0,13,0.12058594,-4.76800000,band_4.pdf
4,DFT,0,14,0.12863429,-4.55019996,band_4.pdf
4,DFT,0,15,0.13665478,-4.39800000,band_4.pdf
4,DFT,0,16,0.14470313,-4.31039996,band_4.pdf
4,DFT,0,17,0.15275148,-4.27840000,band_4.pdf
4,DFT,0,18,0.16079982,-4.29120000,band_4.pdf
4,DFT,0,19,0.16882032,-4.33699999,band_4.pdf
4,DFT,0,20,0.17686866,-4.40470000,band_4.pdf
4,DFT,0,21,0.20903420,-4.72509995,band_4.pdf
4,DFT,0,22,0.21705470,-4.78769995,band_4.pdf
4,DFT,0,23,0.22510304,-4.83450000,band_4.pdf
4,DFT,0,24,0.23315139,-4.86279997,band_4.pdf
4,DFT,0,25,0.24117188,-4.87239998,band_4.pdf
4,DFT,0,26,0.24685307,-4.86759995,band_4.pdf
4,DFT,0,27,0.25256210,-4.85309995,band_4.pdf
4,DFT,0,28,0.25824329,-4.82979997,band_4.pdf
4,DFT,0,29,0.26392447,-4.79779996,band_4.pdf
4,DFT,0,30,0.27528684,-4.71100000,band_4.pdf
4,DFT,0,31,0.28664922,-4.60159996,band_4.pdf
4,DFT,0,32,0.30372062,-4.42650000,band_4.pdf
4,DFT,0,33,0.30940180,-4.37549999,band_4.pdf
4,DFT,0,34,0.31508299,-4.33359999,band_4.pdf
4,DFT,0,35,0.32076417,-4.30419995,band_4.pdf
4,DFT,0,36,0.32644536,-4.29029996,band_4.pdf
4,DFT,0,37,0.33212655,-4.29419996,band_4.pdf
4,DFT,0,38,0.33780773,-4.31649995,band_4.pdf
4,DFT,0,39,0.34348892,-4.35629997,band_4.pdf
4,DFT,0,40,0.34919795,-4.41089995,band_4.pdf
4,DFT,0,41,0.36056032,-4.55000000,band_4.pdf
4,DFT,0,42,0.37760388,-4.77239999,band_4.pdf
4,DFT,0,43,0.38328506,-4.83679994,band_4.pdf
4,DFT,0,44,0.38896625,-4.89219995,band_4.pdf
4,DFT,0,45,0.39467528,-4.93689995,band_4.pdf
4,DFT,0,46,0.40035647,-4.96969999,band_4.pdf
4,DFT,0,47,0.40603765,-4.98969997,band_4.pdf
4,DFT,0,48,0.41171884,-4.99649998,band_4.pdf
4,DFT,0,49,0.42876239,-5.00049999,band_4.pdf
4,DFT,0,50,0.44015261,-5.01949999,band_4.pdf
4,DFT,0,51,0.44583380,-5.04190000,band_4.pdf
4,DFT,0,52,0.45151498,-5.07849997,band_4.pdf
4,DFT,0,53,0.45719617,-5.13449998,band_4.pdf
4,DFT,0,54,0.46287735,-5.21559998,band_4.pdf
4,DFT,0,55,0.46855854,-5.32609996,band_4.pdf
4,DFT,0,56,0.47423972,-5.46849995,band_4.pdf
4,DFT,0,57,0.47992091,-5.64179995,band_4.pdf
4,DFT,0,58,0.48562994,-5.84139996,band_4.pdf
4,DFT,0,59,0.49699231,-6.29279999,band_4.pdf
4,DFT,0,60,0.51403587,-6.99929999,band_4.pdf
4,DFT,0,61,0.52539824,-7.43189998,band_4.pdf
4,DFT,0,62,0.53110727,-7.62729995,band_4.pdf
4,DFT,0,63,0.53678846,-7.80599994,band_4.pdf
4,DFT,0,64,0.54246965,-7.96649994,band_4.pdf
4,DFT,0,65,0.54815083,-8.10769998,band_4.pdf
4,DFT,0,66,0.55383202,-8.22859994,band_4.pdf
4,DFT,0,67,0.55951320,-8.32839997,band_4.pdf
4,DFT,0,68,0.56519439,-8.40649995,band_4.pdf
4,DFT,0,69,0.57087557,-8.46259998,band_4.pdf
4,DFT,0,70,0.57658460,-8.49639994,band_4.pdf
4,DFT,0,71,0.58226579,-8.50769996,band_4.pdf
4,DFT,0,72,0.58922803,-8.49079994,band_4.pdf
4,DFT,0,73,0.59619027,-8.44019997,band_4.pdf
4,DFT,0,74,0.60315250,-8.35619996,band_4.pdf
4,DFT,0,75,0.61011474,-8.23969993,band_4.pdf
4,DFT,0,76,0.61707697,-8.09119995,band_4.pdf
4,DFT,0,77,0.62403921,-7.91229995,band_4.pdf
4,DFT,0,78,0.63100145,-7.70439995,band_4.pdf
4,DFT,0,79,0.63796368,-7.46929997,band_4.pdf
4,DFT,0,80,0.64492592,-7.20929997,band_4.pdf
4,DFT,0,81,0.65188816,-6.92699996,band_4.pdf
4,DFT,0,82,0.66581263,-6.30779998,band_4.pdf
4,DFT,0,83,0.70062382,-4.65649997,band_4.pdf
4,DFT,0,84,0.70758605,-4.35619996,band_4.pdf
4,DFT,0,85,0.71454829,-4.08149999,band_4.pdf
4,DFT,0,86,0.72151053,-3.83809996,band_4.pdf
4,DFT,0,87,0.72847276,-3.63170001,band_4.pdf
4,DFT,0,88,0.73543500,-3.53100000,band_4.pdf
4,DFT,0,89,0.74239724,-3.53839995,band_4.pdf
4,DFT,0,90,0.74935947,-3.53739996,band_4.pdf
4,DFT,0,91,0.75632171,-3.52859998,band_4.pdf
4,DFT,0,92,0.76328395,-3.51189999,band_4.pdf
4,DFT,0,93,0.77720842,-3.45809997,band_4.pdf
4,DFT,0,94,0.79113290,-3.38910001,band_4.pdf
4,DFT,0,95,0.79809513,-3.46379998,band_4.pdf
4,DFT,0,96,0.81201961,-3.63589998,band_4.pdf
4,DFT,0,97,0.81898184,-3.71349997,band_4.pdf
4,DFT,0,98,0.82594408,-3.77920000,band_4.pdf
4,DFT,0,99,0.83290632,-3.82909996,band_4.pdf
4,DFT,0,100,0.83986855,-3.85979995,band_4.pdf
4,DFT,0,101,0.84683079,-3.86860000,band_4.pdf
4,DFT,0,102,0.85379303,-3.85329997,band_4.pdf
4,DFT,0,103,0.86075526,-3.81229995,band_4.pdf
4,DFT,0,104,0.86771750,-3.74449999,band_4.pdf
4,DFT,0,105,0.87467974,-3.64969996,band_4.pdf
4,DFT,0,106,0.88164197,-3.52930000,band_4.pdf
4,DFT,0,107,0.88860421,-3.55589997,band_4.pdf
4,DFT,0,108,0.90252868,-3.76889997,band_4.pdf
4,DFT,0,109,0.93733987,-4.34079998,band_4.pdf
4,DFT,0,110,0.95126434,-4.53819999,band_4.pdf
4,DFT,0,111,0.95822658,-4.62309998,band_4.pdf
4,DFT,0,112,0.96518881,-4.69709995,band_4.pdf
4,DFT,0,113,0.97215105,-4.75899999,band_4.pdf
4,DFT,0,114,0.97911329,-4.80809998,band_4.pdf
4,DFT,0,115,0.98607553,-4.84369996,band_4.pdf
4,DFT,0,116,0.99303776,-4.86519999,band_4.pdf
4,DFT,0,117,1.00000000,-4.87239998,band_4.pdf
4,DFT,1,0,0.00000000,-8.35509996,band_4.pdf
4,DFT,1,1,0.00804834,-8.33239998,band_4.pdf
4,DFT,1,2,0.01606884,-8.26459996,band_4.pdf
4,DFT,1,3,0.02411719,-8.15209995,band_4.pdf
4,DFT,1,4,0.03216554,-7.99589998,band_4.pdf
4,DFT,1,5,0.04018603,-7.79719995,band_4.pdf
4,DFT,1,6,0.04823438,-7.55779994,band_4.pdf
4,DFT,1,7,0.05628272,-7.27999994,band_4.pdf
4,DFT,1,8,0.06430322,-6.96649994,band_4.pdf
4,DFT,1,9,0.07235157,-6.62059996,band_4.pdf
4,DFT,1,10,0.08039991,-6.24689998,band_4.pdf
4,DFT,1,11,0.09646875,-5.43839996,band_4.pdf
4,DFT,1,12,0.11253760,-4.60179998,band_4.pdf
4,DFT,1,13,0.12058594,-4.20029996,band_4.pdf
4,DFT,1,14,0.12863429,-3.82809997,band_4.pdf
4,DFT,1,15,0.13665478,-3.49959999,band_4.pdf
4,DFT,1,16,0.14470313,-3.65889999,band_4.pdf
4,DFT,1,17,0.16079982,-3.99819999,band_4.pdf
4,DFT,1,18,0.16882032,-4.15329996,band_4.pdf
4,DFT,1,19,0.17686866,-4.29639996,band_4.pdf
4,DFT,1,20,0.18491701,-4.42609996,band_4.pdf
4,DFT,1,21,0.19293751,-4.54110000,band_4.pdf
4,DFT,1,22,0.20098585,-4.64029997,band_4.pdf
4,DFT,1,23,0.20903420,-4.72269999,band_4.pdf
4,DFT,1,24,0.21705470,-4.78700000,band_4.pdf
4,DFT,1,25,0.22510304,-4.83359996,band_4.pdf
4,DFT,1,26,0.23315139,-4.86239999,band_4.pdf
4,DFT,1,27,0.24117188,-4.87199994,band_4.pdf
4,DFT,1,28,0.24685307,-4.86719997,band_4.pdf
4,DFT,1,29,0.25256210,-4.85289999,band_4.pdf
4,DFT,1,30,0.25824329,-4.82859996,band_4.pdf
4,DFT,1,31,0.26392447,-4.79459997,band_4.pdf
4,DFT,1,32,0.26960566,-4.75079995,band_4.pdf
4,DFT,1,33,0.27528684,-4.69739998,band_4.pdf
4,DFT,1,34,0.28096803,-4.63419998,band_4.pdf
4,DFT,1,35,0.28664922,-4.56120000,band_4.pdf
4,DFT,1,36,0.29233040,-4.47859995,band_4.pdf
4,DFT,1,37,0.29801159,-4.38629995,band_4.pdf
4,DFT,1,38,0.30372062,-4.28429998,band_4.pdf
4,DFT,1,39,0.30940180,-4.17270000,band_4.pdf
4,DFT,1,40,0.32076417,-3.92089997,band_4.pdf
4,DFT,1,41,0.33212655,-3.63129996,band_4.pdf
4,DFT,1,42,0.34348892,-3.30520000,band_4.pdf
4,DFT,1,43,0.35487914,-2.94399999,band_4.pdf
4,DFT,1,44,0.36056032,-3.03920001,band_4.pdf
4,DFT,1,45,0.37192269,-3.25089999,band_4.pdf
4,DFT,1,46,0.37760388,-3.34550001,band_4.pdf
4,DFT,1,47,0.38328506,-3.42930000,band_4.pdf
4,DFT,1,48,0.38896625,-3.50019999,band_4.pdf
4,DFT,1,49,0.39467528,-3.55680001,band_4.pdf
4,DFT,1,50,0.40035647,-3.59799999,band_4.pdf
4,DFT,1,51,0.40603765,-3.62289996,band_4.pdf
4,DFT,1,52,0.41740002,-3.63879999,band_4.pdf
4,DFT,1,53,0.42308121,-3.66199996,band_4.pdf
4,DFT,1,54,0.42876239,-3.70289997,band_4.pdf
4,DFT,1,55,0.43444358,-3.76429996,band_4.pdf
4,DFT,1,56,0.44015261,-3.84969995,band_4.pdf
4,DFT,1,57,0.44583380,-3.96289998,band_4.pdf
4,DFT,1,58,0.45151498,-4.10620000,band_4.pdf
4,DFT,1,59,0.45719617,-4.28039998,band_4.pdf
4,DFT,1,60,0.46287735,-4.48379997,band_4.pdf
4,DFT,1,61,0.46855854,-4.71259999,band_4.pdf
4,DFT,1,62,0.47992091,-5.22439997,band_4.pdf
4,DFT,1,63,0.50835468,-6.56629995,band_4.pdf
4,DFT,1,64,0.51971705,-7.04569999,band_4.pdf
4,DFT,1,65,0.52539824,-7.26319993,band_4.pdf
4,DFT,1,66,0.53110727,-7.46369997,band_4.pdf
4,DFT,1,67,0.53678846,-7.64599998,band_4.pdf
4,DFT,1,68,0.54246965,-7.80899996,band_4.pdf
4,DFT,1,69,0.54815083,-7.95199995,band_4.pdf
4,DFT,1,70,0.55383202,-8.07399996,band_4.pdf
4,DFT,1,71,0.55951320,-8.17459996,band_4.pdf
4,DFT,1,72,0.56519439,-8.25329995,band_4.pdf
4,DFT,1,73,0.57087557,-8.30979995,band_4.pdf
4,DFT,1,74,0.57658460,-8.34379994,band_4.pdf
4,DFT,1,75,0.58226579,-8.35509996,band_4.pdf
4,DFT,1,76,0.58922803,-8.33809993,band_4.pdf
4,DFT,1,77,0.59619027,-8.28719993,band_4.pdf
4,DFT,1,78,0.60315250,-8.20269998,band_4.pdf
4,DFT,1,79,0.61011474,-8.08519997,band_4.pdf
4,DFT,1,80,0.61707697,-7.93539997,band_4.pdf
4,DFT,1,81,0.62403921,-7.75429997,band_4.pdf
4,DFT,1,82,0.63100145,-7.54319993,band_4.pdf
4,DFT,1,83,0.63796368,-7.30359995,band_4.pdf
4,DFT,1,84,0.64492592,-7.03709996,band_4.pdf
4,DFT,1,85,0.65188816,-6.74559993,band_4.pdf
4,DFT,1,86,0.65885040,-6.43139999,band_4.pdf
4,DFT,1,87,0.67277487,-5.74579995,band_4.pdf
4,DFT,1,88,0.68669934,-5.00589997,band_4.pdf
4,DFT,1,89,0.70758605,-3.87119997,band_4.pdf
4,DFT,1,90,0.71454829,-3.50980000,band_4.pdf
4,DFT,1,91,0.72151053,-3.48439998,band_4.pdf
4,DFT,1,92,0.72847276,-3.51169997,band_4.pdf
4,DFT,1,93,0.73543500,-3.52880000,band_4.pdf
4,DFT,1,94,0.74239724,-3.53749998,band_4.pdf
4,DFT,1,95,0.74935947,-3.53720000,band_4.pdf
4,DFT,1,96,0.75632171,-3.52719995,band_4.pdf
4,DFT,1,97,0.76328395,-3.50879996,band_4.pdf
4,DFT,1,98,0.77720842,-3.45099999,band_4.pdf
4,DFT,1,99,0.81201961,-3.26869998,band_4.pdf
4,DFT,1,100,0.81898184,-3.23629998,band_4.pdf
4,DFT,1,101,0.82594408,-3.21080001,band_4.pdf
4,DFT,1,102,0.83290632,-3.19450000,band_4.pdf
4,DFT,1,103,0.83986855,-3.18939999,band_4.pdf
4,DFT,1,104,0.84683079,-3.19749996,band_4.pdf
4,DFT,1,105,0.85379303,-3.21999998,band_4.pdf
4,DFT,1,106,0.86075526,-3.25799997,band_4.pdf
4,DFT,1,107,0.86771750,-3.31140001,band_4.pdf
4,DFT,1,108,0.87467974,-3.37950000,band_4.pdf
4,DFT,1,109,0.88860421,-3.53389995,band_4.pdf
4,DFT,1,110,0.90252868,-3.75329998,band_4.pdf
4,DFT,1,111,0.93733987,-4.33599995,band_4.pdf
4,DFT,1,112,0.94430211,-4.43999995,band_4.pdf
4,DFT,1,113,0.95126434,-4.53559995,band_4.pdf
4,DFT,1,114,0.95822658,-4.62129997,band_4.pdf
4,DFT,1,115,0.96518881,-4.69579999,band_4.pdf
4,DFT,1,116,0.97215105,-4.75819997,band_4.pdf
4,DFT,1,117,0.97911329,-4.80749998,band_4.pdf
4,DFT,1,118,0.98607553,-4.84319997,band_4.pdf
4,DFT,1,119,0.99303776,-4.86479995,band_4.pdf
4,DFT,1,120,1.00000000,-4.87199994,band_4.pdf
4,DFT,2,0,0.00000000,-2.53119996,band_4.pdf
4,DFT,2,1,0.01606884,-2.52199999,band_4.pdf
4,DFT,2,2,0.05628272,-2.48559998,band_4.pdf
4,DFT,2,3,0.06430322,-2.46929997,band_4.pdf
4,DFT,2,4,0.07235157,-2.44599999,band_4.pdf
4,DFT,2,5,0.08039991,-2.41519999,band_4.pdf
4,DFT,2,6,0.08842041,-2.39800000,band_4.pdf
4,DFT,2,7,0.09646875,-2.54969997,band_4.pdf
4,DFT,2,8,0.11253760,-2.91680001,band_4.pdf
4,DFT,2,9,0.13665478,-3.47819997,band_4.pdf
4,DFT,2,10,0.14470313,-3.22810000,band_4.pdf
4,DFT,2,11,0.15275148,-3.02049998,band_4.pdf
4,DFT,2,12,0.16079982,-2.87829996,band_4.pdf
4,DFT,2,13,0.16882032,-2.79579998,band_4.pdf
4,DFT,2,14,0.17686866,-2.76240000,band_4.pdf
4,DFT,2,15,0.18491701,-2.76559998,band_4.pdf
4,DFT,2,16,0.19293751,-2.79359999,band_4.pdf
4,DFT,2,17,0.22510304,-2.95810000,band_4.pdf
4,DFT,2,18,0.23315139,-2.98029999,band_4.pdf
4,DFT,2,19,0.24117188,-2.98830000,band_4.pdf
4,DFT,2,20,0.24685307,-2.98339996,band_4.pdf
4,DFT,2,21,0.25256210,-2.97049995,band_4.pdf
4,DFT,2,22,0.25824329,-2.94889998,band_4.pdf
4,DFT,2,23,0.26392447,-2.91859996,band_4.pdf
4,DFT,2,24,0.26960566,-2.87969999,band_4.pdf
4,DFT,2,25,0.27528684,-2.83219999,band_4.pdf
4,DFT,2,26,0.28096803,-2.77590001,band_4.pdf
4,DFT,2,27,0.29233040,-2.64400001,band_4.pdf
4,DFT,2,28,0.29801159,-2.58949998,band_4.pdf
4,DFT,2,29,0.30372062,-2.54259998,band_4.pdf
4,DFT,2,30,0.30940180,-2.50760001,band_4.pdf
4,DFT,2,31,0.31508299,-2.48899999,band_4.pdf
4,DFT,2,32,0.32076417,-2.49080000,band_4.pdf
4,DFT,2,33,0.32644536,-2.51540000,band_4.pdf
4,DFT,2,34,0.33212655,-2.56350001,band_4.pdf
4,DFT,2,35,0.33780773,-2.63309998,band_4.pdf
4,DFT,2,36,0.34348892,-2.72069996,band_4.pdf
4,DFT,2,37,0.35487914,-2.92879998,band_4.pdf
4,DFT,2,38,0.36056032,-2.98959996,band_4.pdf
4,DFT,2,39,0.36624151,-3.09959995,band_4.pdf
4,DFT,2,40,0.37192269,-3.19790000,band_4.pdf
4,DFT,2,41,0.37760388,-3.28400000,band_4.pdf
4,DFT,2,42,0.38328506,-3.35759998,band_4.pdf
4,DFT,2,43,0.38896625,-3.41829996,band_4.pdf
4,DFT,2,44,0.39467528,-3.46579996,band_4.pdf
4,DFT,2,45,0.40035647,-3.49979995,band_4.pdf
4,DFT,2,46,0.40603765,-3.52029999,band_4.pdf
4,DFT,2,47,0.41171884,-3.52719995,band_4.pdf
4,DFT,2,48,0.42308121,-3.51669996,band_4.pdf
4,DFT,2,49,0.43444358,-3.48570000,band_4.pdf
4,DFT,2,50,0.44583380,-3.43519997,band_4.pdf
4,DFT,2,51,0.45719617,-3.36709998,band_4.pdf
4,DFT,2,52,0.46855854,-3.28389999,band_4.pdf
4,DFT,2,53,0.48562994,-3.13799999,band_4.pdf
4,DFT,2,54,0.53110727,-2.72629996,band_4.pdf
4,DFT,2,55,0.54246965,-2.64369998,band_4.pdf
4,DFT,2,56,0.55383202,-2.57899999,band_4.pdf
4,DFT,2,57,0.55951320,-2.55510000,band_4.pdf
4,DFT,2,58,0.56519439,-2.53830000,band_4.pdf
4,DFT,2,59,0.57087557,-2.53039999,band_4.pdf
4,DFT,2,60,0.59619027,-2.53539999,band_4.pdf
4,DFT,2,61,0.60315250,-2.54869998,band_4.pdf
4,DFT,2,62,0.61011474,-2.56989997,band_4.pdf
4,DFT,2,63,0.61707697,-2.59879996,band_4.pdf
4,DFT,2,64,0.62403921,-2.63569996,band_4.pdf
4,DFT,2,65,0.63100145,-2.68080000,band_4.pdf
4,DFT,2,66,0.63796368,-2.73379999,band_4.pdf
4,DFT,2,67,0.65188816,-2.85999997,band_4.pdf
4,DFT,2,68,0.67277487,-3.07770000,band_4.pdf
4,DFT,2,69,0.68669934,-3.22179999,band_4.pdf
4,DFT,2,70,0.70062382,-3.34899996,band_4.pdf
4,DFT,2,71,0.70758605,-3.40239999,band_4.pdf
4,DFT,2,72,0.71454829,-3.44739996,band_4.pdf
4,DFT,2,73,0.72151053,-3.48159998,band_4.pdf
4,DFT,2,74,0.72847276,-3.50889997,band_4.pdf
4,DFT,2,75,0.73543500,-3.46079996,band_4.pdf
4,DFT,2,76,0.74239724,-3.33449997,band_4.pdf
4,DFT,2,77,0.74935947,-3.24710000,band_4.pdf
4,DFT,2,78,0.75632171,-3.19779999,band_4.pdf
4,DFT,2,79,0.76328395,-3.18319998,band_4.pdf
4,DFT,2,80,0.77024618,-3.19900000,band_4.pdf
4,DFT,2,81,0.77720842,-3.24019998,band_4.pdf
4,DFT,2,82,0.79113290,-3.36759998,band_4.pdf
4,DFT,2,83,0.82594408,-3.18209999,band_4.pdf
4,DFT,2,84,0.83290632,-3.16320000,band_4.pdf
4,DFT,2,85,0.83986855,-3.15619997,band_4.pdf
4,DFT,2,86,0.84683079,-3.16330001,band_4.pdf
4,DFT,2,87,0.85379303,-3.18589997,band_4.pdf
4,DFT,2,88,0.86075526,-3.22489996,band_4.pdf
4,DFT,2,89,0.86771750,-3.28029997,band_4.pdf
4,DFT,2,90,0.87467974,-3.35110001,band_4.pdf
4,DFT,2,91,0.88164197,-3.43540000,band_4.pdf
4,DFT,2,92,0.88860421,-3.37709998,band_4.pdf
4,DFT,2,93,0.89556645,-3.20389999,band_4.pdf
4,DFT,2,94,0.90252868,-3.00659999,band_4.pdf
4,DFT,2,95,0.90949092,-2.78829996,band_4.pdf
4,DFT,2,96,0.92341540,-2.31200001,band_4.pdf
4,DFT,2,97,0.93037763,-2.37199997,band_4.pdf
4,DFT,2,98,0.94430211,-2.57020001,band_4.pdf
4,DFT,2,99,0.95126434,-2.66080001,band_4.pdf
4,DFT,2,100,0.95822658,-2.74290000,band_4.pdf
4,DFT,2,101,0.96518881,-2.81519996,band_4.pdf
4,DFT,2,102,0.97215105,-2.87609996,band_4.pdf
4,DFT,2,103,0.97911329,-2.92460001,band_4.pdf
4,DFT,2,104,0.98607553,-2.95980000,band_4.pdf
4,DFT,2,105,0.99303776,-2.98119996,band_4.pdf
4,DFT,2,106,1.00000000,-2.98830000,band_4.pdf
4,DFT,3,0,0.00000000,-2.50489996,band_4.pdf
4,DFT,3,1,0.04018603,-2.50189999,band_4.pdf
4,DFT,3,2,0.05628272,-2.48549997,band_4.pdf
4,DFT,3,3,0.06430322,-2.46859996,band_4.pdf
4,DFT,3,4,0.07235157,-2.44429999,band_4.pdf
4,DFT,3,5,0.08039991,-2.41140000,band_4.pdf
4,DFT,3,6,0.08842041,-2.36850001,band_4.pdf
4,DFT,3,7,0.09646875,-2.31439997,band_4.pdf
4,DFT,3,8,0.10451710,-2.24820000,band_4.pdf
4,DFT,3,9,0.11253760,-2.16899996,band_4.pdf
4,DFT,3,10,0.12058594,-2.07649999,band_4.pdf
4,DFT,3,11,0.12863429,-1.97050001,band_4.pdf
4,DFT,3,12,0.13665478,-1.85149996,band_4.pdf
4,DFT,3,13,0.14470313,-1.72129996,band_4.pdf
4,DFT,3,14,0.15275148,-1.71809998,band_4.pdf
4,DFT,3,15,0.16882032,-2.11049998,band_4.pdf
4,DFT,3,16,0.17686866,-2.28649997,band_4.pdf
4,DFT,3,17,0.18491701,-2.44550000,band_4.pdf
4,DFT,3,18,0.19293751,-2.58599996,band_4.pdf
4,DFT,3,19,0.20098585,-2.70689998,band_4.pdf
4,DFT,3,20,0.20903420,-2.80709999,band_4.pdf
4,DFT,3,21,0.21705470,-2.88589999,band_4.pdf
4,DFT,3,22,0.22510304,-2.94259996,band_4.pdf
4,DFT,3,23,0.23315139,-2.97669996,band_4.pdf
4,DFT,3,24,0.24117188,-2.98770000,band_4.pdf
4,DFT,3,25,0.24685307,-2.98309999,band_4.pdf
4,DFT,3,26,0.25256210,-2.96749999,band_4.pdf
4,DFT,3,27,0.25824329,-2.94199995,band_4.pdf
4,DFT,3,28,0.26392447,-2.90720000,band_4.pdf
4,DFT,3,29,0.27528684,-2.81440000,band_4.pdf
4,DFT,3,30,0.28664922,-2.70160001,band_4.pdf
4,DFT,3,31,0.29233040,-2.63679995,band_4.pdf
4,DFT,3,32,0.29801159,-2.55439999,band_4.pdf
4,DFT,3,33,0.30372062,-2.46309997,band_4.pdf
4,DFT,3,34,0.31508299,-2.25430000,band_4.pdf
4,DFT,3,35,0.32076417,-2.13760001,band_4.pdf
4,DFT,3,36,0.32644536,-2.13030001,band_4.pdf
4,DFT,3,37,0.33780773,-2.44849996,band_4.pdf
4,DFT,3,38,0.34919795,-2.73780000,band_4.pdf
4,DFT,3,39,0.35487914,-2.86879996,band_4.pdf
4,DFT,3,40,0.36056032,-2.75109998,band_4.pdf
4,DFT,3,41,0.37192269,-2.34459997,band_4.pdf
4,DFT,3,42,0.38896625,-1.70990000,band_4.pdf
4,DFT,3,43,0.39467528,-1.57300001,band_4.pdf
4,DFT,3,44,0.40603765,-1.61789997,band_4.pdf
4,DFT,3,45,0.41171884,-1.62479999,band_4.pdf
4,DFT,3,46,0.42308121,-1.61289997,band_4.pdf
4,DFT,3,47,0.43444358,-1.57829998,band_4.pdf
4,DFT,3,48,0.44583380,-1.52890001,band_4.pdf
4,DFT,3,49,0.45151498,-1.55219999,band_4.pdf
4,DFT,3,50,0.45719617,-1.73740001,band_4.pdf
4,DFT,3,51,0.46287735,-1.95889997,band_4.pdf
4,DFT,3,52,0.46855854,-2.16160001,band_4.pdf
4,DFT,3,53,0.47423972,-2.32810000,band_4.pdf
4,DFT,3,54,0.47992091,-2.45400001,band_4.pdf
4,DFT,3,55,0.48562994,-2.54089998,band_4.pdf
4,DFT,3,56,0.49131113,-2.59399998,band_4.pdf
4,DFT,3,57,0.49699231,-2.62039999,band_4.pdf
4,DFT,3,58,0.50267350,-2.62709999,band_4.pdf
4,DFT,3,59,0.50835468,-2.62039999,band_4.pdf
4,DFT,3,60,0.51971705,-2.58729998,band_4.pdf
4,DFT,3,61,0.53678846,-2.53649999,band_4.pdf
4,DFT,3,62,0.54815083,-2.51699999,band_4.pdf
4,DFT,3,63,0.56519439,-2.50629999,band_4.pdf
4,DFT,3,64,0.59619027,-2.50559997,band_4.pdf
4,DFT,3,65,0.60315250,-2.51899997,band_4.pdf
4,DFT,3,66,0.61011474,-2.54199998,band_4.pdf
4,DFT,3,67,0.61707697,-2.57369996,band_4.pdf
4,DFT,3,68,0.62403921,-2.61380001,band_4.pdf
4,DFT,3,69,0.63100145,-2.66229999,band_4.pdf
4,DFT,3,70,0.64492592,-2.78210001,band_4.pdf
4,DFT,3,71,0.65885040,-2.92439999,band_4.pdf
4,DFT,3,72,0.68669934,-3.22069999,band_4.pdf
4,DFT,3,73,0.70062382,-3.34669996,band_4.pdf
4,DFT,3,74,0.70758605,-3.39979996,band_4.pdf
4,DFT,3,75,0.71454829,-3.44500001,band_4.pdf
4,DFT,3,76,0.72151053,-3.16699999,band_4.pdf
4,DFT,3,77,0.72847276,-2.85199995,band_4.pdf
4,DFT,3,78,0.73543500,-2.57089996,band_4.pdf
4,DFT,3,79,0.74239724,-2.32949997,band_4.pdf
4,DFT,3,80,0.74935947,-2.13250000,band_4.pdf
4,DFT,3,81,0.75632171,-1.98210000,band_4.pdf
4,DFT,3,82,0.76328395,-1.88619997,band_4.pdf
4,DFT,3,83,0.77024618,-1.88479999,band_4.pdf
4,DFT,3,84,0.78417066,-1.86229998,band_4.pdf
4,DFT,3,85,0.79113290,-1.84420002,band_4.pdf
4,DFT,3,86,0.79809513,-1.89359998,band_4.pdf
4,DFT,3,87,0.82594408,-2.14210001,band_4.pdf
4,DFT,3,88,0.83290632,-2.18209999,band_4.pdf
4,DFT,3,89,0.83986855,-2.20329998,band_4.pdf
4,DFT,3,90,0.84683079,-2.20209997,band_4.pdf
4,DFT,3,91,0.85379303,-2.17569996,band_4.pdf
4,DFT,3,92,0.86075526,-2.12200002,band_4.pdf
4,DFT,3,93,0.86771750,-2.03939997,band_4.pdf
4,DFT,3,94,0.87467974,-1.92719999,band_4.pdf
4,DFT,3,95,0.88164197,-1.78629998,band_4.pdf
4,DFT,3,96,0.88860421,-1.81440000,band_4.pdf
4,DFT,3,97,0.89556645,-1.88789997,band_4.pdf
4,DFT,3,98,0.90252868,-1.97260000,band_4.pdf
4,DFT,3,99,0.91645316,-2.16529998,band_4.pdf
4,DFT,3,100,0.94430211,-2.56860001,band_4.pdf
4,DFT,3,101,0.95126434,-2.65960000,band_4.pdf
4,DFT,3,102,0.95822658,-2.74199997,band_4.pdf
4,DFT,3,103,0.96518881,-2.81440000,band_4.pdf
4,DFT,3,104,0.97215105,-2.87540001,band_4.pdf
4,DFT,3,105,0.97911329,-2.92389999,band_4.pdf
4,DFT,3,106,0.98607553,-2.95920000,band_4.pdf
4,DFT,3,107,0.99303776,-2.98059996,band_4.pdf
4,DFT,3,108,1.00000000,-2.98770000,band_4.pdf
4,DFT,4,0,0.00000000,-2.47249996,band_4.pdf
4,DFT,4,1,0.00804834,-2.46939999,band_4.pdf
4,DFT,4,2,0.01606884,-2.45829999,band_4.pdf
4,DFT,4,3,0.02411719,-2.43509996,band_4.pdf
4,DFT,4,4,0.03216554,-2.39800000,band_4.pdf
4,DFT,4,5,0.04018603,-2.34789996,band_4.pdf
4,DFT,4,6,0.04823438,-2.28620000,band_4.pdf
4,DFT,4,7,0.05628272,-2.21379997,band_4.pdf
4,DFT,4,8,0.06430322,-2.13169998,band_4.pdf
4,DFT,4,9,0.07235157,-2.04099996,band_4.pdf
4,DFT,4,10,0.08039991,-2.19690002,band_4.pdf
4,DFT,4,11,0.08842041,-2.33999996,band_4.pdf
4,DFT,4,12,0.09646875,-2.31080000,band_4.pdf
4,DFT,4,13,0.10451710,-2.24639999,band_4.pdf
4,DFT,4,14,0.11253760,-2.16759999,band_4.pdf
4,DFT,4,15,0.12058594,-2.07509996,band_4.pdf
4,DFT,4,16,0.12863429,-1.96880001,band_4.pdf
4,DFT,4,17,0.13665478,-1.84920001,band_4.pdf
4,DFT,4,18,0.14470313,-1.71699998,band_4.pdf
4,DFT,4,19,0.15275148,-1.57329998,band_4.pdf
4,DFT,4,20,0.16882032,-1.25950001,band_4.pdf
4,DFT,4,21,0.19293751,-0.76829997,band_4.pdf
4,DFT,4,22,0.20098585,-0.61689998,band_4.pdf
4,DFT,4,23,0.20903420,-0.48169999,band_4.pdf
4,DFT,4,24,0.21705470,-0.37000000,band_4.pdf
4,DFT,4,25,0.22510304,-0.28989998,band_4.pdf
4,DFT,4,26,0.23315139,-0.24579998,band_4.pdf
4,DFT,4,27,0.24117188,-0.23260001,band_4.pdf
4,DFT,4,28,0.24685307,-0.23969999,band_4.pdf
4,DFT,4,29,0.25256210,-0.26749997,band_4.pdf
4,DFT,4,30,0.25824329,-0.32469999,band_4.pdf
4,DFT,4,31,0.26392447,-0.40899998,band_4.pdf
4,DFT,4,32,0.26960566,-0.51579999,band_4.pdf
4,DFT,4,33,0.27528684,-0.64130002,band_4.pdf
4,DFT,4,34,0.28096803,-0.78220002,band_4.pdf
4,DFT,4,35,0.29233040,-1.09740001,band_4.pdf
4,DFT,4,36,0.30940180,-1.61339996,band_4.pdf
4,DFT,4,37,0.32076417,-1.95860000,band_4.pdf
4,DFT,4,38,0.32644536,-2.00790001,band_4.pdf
4,DFT,4,39,0.33780773,-1.73149998,band_4.pdf
4,DFT,4,40,0.34348892,-1.65049998,band_4.pdf
4,DFT,4,41,0.34919795,-1.64319998,band_4.pdf
4,DFT,4,42,0.35487914,-1.61930000,band_4.pdf
4,DFT,4,43,0.36056032,-1.58300000,band_4.pdf
4,DFT,4,44,0.37760388,-1.45749997,band_4.pdf
4,DFT,4,45,0.38328506,-1.46390000,band_4.pdf
4,DFT,4,46,0.38896625,-1.50829996,band_4.pdf
4,DFT,4,47,0.39467528,-1.48800000,band_4.pdf
4,DFT,4,48,0.40035647,-1.32619997,band_4.pdf
4,DFT,4,49,0.40603765,-1.26440000,band_4.pdf
4,DFT,4,50,0.41171884,-1.25579998,band_4.pdf
4,DFT,4,51,0.42308121,-1.26529998,band_4.pdf
4,DFT,4,52,0.42876239,-1.27800002,band_4.pdf
4,DFT,4,53,0.43444358,-1.29779999,band_4.pdf
4,DFT,4,54,0.44015261,-1.32899998,band_4.pdf
4,DFT,4,55,0.44583380,-1.38420002,band_4.pdf
4,DFT,4,56,0.45151498,-1.45419997,band_4.pdf
4,DFT,4,57,0.45719617,-1.43809999,band_4.pdf
4,DFT,4,58,0.46287735,-1.40899998,band_4.pdf
4,DFT,4,59,0.46855854,-1.39499998,band_4.pdf
4,DFT,4,60,0.47423972,-1.40320002,band_4.pdf
4,DFT,4,61,0.50267350,-1.49080000,band_4.pdf
4,DFT,4,62,0.50835468,-1.59409999,band_4.pdf
4,DFT,4,63,0.51971705,-1.83149997,band_4.pdf
4,DFT,4,64,0.53110727,-2.04140000,band_4.pdf
4,DFT,4,65,0.53678846,-2.13379996,band_4.pdf
4,DFT,4,66,0.54246965,-2.21679999,band_4.pdf
4,DFT,4,67,0.54815083,-2.28960001,band_4.pdf
4,DFT,4,68,0.55383202,-2.35160000,band_4.pdf
4,DFT,4,69,0.55951320,-2.40190000,band_4.pdf
4,DFT,4,70,0.56519439,-2.43909997,band_4.pdf
4,DFT,4,71,0.57087557,-2.46170000,band_4.pdf
4,DFT,4,72,0.57658460,-2.47070000,band_4.pdf
4,DFT,4,73,0.58922803,-2.46999999,band_4.pdf
4,DFT,4,74,0.59619027,-2.45099999,band_4.pdf
4,DFT,4,75,0.60315250,-2.40470000,band_4.pdf
4,DFT,4,76,0.61011474,-2.33490001,band_4.pdf
4,DFT,4,77,0.61707697,-2.24380001,band_4.pdf
4,DFT,4,78,0.62403921,-2.13250000,band_4.pdf
4,DFT,4,79,0.63100145,-2.00159999,band_4.pdf
4,DFT,4,80,0.63796368,-1.85140001,band_4.pdf
4,DFT,4,81,0.64492592,-1.68279997,band_4.pdf
4,DFT,4,82,0.65188816,-1.49860000,band_4.pdf
4,DFT,4,83,0.65885040,-1.38180000,band_4.pdf
4,DFT,4,84,0.67973711,-1.34959997,band_4.pdf
4,DFT,4,85,0.68669934,-1.35929999,band_4.pdf
4,DFT,4,86,0.69366158,-1.41289998,band_4.pdf
4,DFT,4,87,0.71454829,-1.63489999,band_4.pdf
4,DFT,4,88,0.72151053,-1.69809999,band_4.pdf
4,DFT,4,89,0.72847276,-1.75269998,band_4.pdf
4,DFT,4,90,0.73543500,-1.79809999,band_4.pdf
4,DFT,4,91,0.74239724,-1.83379998,band_4.pdf
4,DFT,4,92,0.74935947,-1.85999997,band_4.pdf
4,DFT,4,93,0.75632171,-1.87679998,band_4.pdf
4,DFT,4,94,0.77024618,-1.88220002,band_4.pdf
4,DFT,4,95,0.77720842,-1.87389996,band_4.pdf
4,DFT,4,96,0.79113290,-1.83809996,band_4.pdf
4,DFT,4,97,0.79809513,-1.81749997,band_4.pdf
4,DFT,4,98,0.83290632,-1.67920001,band_4.pdf
4,DFT,4,99,0.83986855,-1.65979996,band_4.pdf
4,DFT,4,100,0.84683079,-1.64769998,band_4.pdf
4,DFT,4,101,0.85379303,-1.64439999,band_4.pdf
4,DFT,4,102,0.86075526,-1.65219999,band_4.pdf
4,DFT,4,103,0.86771750,-1.67219997,band_4.pdf
4,DFT,4,104,0.87467974,-1.70559996,band_4.pdf
4,DFT,4,105,0.88860421,-1.80249998,band_4.pdf
4,DFT,4,106,0.89556645,-1.87749999,band_4.pdf
4,DFT,4,107,0.90252868,-1.96359999,band_4.pdf
4,DFT,4,108,0.92341540,-2.25179997,band_4.pdf
4,DFT,4,109,0.93037763,-2.03640001,band_4.pdf
4,DFT,4,110,0.95126434,-1.24660001,band_4.pdf
4,DFT,4,111,0.95822658,-1.00149998,band_4.pdf
4,DFT,4,112,0.96518881,-0.77750000,band_4.pdf
4,DFT,4,113,0.97215105,-0.58190000,band_4.pdf
4,DFT,4,114,0.97911329,-0.42229997,band_4.pdf
4,DFT,4,115,0.98607553,-0.30679999,band_4.pdf
4,DFT,4,116,0.99303776,-0.24610002,band_4.pdf
4,DFT,4,117,1.00000000,-0.23260001,band_4.pdf
4,DFT,5,0,0.00000000,-1.30630000,band_4.pdf
4,DFT,5,1,0.00804834,-1.31470000,band_4.pdf
4,DFT,5,2,0.01606884,-1.34330001,band_4.pdf
4,DFT,5,3,0.02411719,-1.39109998,band_4.pdf
4,DFT,5,4,0.03216554,-1.45759998,band_4.pdf
4,DFT,5,5,0.04018603,-1.54209999,band_4.pdf
4,DFT,5,6,0.04823438,-1.64379999,band_4.pdf
4,DFT,5,7,0.05628272,-1.76169998,band_4.pdf
4,DFT,5,8,0.06430322,-1.89440000,band_4.pdf
4,DFT,5,9,0.07235157,-2.04030001,band_4.pdf
4,DFT,5,10,0.08842041,-1.83769998,band_4.pdf
4,DFT,5,11,0.10451710,-1.61260000,band_4.pdf
4,DFT,5,12,0.12863429,-1.26359998,band_4.pdf
4,DFT,5,13,0.13665478,-1.28190002,band_4.pdf
4,DFT,5,14,0.14470313,-1.49439997,band_4.pdf
4,DFT,5,15,0.15275148,-1.56929997,band_4.pdf
4,DFT,5,16,0.16079982,-1.41959998,band_4.pdf
4,DFT,5,17,0.18491701,-0.92800001,band_4.pdf
4,DFT,5,18,0.19293751,-0.76619998,band_4.pdf
4,DFT,5,19,0.20098585,-0.61359998,band_4.pdf
4,DFT,5,20,0.20903420,-0.47640002,band_4.pdf
4,DFT,5,21,0.21705470,-0.36079997,band_4.pdf
4,DFT,5,22,0.22510304,-0.27290001,band_4.pdf
4,DFT,5,23,0.23315139,-0.21779998,band_4.pdf
4,DFT,5,24,0.24117188,-0.19900000,band_4.pdf
4,DFT,5,25,0.24685307,-0.20839999,band_4.pdf
4,DFT,5,26,0.25256210,-0.23660002,band_4.pdf
4,DFT,5,27,0.25824329,-0.28290001,band_4.pdf
4,DFT,5,28,0.26392447,-0.34680003,band_4.pdf
4,DFT,5,29,0.26960566,-0.42689998,band_4.pdf
4,DFT,5,30,0.27528684,-0.52170002,band_4.pdf
4,DFT,5,31,0.28096803,-0.62909997,band_4.pdf
4,DFT,5,32,0.29233040,-0.87129999,band_4.pdf
4,DFT,5,33,0.30940180,-1.25019998,band_4.pdf
4,DFT,5,34,0.31508299,-1.36340001,band_4.pdf
4,DFT,5,35,0.32076417,-1.46240001,band_4.pdf
4,DFT,5,36,0.32644536,-1.54280000,band_4.pdf
4,DFT,5,37,0.33212655,-1.60160002,band_4.pdf
4,DFT,5,38,0.33780773,-1.63730001,band_4.pdf
4,DFT,5,39,0.34348892,-1.58030001,band_4.pdf
4,DFT,5,40,0.35487914,-1.25359998,band_4.pdf
4,DFT,5,41,0.36056032,-1.07919998,band_4.pdf
4,DFT,5,42,0.36624151,-1.13949997,band_4.pdf
4,DFT,5,43,0.37192269,-1.24200000,band_4.pdf
4,DFT,5,44,0.37760388,-1.32100002,band_4.pdf
4,DFT,5,45,0.38328506,-1.34560002,band_4.pdf
4,DFT,5,46,0.38896625,-1.32079999,band_4.pdf
4,DFT,5,47,0.40035647,-1.25249998,band_4.pdf
4,DFT,5,48,0.40603765,-1.16359998,band_4.pdf
4,DFT,5,49,0.41171884,-1.11470001,band_4.pdf
4,DFT,5,50,0.42876239,-1.12350000,band_4.pdf
4,DFT,5,51,0.44015261,-1.13970000,band_4.pdf
4,DFT,5,52,0.44583380,-1.15359999,band_4.pdf
4,DFT,5,53,0.45151498,-1.18390000,band_4.pdf
4,DFT,5,54,0.45719617,-1.23770001,band_4.pdf
4,DFT,5,55,0.46287735,-1.27039998,band_4.pdf
4,DFT,5,56,0.46855854,-1.27099999,band_4.pdf
4,DFT,5,57,0.47992091,-1.21080001,band_4.pdf
4,DFT,5,58,0.49131113,-1.22279998,band_4.pdf
4,DFT,5,59,0.49699231,-1.33799998,band_4.pdf
4,DFT,5,60,0.50267350,-1.46769998,band_4.pdf
4,DFT,5,61,0.50835468,-1.49849999,band_4.pdf
4,DFT,5,62,0.51971705,-1.49629999,band_4.pdf
4,DFT,5,63,0.53110727,-1.47020001,band_4.pdf
4,DFT,5,64,0.54246965,-1.42600001,band_4.pdf
4,DFT,5,65,0.55951320,-1.35299997,band_4.pdf
4,DFT,5,66,0.57087557,-1.31870001,band_4.pdf
4,DFT,5,67,0.58226579,-1.30630000,band_4.pdf
4,DFT,5,68,0.59619027,-1.31480001,band_4.pdf
4,DFT,5,69,0.61707697,-1.35029998,band_4.pdf
4,DFT,5,70,0.63100145,-1.37340000,band_4.pdf
4,DFT,5,71,0.64492592,-1.38300001,band_4.pdf
4,DFT,5,72,0.65188816,-1.37989998,band_4.pdf
4,DFT,5,73,0.65885040,-1.35050000,band_4.pdf
4,DFT,5,74,0.67973711,-1.30300000,band_4.pdf
4,DFT,5,75,0.68669934,-1.31519999,band_4.pdf
4,DFT,5,76,0.69366158,-1.39219998,band_4.pdf
4,DFT,5,77,0.70758605,-1.55709998,band_4.pdf
4,DFT,5,78,0.71454829,-1.62979998,band_4.pdf
4,DFT,5,79,0.72151053,-1.69420000,band_4.pdf
4,DFT,5,80,0.72847276,-1.74960000,band_4.pdf
4,DFT,5,81,0.73543500,-1.79529999,band_4.pdf
4,DFT,5,82,0.74239724,-1.83139996,band_4.pdf
4,DFT,5,83,0.74935947,-1.85769997,band_4.pdf
4,DFT,5,84,0.75632171,-1.87469999,band_4.pdf
4,DFT,5,85,0.76328395,-1.87609996,band_4.pdf
4,DFT,5,86,0.77024618,-1.81629996,band_4.pdf
4,DFT,5,87,0.77720842,-1.79380001,band_4.pdf
4,DFT,5,88,0.78417066,-1.80409997,band_4.pdf
4,DFT,5,89,0.79113290,-1.83759997,band_4.pdf
4,DFT,5,90,0.80505737,-1.78359999,band_4.pdf
4,DFT,5,91,0.83290632,-1.66719998,band_4.pdf
4,DFT,5,92,0.83986855,-1.64659999,band_4.pdf
4,DFT,5,93,0.84683079,-1.63349996,band_4.pdf
4,DFT,5,94,0.85379303,-1.62959996,band_4.pdf
4,DFT,5,95,0.86075526,-1.63709999,band_4.pdf
4,DFT,5,96,0.86771750,-1.65729999,band_4.pdf
4,DFT,5,97,0.87467974,-1.69119997,band_4.pdf
4,DFT,5,98,0.88164197,-1.73910001,band_4.pdf
4,DFT,5,99,0.88860421,-1.61239998,band_4.pdf
4,DFT,5,100,0.89556645,-1.41210001,band_4.pdf
4,DFT,5,101,0.90252868,-1.18529997,band_4.pdf
4,DFT,5,102,0.91645316,-0.70100001,band_4.pdf
4,DFT,5,103,0.92341540,-0.60660001,band_4.pdf
4,DFT,5,104,0.93733987,-0.49380002,band_4.pdf
4,DFT,5,105,0.95126434,-0.39360001,band_4.pdf
4,DFT,5,106,0.96518881,-0.31069999,band_4.pdf
4,DFT,5,107,0.97911329,-0.25060002,band_4.pdf
4,DFT,5,108,0.99303776,-0.20939998,band_4.pdf
4,DFT,5,109,1.00000000,-0.19900000,band_4.pdf
4,DFT,6,0,0.00000000,-1.29910001,band_4.pdf
4,DFT,6,1,0.00804834,-1.29649997,band_4.pdf
4,DFT,6,2,0.01606884,-1.28549999,band_4.pdf
4,DFT,6,3,0.02411719,-1.26680002,band_4.pdf
4,DFT,6,4,0.03216554,-1.24100001,band_4.pdf
4,DFT,6,5,0.04823438,-1.16929999,band_4.pdf
4,DFT,6,6,0.05628272,-1.12360001,band_4.pdf
4,DFT,6,7,0.06430322,-1.07050001,band_4.pdf
4,DFT,6,8,0.07235157,-1.00829999,band_4.pdf
4,DFT,6,9,0.08039991,-0.93379997,band_4.pdf
4,DFT,6,10,0.08842041,-0.84169999,band_4.pdf
4,DFT,6,11,0.09646875,-0.72379999,band_4.pdf
4,DFT,6,12,0.10451710,-0.56889999,band_4.pdf
4,DFT,6,13,0.11253760,-0.54589998,band_4.pdf
4,DFT,6,14,0.12863429,-1.01669999,band_4.pdf
4,DFT,6,15,0.13665478,-1.11279999,band_4.pdf
4,DFT,6,16,0.15275148,-0.89620002,band_4.pdf
4,DFT,6,17,0.16882032,-0.68470000,band_4.pdf
4,DFT,6,18,0.17686866,-0.58870001,band_4.pdf
4,DFT,6,19,0.18491701,-0.50090001,band_4.pdf
4,DFT,6,20,0.19293751,-0.42210001,band_4.pdf
4,DFT,6,21,0.20098585,-0.35330000,band_4.pdf
4,DFT,6,22,0.20903420,-0.29480002,band_4.pdf
4,DFT,6,23,0.21705470,-0.24610002,band_4.pdf
4,DFT,6,24,0.22510304,-0.20599997,band_4.pdf
4,DFT,6,25,0.23315139,-0.17539999,band_4.pdf
4,DFT,6,26,0.24117188,-0.16320000,band_4.pdf
4,DFT,6,27,0.26392447,-0.18170000,band_4.pdf
4,DFT,6,28,0.28096803,-0.16340002,band_4.pdf
4,DFT,6,29,0.30372062,-0.12140001,band_4.pdf
4,DFT,6,30,0.32644536,-0.06950002,band_4.pdf
4,DFT,6,31,0.33780773,-0.42469999,band_4.pdf
4,DFT,6,32,0.34919795,-0.74580001,band_4.pdf
4,DFT,6,33,0.35487914,-0.88969998,band_4.pdf
4,DFT,6,34,0.36056032,-1.02140002,band_4.pdf
4,DFT,6,35,0.36624151,-0.89840001,band_4.pdf
4,DFT,6,36,0.39467528,0.02910000,band_4.pdf
4,DFT,6,37,0.40035647,0.05359999,band_4.pdf
4,DFT,6,38,0.41171884,0.05710001,band_4.pdf
4,DFT,6,39,0.41740002,0.04849999,band_4.pdf
4,DFT,6,40,0.42308121,0.02240000,band_4.pdf
4,DFT,6,41,0.42876239,-0.12300000,band_4.pdf
4,DFT,6,42,0.43444358,-0.38039997,band_4.pdf
4,DFT,6,43,0.44583380,-0.91659999,band_4.pdf
4,DFT,6,44,0.45151498,-1.08929999,band_4.pdf
4,DFT,6,45,0.45719617,-1.14179998,band_4.pdf
4,DFT,6,46,0.46855854,-1.17290002,band_4.pdf
4,DFT,6,47,0.47423972,-1.18280000,band_4.pdf
4,DFT,6,48,0.47992091,-1.17599999,band_4.pdf
4,DFT,6,49,0.48562994,-1.12760002,band_4.pdf
4,DFT,6,50,0.49131113,-1.20640001,band_4.pdf
4,DFT,6,51,0.49699231,-1.23229998,band_4.pdf
4,DFT,6,52,0.52539824,-1.27139997,band_4.pdf
4,DFT,6,53,0.54815083,-1.28979997,band_4.pdf
4,DFT,6,54,0.57658460,-1.29889998,band_4.pdf
4,DFT,6,55,0.58922803,-1.30130000,band_4.pdf
4,DFT,6,56,0.60315250,-1.31650001,band_4.pdf
4,DFT,6,57,0.63100145,-1.35400002,band_4.pdf
4,DFT,6,58,0.64492592,-1.35539999,band_4.pdf
4,DFT,6,59,0.65188816,-1.34770000,band_4.pdf
4,DFT,6,60,0.65885040,-1.27280000,band_4.pdf
4,DFT,6,61,0.66581263,-1.07149999,band_4.pdf
4,DFT,6,62,0.67277487,-1.09809997,band_4.pdf
4,DFT,6,63,0.67973711,-1.18969996,band_4.pdf
4,DFT,6,64,0.68669934,-1.25749998,band_4.pdf
4,DFT,6,65,0.69366158,-1.26419998,band_4.pdf
4,DFT,6,66,0.70758605,-1.23420000,band_4.pdf
4,DFT,6,67,0.73543500,-1.16040000,band_4.pdf
4,DFT,6,68,0.75632171,-1.11960000,band_4.pdf
4,DFT,6,69,0.77720842,-1.09560000,band_4.pdf
4,DFT,6,70,0.79113290,-1.08850002,band_4.pdf
4,DFT,6,71,0.83986855,-1.10159999,band_4.pdf
4,DFT,6,72,0.85379303,-1.07600000,band_4.pdf
4,DFT,6,73,0.86075526,-1.05310000,band_4.pdf
4,DFT,6,74,0.86771750,-1.02259997,band_4.pdf
4,DFT,6,75,0.88164197,-0.94059998,band_4.pdf
4,DFT,6,76,0.89556645,-0.83489998,band_4.pdf
4,DFT,6,77,0.94430211,-0.42030000,band_4.pdf
4,DFT,6,78,0.95822658,-0.31970000,band_4.pdf
4,DFT,6,79,0.97215105,-0.24200000,band_4.pdf
4,DFT,6,80,0.98607553,-0.19039998,band_4.pdf
4,DFT,6,81,0.99303776,-0.17259999,band_4.pdf
4,DFT,6,82,1.00000000,-0.16320000,band_4.pdf
4,DFT,7,0,0.00000000,-0.38360002,band_4.pdf
4,DFT,7,1,0.03216554,-0.37750002,band_4.pdf
4,DFT,7,2,0.04823438,-0.38379998,band_4.pdf
4,DFT,7,3,0.06430322,-0.37429998,band_4.pdf
4,DFT,7,4,0.07235157,-0.35879999,band_4.pdf
4,DFT,7,5,0.08039991,-0.33370000,band_4.pdf
4,DFT,7,6,0.08842041,-0.29750001,band_4.pdf
4,DFT,7,7,0.09646875,-0.25000001,band_4.pdf
4,DFT,7,8,0.11253760,-0.36410002,band_4.pdf
4,DFT,7,9,0.12058594,-0.10570001,band_4.pdf
4,DFT,7,10,0.12863429,0.09089998,band_4.pdf
4,DFT,7,11,0.13665478,0.22870001,band_4.pdf
4,DFT,7,12,0.14470313,0.37659998,band_4.pdf
4,DFT,7,13,0.15275148,0.53879999,band_4.pdf
4,DFT,7,14,0.16079982,0.71469998,band_4.pdf
4,DFT,7,15,0.17686866,1.09860002,band_4.pdf
4,DFT,7,16,0.20098585,1.69349998,band_4.pdf
4,DFT,7,17,0.20903420,1.87079999,band_4.pdf
4,DFT,7,18,0.21705470,2.02219998,band_4.pdf
4,DFT,7,19,0.22510304,2.13519999,band_4.pdf
4,DFT,7,20,0.23315139,2.19850001,band_4.pdf
4,DFT,7,21,0.24117188,2.21649996,band_4.pdf
4,DFT,7,22,0.24685307,2.20690001,band_4.pdf
4,DFT,7,23,0.25256210,2.16770000,band_4.pdf
4,DFT,7,24,0.25824329,2.09000000,band_4.pdf
4,DFT,7,25,0.26392447,1.97940001,band_4.pdf
4,DFT,7,26,0.26960566,1.84240000,band_4.pdf
4,DFT,7,27,0.27528684,1.68430001,band_4.pdf
4,DFT,7,28,0.28664922,1.32289998,band_4.pdf
4,DFT,7,29,0.30372062,0.72419998,band_4.pdf
4,DFT,7,30,0.32076417,0.12470001,band_4.pdf
4,DFT,7,31,0.32644536,-0.06600000,band_4.pdf
4,DFT,7,32,0.34348892,-0.03030001,band_4.pdf
4,DFT,7,33,0.37192269,0.02499998,band_4.pdf
4,DFT,7,34,0.39467528,0.06009997,band_4.pdf
4,DFT,7,35,0.40035647,0.19549999,band_4.pdf
4,DFT,7,36,0.40603765,0.30750001,band_4.pdf
4,DFT,7,37,0.41171884,0.27470003,band_4.pdf
4,DFT,7,38,0.41740002,0.22629999,band_4.pdf
4,DFT,7,39,0.42308121,0.08749997,band_4.pdf
4,DFT,7,40,0.42876239,-0.02159998,band_4.pdf
4,DFT,7,41,0.43444358,-0.08970003,band_4.pdf
4,DFT,7,42,0.44015261,-0.21339999,band_4.pdf
4,DFT,7,43,0.44583380,-0.36369998,band_4.pdf
4,DFT,7,44,0.45151498,-0.50179998,band_4.pdf
4,DFT,7,45,0.45719617,-0.61620002,band_4.pdf
4,DFT,7,46,0.46287735,-0.70419999,band_4.pdf
4,DFT,7,47,0.47423972,-0.83819997,band_4.pdf
4,DFT,7,48,0.47992091,-0.94779998,band_4.pdf
4,DFT,7,49,0.48562994,-1.07500001,band_4.pdf
4,DFT,7,50,0.49131113,-1.06830001,band_4.pdf
4,DFT,7,51,0.53110727,-0.63440000,band_4.pdf
4,DFT,7,52,0.54246965,-0.53230002,band_4.pdf
4,DFT,7,53,0.55383202,-0.45120001,band_4.pdf
4,DFT,7,54,0.55951320,-0.42040001,band_4.pdf
4,DFT,7,55,0.56519439,-0.39779998,band_4.pdf
4,DFT,7,56,0.57087557,-0.38520001,band_4.pdf
4,DFT,7,57,0.58226579,-0.38360002,band_4.pdf
4,DFT,7,58,0.58922803,-0.38400000,band_4.pdf
4,DFT,7,59,0.59619027,-0.39250001,band_4.pdf
4,DFT,7,60,0.60315250,-0.41150001,band_4.pdf
4,DFT,7,61,0.61011474,-0.44010002,band_4.pdf
4,DFT,7,62,0.61707697,-0.47819997,band_4.pdf
4,DFT,7,63,0.62403921,-0.52610001,band_4.pdf
4,DFT,7,64,0.63100145,-0.58389998,band_4.pdf
4,DFT,7,65,0.63796368,-0.65130001,band_4.pdf
4,DFT,7,66,0.65188816,-0.81120001,band_4.pdf
4,DFT,7,67,0.67973711,-1.17189997,band_4.pdf
4,DFT,7,68,0.68669934,-1.23380002,band_4.pdf
4,DFT,7,69,0.69366158,-1.23889996,band_4.pdf
4,DFT,7,70,0.71454829,-1.18259998,band_4.pdf
4,DFT,7,71,0.73543500,-1.13080000,band_4.pdf
4,DFT,7,72,0.74935947,-1.10630001,band_4.pdf
4,DFT,7,73,0.76328395,-1.09099999,band_4.pdf
4,DFT,7,74,0.78417066,-1.08510001,band_4.pdf
4,DFT,7,75,0.80505737,-1.08319999,band_4.pdf
4,DFT,7,76,0.83290632,-1.07189998,band_4.pdf
4,DFT,7,77,0.84683079,-1.05260001,band_4.pdf
4,DFT,7,78,0.86075526,-1.01470002,band_4.pdf
4,DFT,7,79,0.87467974,-0.95380002,band_4.pdf
4,DFT,7,80,0.88860421,-0.87069998,band_4.pdf
4,DFT,7,81,0.90252868,-0.77009998,band_4.pdf
4,DFT,7,82,0.90949092,-0.70940001,band_4.pdf
4,DFT,7,83,0.91645316,-0.60720002,band_4.pdf
4,DFT,7,84,0.92341540,-0.34680003,band_4.pdf
4,DFT,7,85,0.93733987,0.27500000,band_4.pdf
4,DFT,7,86,0.95126434,0.91209999,band_4.pdf
4,DFT,7,87,0.95822658,1.21650002,band_4.pdf
4,DFT,7,88,0.96518881,1.49920000,band_4.pdf
4,DFT,7,89,0.97215105,1.74999999,band_4.pdf
4,DFT,7,90,0.97911329,1.95829996,band_4.pdf
4,DFT,7,91,0.98607553,2.11250002,band_4.pdf
4,DFT,7,92,0.99303776,2.19759997,band_4.pdf
4,DFT,7,93,1.00000000,2.21649996,band_4.pdf
4,DFT,8,0,0.00000000,-0.36240002,band_4.pdf
4,DFT,8,1,0.02411719,-0.37170000,band_4.pdf
4,DFT,8,2,0.04823438,-0.38140002,band_4.pdf
4,DFT,8,3,0.06430322,-0.37049999,band_4.pdf
4,DFT,8,4,0.07235157,-0.35440000,band_4.pdf
4,DFT,8,5,0.08039991,-0.32870000,band_4.pdf
4,DFT,8,6,0.08842041,-0.29149997,band_4.pdf
4,DFT,8,7,0.09646875,-0.24110002,band_4.pdf
4,DFT,8,8,0.10451710,-0.17759998,band_4.pdf
4,DFT,8,9,0.11253760,-0.10170000,band_4.pdf
4,DFT,8,10,0.12058594,-0.00670000,band_4.pdf
4,DFT,8,11,0.12863429,0.10549998,band_4.pdf
4,DFT,8,12,0.13665478,0.23459998,band_4.pdf
4,DFT,8,13,0.14470313,0.38020001,band_4.pdf
4,DFT,8,14,0.15275148,0.54160000,band_4.pdf
4,DFT,8,15,0.16079982,0.71709999,band_4.pdf
4,DFT,8,16,0.17686866,1.10109999,band_4.pdf
4,DFT,8,17,0.20098585,1.69729997,band_4.pdf
4,DFT,8,18,0.20903420,1.87609996,band_4.pdf
4,DFT,8,19,0.21705470,2.03039996,band_4.pdf
4,DFT,8,20,0.22510304,2.15029999,band_4.pdf
4,DFT,8,21,0.23315139,2.22659996,band_4.pdf
4,DFT,8,22,0.24117188,2.25289997,band_4.pdf
4,DFT,8,23,0.24685307,2.23969999,band_4.pdf
4,DFT,8,24,0.25256210,2.20039997,band_4.pdf
4,DFT,8,25,0.25824329,2.13590001,band_4.pdf
4,DFT,8,26,0.26392447,2.04779997,band_4.pdf
4,DFT,8,27,0.26960566,1.93839999,band_4.pdf
4,DFT,8,28,0.27528684,1.81069996,band_4.pdf
4,DFT,8,29,0.28664922,1.51619997,band_4.pdf
4,DFT,8,30,0.30372062,1.05509997,band_4.pdf
4,DFT,8,31,0.30940180,0.92109999,band_4.pdf
4,DFT,8,32,0.31508299,0.80799997,band_4.pdf
4,DFT,8,33,0.32076417,0.72149999,band_4.pdf
4,DFT,8,34,0.32644536,0.66559999,band_4.pdf
4,DFT,8,35,0.33212655,0.64180001,band_4.pdf
4,DFT,8,36,0.33780773,0.64879998,band_4.pdf
4,DFT,8,37,0.34348892,0.68310000,band_4.pdf
4,DFT,8,38,0.34919795,0.73979997,band_4.pdf
4,DFT,8,39,0.35487914,0.81309998,band_4.pdf
4,DFT,8,40,0.36624151,0.98710000,band_4.pdf
4,DFT,8,41,0.37760388,1.16479999,band_4.pdf
4,DFT,8,42,0.38328506,1.24480000,band_4.pdf
4,DFT,8,43,0.39467528,0.72209999,band_4.pdf
4,DFT,8,44,0.40035647,0.49710002,band_4.pdf
4,DFT,8,45,0.40603765,0.33560002,band_4.pdf
4,DFT,8,46,0.41171884,0.34960003,band_4.pdf
4,DFT,8,47,0.41740002,0.32110003,band_4.pdf
4,DFT,8,48,0.42308121,0.23940002,band_4.pdf
4,DFT,8,49,0.42876239,0.11719998,band_4.pdf
4,DFT,8,50,0.43444358,-0.02229999,band_4.pdf
4,DFT,8,51,0.44015261,-0.13080000,band_4.pdf
4,DFT,8,52,0.45151498,-0.31909999,band_4.pdf
4,DFT,8,53,0.46287735,-0.53780001,band_4.pdf
4,DFT,8,54,0.46855854,-0.65070001,band_4.pdf
4,DFT,8,55,0.47423972,-0.73780000,band_4.pdf
4,DFT,8,56,0.47992091,-0.76490002,band_4.pdf
4,DFT,8,57,0.48562994,-0.75740000,band_4.pdf
4,DFT,8,58,0.49131113,-0.73230001,band_4.pdf
4,DFT,8,59,0.50267350,-0.65420002,band_4.pdf
4,DFT,8,60,0.51971705,-0.52419999,band_4.pdf
4,DFT,8,61,0.53110727,-0.45580003,band_4.pdf
4,DFT,8,62,0.54246965,-0.40920000,band_4.pdf
4,DFT,8,63,0.55383202,-0.38209997,band_4.pdf
4,DFT,8,64,0.56519439,-0.36840000,band_4.pdf
4,DFT,8,65,0.58226579,-0.36240002,band_4.pdf
4,DFT,8,66,0.59619027,-0.36599999,band_4.pdf
4,DFT,8,67,0.60315250,-0.38470001,band_4.pdf
4,DFT,8,68,0.61011474,-0.41440002,band_4.pdf
4,DFT,8,69,0.61707697,-0.45450001,band_4.pdf
4,DFT,8,70,0.62403921,-0.50469999,band_4.pdf
4,DFT,8,71,0.63100145,-0.56520001,band_4.pdf
4,DFT,8,72,0.63796368,-0.63529997,band_4.pdf
4,DFT,8,73,0.65188816,-0.80019997,band_4.pdf
4,DFT,8,74,0.65885040,-0.89100000,band_4.pdf
4,DFT,8,75,0.66581263,-0.97050001,band_4.pdf
4,DFT,8,76,0.67277487,-0.79550001,band_4.pdf
4,DFT,8,77,0.67973711,-0.52900002,band_4.pdf
4,DFT,8,78,0.68669934,-0.23619997,band_4.pdf
4,DFT,8,79,0.69366158,0.08340001,band_4.pdf
4,DFT,8,80,0.70062382,0.43230002,band_4.pdf
4,DFT,8,81,0.70758605,0.81350002,band_4.pdf
4,DFT,8,82,0.72151053,1.66070000,band_4.pdf
4,DFT,8,83,0.72847276,1.70969998,band_4.pdf
4,DFT,8,84,0.74935947,1.78880001,band_4.pdf
4,DFT,8,85,0.76328395,1.82979997,band_4.pdf
4,DFT,8,86,0.77720842,1.85849999,band_4.pdf
4,DFT,8,87,0.79113290,1.87200000,band_4.pdf
4,DFT,8,88,0.80505737,1.85700001,band_4.pdf
4,DFT,8,89,0.81898184,1.82029997,band_4.pdf
4,DFT,8,90,0.83290632,1.76289999,band_4.pdf
4,DFT,8,91,0.86771750,1.59590000,band_4.pdf
4,DFT,8,92,0.87467974,1.57690000,band_4.pdf
4,DFT,8,93,0.88164197,1.56819997,band_4.pdf
4,DFT,8,94,0.88860421,1.57130000,band_4.pdf
4,DFT,8,95,0.89556645,1.58679999,band_4.pdf
4,DFT,8,96,0.90252868,1.61450002,band_4.pdf
4,DFT,8,97,0.90949092,1.65329999,band_4.pdf
4,DFT,8,98,0.92341540,1.75630000,band_4.pdf
4,DFT,8,99,0.93733987,1.87169997,band_4.pdf
4,DFT,8,100,0.95822658,2.04930001,band_4.pdf
4,DFT,8,101,0.97215105,2.14679998,band_4.pdf
4,DFT,8,102,0.97911329,2.18429998,band_4.pdf
4,DFT,8,103,0.99303776,2.23889996,band_4.pdf
4,DFT,8,104,1.00000000,2.25289997,band_4.pdf
4,DFT,9,0,0.00000000,-0.33100001,band_4.pdf
4,DFT,9,1,0.00804834,-0.32789998,band_4.pdf
4,DFT,9,2,0.01606884,-0.31550003,band_4.pdf
4,DFT,9,3,0.02411719,-0.28829999,band_4.pdf
4,DFT,9,4,0.03216554,-0.24540000,band_4.pdf
4,DFT,9,5,0.04018603,-0.18829999,band_4.pdf
4,DFT,9,6,0.04823438,-0.11850000,band_4.pdf
4,DFT,9,7,0.05628272,-0.03679999,band_4.pdf
4,DFT,9,8,0.06430322,0.05560003,band_4.pdf
4,DFT,9,9,0.07235157,0.15780002,band_4.pdf
4,DFT,9,10,0.08039991,0.26879999,band_4.pdf
4,DFT,9,11,0.08842041,0.16359998,band_4.pdf
4,DFT,9,12,0.09646875,-0.06450002,band_4.pdf
4,DFT,9,13,0.10451710,-0.17589998,band_4.pdf
4,DFT,9,14,0.11253760,-0.09329999,band_4.pdf
4,DFT,9,15,0.12058594,0.01879998,band_4.pdf
4,DFT,9,16,0.12863429,0.28929997,band_4.pdf
4,DFT,9,17,0.13665478,0.72130002,band_4.pdf
4,DFT,9,18,0.14470313,1.24419999,band_4.pdf
4,DFT,9,19,0.15275148,1.44979998,band_4.pdf
4,DFT,9,20,0.16882032,1.69270001,band_4.pdf
4,DFT,9,21,0.17686866,1.80259999,band_4.pdf
4,DFT,9,22,0.18491701,1.90309998,band_4.pdf
4,DFT,9,23,0.19293751,1.99309998,band_4.pdf
4,DFT,9,24,0.20098585,2.07160001,band_4.pdf
4,DFT,9,25,0.20903420,2.13799999,band_4.pdf
4,DFT,9,26,0.21705470,2.19230000,band_4.pdf
4,DFT,9,27,0.22510304,2.23619997,band_4.pdf
4,DFT,9,28,0.23315139,2.27170000,band_4.pdf
4,DFT,9,29,0.24117188,2.28749996,band_4.pdf
4,DFT,9,30,0.25824329,2.26629997,band_4.pdf
4,DFT,9,31,0.26960566,2.27400001,band_4.pdf
4,DFT,9,32,0.28664922,2.30059999,band_4.pdf
4,DFT,9,33,0.30940180,2.35209999,band_4.pdf
4,DFT,9,34,0.36056032,2.47869996,band_4.pdf
4,DFT,9,35,0.36624151,2.22389997,band_4.pdf
4,DFT,9,36,0.37760388,1.57789999,band_4.pdf
4,DFT,9,37,0.38328506,1.27269999,band_4.pdf
4,DFT,9,38,0.38896625,1.31439997,band_4.pdf
4,DFT,9,39,0.39467528,1.37099998,band_4.pdf
4,DFT,9,40,0.40035647,1.41250000,band_4.pdf
4,DFT,9,41,0.40603765,1.43749998,band_4.pdf
4,DFT,9,42,0.41171884,1.44560001,band_4.pdf
4,DFT,9,43,0.42876239,1.44069997,band_4.pdf
4,DFT,9,44,0.44015261,1.42299999,band_4.pdf
4,DFT,9,45,0.45151498,1.39119999,band_4.pdf
4,DFT,9,46,0.47992091,1.28809997,band_4.pdf
4,DFT,9,47,0.48562994,1.24409998,band_4.pdf
4,DFT,9,48,0.50267350,0.79450002,band_4.pdf
4,DFT,9,49,0.51403587,0.51509997,band_4.pdf
4,DFT,9,50,0.52539824,0.26380000,band_4.pdf
4,DFT,9,51,0.53678846,0.04849999,band_4.pdf
4,DFT,9,52,0.54246965,-0.04370001,band_4.pdf
4,DFT,9,53,0.54815083,-0.12459999,band_4.pdf
4,DFT,9,54,0.55383202,-0.19350001,band_4.pdf
4,DFT,9,55,0.55951320,-0.24959997,band_4.pdf
4,DFT,9,56,0.56519439,-0.29190001,band_4.pdf
4,DFT,9,57,0.57087557,-0.31839998,band_4.pdf
4,DFT,9,58,0.57658460,-0.32909999,band_4.pdf
4,DFT,9,59,0.58922803,-0.32849998,band_4.pdf
4,DFT,9,60,0.59619027,-0.30580000,band_4.pdf
4,DFT,9,61,0.60315250,-0.25340002,band_4.pdf
4,DFT,9,62,0.61011474,-0.17610000,band_4.pdf
4,DFT,9,63,0.61707697,-0.07629997,band_4.pdf
4,DFT,9,64,0.62403921,0.04509998,band_4.pdf
4,DFT,9,65,0.63100145,0.18690002,band_4.pdf
4,DFT,9,66,0.63796368,0.34869999,band_4.pdf
4,DFT,9,67,0.64492592,0.52940001,band_4.pdf
4,DFT,9,68,0.65188816,0.72800002,band_4.pdf
4,DFT,9,69,0.65885040,0.94360001,band_4.pdf
4,DFT,9,70,0.67277487,1.41590000,band_4.pdf
4,DFT,9,71,0.67973711,1.50719996,band_4.pdf
4,DFT,9,72,0.70062382,1.58920000,band_4.pdf
4,DFT,9,73,0.72151053,1.68299999,band_4.pdf
4,DFT,9,74,0.72847276,1.73780000,band_4.pdf
4,DFT,9,75,0.74239724,1.79040000,band_4.pdf
4,DFT,9,76,0.75632171,1.83139996,band_4.pdf
4,DFT,9,77,0.77024618,1.85949998,band_4.pdf
4,DFT,9,78,0.78417066,1.87229997,band_4.pdf
4,DFT,9,79,0.80505737,1.86739999,band_4.pdf
4,DFT,9,80,0.81898184,1.84119999,band_4.pdf
4,DFT,9,81,0.83290632,1.79289997,band_4.pdf
4,DFT,9,82,0.85379303,1.69380001,band_4.pdf
4,DFT,9,83,0.86771750,1.63280000,band_4.pdf
4,DFT,9,84,0.87467974,1.61160001,band_4.pdf
4,DFT,9,85,0.88164197,1.59949997,band_4.pdf
4,DFT,9,86,0.88860421,1.59829996,band_4.pdf
4,DFT,9,87,0.89556645,1.60880001,band_4.pdf
4,DFT,9,88,0.90252868,1.63079997,band_4.pdf
4,DFT,9,89,0.90949092,1.66369996,band_4.pdf
4,DFT,9,90,0.91645316,1.70610001,band_4.pdf
4,DFT,9,91,0.92341540,1.75800000,band_4.pdf
4,DFT,9,92,0.93733987,1.88479999,band_4.pdf
4,DFT,9,93,0.95822658,2.07710000,band_4.pdf
4,DFT,9,94,0.96518881,2.13300000,band_4.pdf
4,DFT,9,95,0.97215105,2.18159999,band_4.pdf
4,DFT,9,96,0.97911329,2.22159997,band_4.pdf
4,DFT,9,97,0.98607553,2.25229996,band_4.pdf
4,DFT,9,98,0.99303776,2.27529997,band_4.pdf
4,DFT,9,99,1.00000000,2.28749996,band_4.pdf
4,DFT,10,0,0.00000000,1.57630000,band_4.pdf
4,DFT,10,1,0.00804834,1.56360002,band_4.pdf
4,DFT,10,2,0.01606884,1.52450002,band_4.pdf
4,DFT,10,3,0.02411719,1.45979998,band_4.pdf
4,DFT,10,4,0.03216554,1.37020002,band_4.pdf
4,DFT,10,5,0.04018603,1.25660000,band_4.pdf
4,DFT,10,6,0.04823438,1.12040002,band_4.pdf
4,DFT,10,7,0.05628272,0.96289998,band_4.pdf
4,DFT,10,8,0.06430322,0.78619997,band_4.pdf
4,DFT,10,9,0.07235157,0.59239999,band_4.pdf
4,DFT,10,10,0.08039991,0.38389999,band_4.pdf
4,DFT,10,11,0.08842041,0.38750001,band_4.pdf
4,DFT,10,12,0.10451710,0.64269999,band_4.pdf
4,DFT,10,13,0.14470313,1.31970000,band_4.pdf
4,DFT,10,14,0.15275148,1.84619999,band_4.pdf
4,DFT,10,15,0.16079982,2.51590000,band_4.pdf
4,DFT,10,16,0.16882032,3.24150000,band_4.pdf
4,DFT,10,17,0.17686866,4.01239995,band_4.pdf
4,DFT,10,18,0.19293751,5.64529997,band_4.pdf
4,DFT,10,19,0.20903420,7.30119993,band_4.pdf
4,DFT,10,20,0.21705470,8.07499995,band_4.pdf
4,DFT,10,21,0.21956881,8.28298041,band_4.pdf
4,DFT,11,0,0.27268164,8.28298041,band_4.pdf
4,DFT,11,1,0.27528684,8.13279998,band_4.pdf
4,DFT,11,2,0.28664922,7.41649995,band_4.pdf
4,DFT,11,3,0.30940180,5.88869999,band_4.pdf
4,DFT,11,4,0.33212655,4.36419997,band_4.pdf
4,DFT,11,5,0.34919795,3.26519997,band_4.pdf
4,DFT,11,6,0.36056032,2.56850000,band_4.pdf
4,DFT,11,7,0.36624151,2.49669998,band_4.pdf
4,DFT,11,8,0.38328506,2.52479999,band_4.pdf
4,DFT,11,9,0.38896625,2.43809999,band_4.pdf
4,DFT,11,10,0.39467528,2.20699996,band_4.pdf
4,DFT,11,11,0.40035647,2.01359996,band_4.pdf
4,DFT,11,12,0.40603765,1.87919999,band_4.pdf
4,DFT,11,13,0.41171884,1.82999999,band_4.pdf
4,DFT,11,14,0.42308121,1.82560000,band_4.pdf
4,DFT,11,15,0.44015261,1.80309998,band_4.pdf
4,DFT,11,16,0.45719617,1.76580000,band_4.pdf
4,DFT,11,17,0.46287735,1.75130000,band_4.pdf
4,DFT,11,18,0.46855854,1.69339997,band_4.pdf
4,DFT,11,19,0.47992091,1.39619999,band_4.pdf
4,DFT,11,20,0.48562994,1.27120001,band_4.pdf
4,DFT,11,21,0.49699231,1.24979999,band_4.pdf
4,DFT,11,22,0.50267350,1.24720001,band_4.pdf
4,DFT,11,23,0.50835468,1.25129997,band_4.pdf
4,DFT,11,24,0.51403587,1.26239997,band_4.pdf
4,DFT,11,25,0.51971705,1.28049999,band_4.pdf
4,DFT,11,26,0.53110727,1.33569997,band_4.pdf
4,DFT,11,27,0.56519439,1.53929999,band_4.pdf
4,DFT,11,28,0.57087557,1.55950000,band_4.pdf
4,DFT,11,29,0.57658460,1.57209997,band_4.pdf
4,DFT,11,30,0.58226579,1.57630000,band_4.pdf
4,DFT,11,31,0.59619027,1.56449999,band_4.pdf
4,DFT,11,32,0.61011474,1.53309998,band_4.pdf
4,DFT,11,33,0.63100145,1.47910001,band_4.pdf
4,DFT,11,34,0.64492592,1.45969996,band_4.pdf
4,DFT,11,35,0.65885040,1.46340000,band_4.pdf
4,DFT,11,36,0.66581263,1.47449999,band_4.pdf
4,DFT,11,37,0.67277487,1.49370001,band_4.pdf
4,DFT,11,38,0.67973711,1.53890001,band_4.pdf
4,DFT,11,39,0.70062382,1.62349997,band_4.pdf
4,DFT,11,40,0.71454829,1.68530000,band_4.pdf
4,DFT,11,41,0.72151053,1.73690002,band_4.pdf
4,DFT,11,42,0.72847276,2.18620001,band_4.pdf
4,DFT,11,43,0.73543500,2.72079997,band_4.pdf
4,DFT,11,44,0.74239724,3.29719998,band_4.pdf
4,DFT,11,45,0.74935947,3.91280000,band_4.pdf
4,DFT,11,46,0.75632171,4.56519995,band_4.pdf
4,DFT,11,47,0.77024618,5.96539995,band_4.pdf
4,DFT,11,48,0.78417066,7.43909997,band_4.pdf
4,DFT,11,49,0.79113290,8.10769998,band_4.pdf
4,DFT,11,50,0.80505737,7.52399997,band_4.pdf
4,DFT,11,51,0.81201961,7.26639998,band_4.pdf
4,DFT,11,52,0.81898184,7.03759996,band_4.pdf
4,DFT,11,53,0.82594408,6.83859996,band_4.pdf
4,DFT,11,54,0.83290632,6.67079994,band_4.pdf
4,DFT,11,55,0.83986855,6.53529998,band_4.pdf
4,DFT,11,56,0.84683079,6.43219995,band_4.pdf
4,DFT,11,57,0.85379303,6.36239996,band_4.pdf
4,DFT,11,58,0.86075526,6.32529994,band_4.pdf
4,DFT,11,59,0.86771750,6.32079994,band_4.pdf
4,DFT,11,60,0.87467974,6.34799997,band_4.pdf
4,DFT,11,61,0.88164197,6.40499997,band_4.pdf
4,DFT,11,62,0.88860421,6.49059998,band_4.pdf
4,DFT,11,63,0.89556645,6.60309994,band_4.pdf
4,DFT,11,64,0.90252868,6.74009994,band_4.pdf
4,DFT,11,65,0.90949092,6.89979998,band_4.pdf
4,DFT,11,66,0.91645316,7.07979999,band_4.pdf
4,DFT,11,67,0.92341540,7.27809997,band_4.pdf
4,DFT,11,68,0.93037763,7.49129994,band_4.pdf
4,DFT,11,69,0.94430211,7.95249994,band_4.pdf
4,DFT,11,70,0.95391065,8.28298041,band_4.pdf
4,DFT,12,0,0.00000000,1.57750001,band_4.pdf
4,DFT,12,1,0.00804834,1.58229998,band_4.pdf
4,DFT,12,2,0.01606884,1.59719996,band_4.pdf
4,DFT,12,3,0.02411719,1.62160000,band_4.pdf
4,DFT,12,4,0.03216554,1.65460000,band_4.pdf
4,DFT,12,5,0.04823438,1.74190002,band_4.pdf
4,DFT,12,6,0.06430322,1.84929996,band_4.pdf
4,DFT,12,7,0.08039991,1.96940002,band_4.pdf
4,DFT,12,8,0.09646875,2.10630001,band_4.pdf
4,DFT,12,9,0.10451710,2.18919997,band_4.pdf
4,DFT,12,10,0.11253760,2.29089997,band_4.pdf
4,DFT,12,11,0.12058594,2.42160001,band_4.pdf
4,DFT,12,12,0.12863429,2.59489996,band_4.pdf
4,DFT,12,13,0.13665478,2.82539998,band_4.pdf
4,DFT,12,14,0.14470313,3.12659997,band_4.pdf
4,DFT,12,15,0.15275148,3.50779997,band_4.pdf
4,DFT,12,16,0.16079982,3.97159995,band_4.pdf
4,DFT,12,17,0.16882032,4.51329996,band_4.pdf
4,DFT,12,18,0.17686866,5.12339999,band_4.pdf
4,DFT,12,19,0.18491701,5.78829996,band_4.pdf
4,DFT,12,20,0.21336715,8.28298041,band_4.pdf
4,DFT,13,0,0.28374628,8.28298041,band_4.pdf
4,DFT,13,1,0.29233040,7.81139998,band_4.pdf
4,DFT,13,2,0.30940180,6.81899995,band_4.pdf
4,DFT,13,3,0.34348892,4.81199998,band_4.pdf
4,DFT,13,4,0.36056032,3.85630000,band_4.pdf
4,DFT,13,5,0.37192269,3.25369999,band_4.pdf
4,DFT,13,6,0.38328506,2.69409998,band_4.pdf
4,DFT,13,7,0.38896625,2.53170001,band_4.pdf
4,DFT,13,8,0.40603765,2.54369998,band_4.pdf
4,DFT,13,9,0.41171884,2.54450001,band_4.pdf
4,DFT,13,10,0.41740002,2.53450001,band_4.pdf
4,DFT,13,11,0.42308121,2.50480001,band_4.pdf
4,DFT,13,12,0.42876239,2.45589998,band_4.pdf
4,DFT,13,13,0.43444358,2.38879997,band_4.pdf
4,DFT,13,14,0.44015261,2.30480002,band_4.pdf
4,DFT,13,15,0.44583380,2.20549998,band_4.pdf
4,DFT,13,16,0.45151498,2.09280000,band_4.pdf
4,DFT,13,17,0.46287735,1.83470002,band_4.pdf
4,DFT,13,18,0.46855854,1.73630001,band_4.pdf
4,DFT,13,19,0.50267350,1.65099998,band_4.pdf
4,DFT,13,20,0.51971705,1.61940001,band_4.pdf
4,DFT,13,21,0.54246965,1.59250000,band_4.pdf
4,DFT,13,22,0.56519439,1.57999998,band_4.pdf
4,DFT,13,23,0.59619027,1.56620000,band_4.pdf
4,DFT,13,24,0.61011474,1.53819999,band_4.pdf
4,DFT,13,25,0.63100145,1.49279998,band_4.pdf
4,DFT,13,26,0.64492592,1.47980002,band_4.pdf
4,DFT,13,27,0.65885040,1.48920001,band_4.pdf
4,DFT,13,28,0.66581263,1.50260001,band_4.pdf
4,DFT,13,29,0.67277487,1.52359998,band_4.pdf
4,DFT,13,30,0.67973711,1.69220002,band_4.pdf
4,DFT,13,31,0.68669934,1.96700000,band_4.pdf
4,DFT,13,32,0.69366158,2.25899996,band_4.pdf
4,DFT,13,33,0.70062382,2.56740000,band_4.pdf
4,DFT,13,34,0.70758605,2.89369999,band_4.pdf
4,DFT,13,35,0.71454829,3.24029999,band_4.pdf
4,DFT,13,36,0.72151053,3.61029999,band_4.pdf
4,DFT,13,37,0.72847276,4.00730000,band_4.pdf
4,DFT,13,38,0.73543500,4.43540000,band_4.pdf
4,DFT,13,39,0.74239724,4.89869999,band_4.pdf
4,DFT,13,40,0.74935947,5.39999998,band_4.pdf
4,DFT,13,41,0.75632171,5.94119999,band_4.pdf
4,DFT,13,42,0.76328395,6.52209994,band_4.pdf
4,DFT,13,43,0.77720842,7.78999996,band_4.pdf
4,DFT,13,44,0.78256963,8.28298041,band_4.pdf
4,DFT,14,0,0.78768929,8.28298041,band_4.pdf
4,DFT,14,1,0.80505737,7.55619994,band_4.pdf
4,DFT,14,2,0.81201961,7.29639996,band_4.pdf
4,DFT,14,3,0.81898184,7.06539994,band_4.pdf
4,DFT,14,4,0.82594408,6.86459999,band_4.pdf
4,DFT,14,5,0.83290632,6.69529993,band_4.pdf
4,DFT,14,6,0.83986855,6.55859996,band_4.pdf
4,DFT,14,7,0.84683079,6.45459996,band_4.pdf
4,DFT,14,8,0.85379303,6.38459994,band_4.pdf
4,DFT,14,9,0.86075526,6.34789996,band_4.pdf
4,DFT,14,10,0.86771750,6.34429994,band_4.pdf
4,DFT,14,11,0.87467974,6.37309997,band_4.pdf
4,DFT,14,12,0.88164197,6.43219995,band_4.pdf
4,DFT,14,13,0.88860421,6.52039994,band_4.pdf
4,DFT,14,14,0.89556645,6.63599999,band_4.pdf
4,DFT,14,15,0.90252868,6.77659996,band_4.pdf
4,DFT,14,16,0.90949092,6.94019994,band_4.pdf
4,DFT,14,17,0.91645316,7.12449998,band_4.pdf
4,DFT,14,18,0.92341540,7.32729997,band_4.pdf
4,DFT,14,19,0.93037763,7.54529997,band_4.pdf
4,DFT,14,20,0.94430211,8.01689995,band_4.pdf
4,DFT,14,21,0.95186079,8.28298041,band_4.pdf
4,DFT,15,0,0.28780938,8.28298041,band_4.pdf
4,DFT,15,1,0.29801159,7.96889996,band_4.pdf
4,DFT,15,2,0.30372062,7.81029998,band_4.pdf
4,DFT,15,3,0.30940180,7.66499998,band_4.pdf
4,DFT,15,4,0.31508299,7.53339996,band_4.pdf
4,DFT,15,5,0.32076417,7.41509998,band_4.pdf
4,DFT,15,6,0.32644536,7.31019994,band_4.pdf
4,DFT,15,7,0.33212655,7.21759996,band_4.pdf
4,DFT,15,8,0.33780773,7.13639994,band_4.pdf
4,DFT,15,9,0.34348892,7.06609996,band_4.pdf
4,DFT,15,10,0.34919795,7.00559994,band_4.pdf
4,DFT,15,11,0.35487914,6.95399998,band_4.pdf
4,DFT,15,12,0.36056032,6.91029997,band_4.pdf
4,DFT,15,13,0.37192269,6.84339993,band_4.pdf
4,DFT,15,14,0.38328506,6.79879994,band_4.pdf
4,DFT,15,15,0.39467528,6.77189994,band_4.pdf
4,DFT,15,16,0.40603765,6.75929996,band_4.pdf
4,DFT,15,17,0.41171884,6.75769997,band_4.pdf
4,DFT,15,18,0.41740002,6.82769999,band_4.pdf
4,DFT,15,19,0.42308121,7.03099997,band_4.pdf
4,DFT,15,20,0.42876239,7.35079998,band_4.pdf
4,DFT,15,21,0.43444358,7.76649996,band_4.pdf
4,DFT,15,22,0.44040564,8.28298041,band_4.pdf
4,model,0,0,0.00000000,-4.99778010,band_4.pdf
4,model,0,1,0.00804834,-5.01778299,band_4.pdf
4,model,0,2,0.01606884,-5.07490190,band_4.pdf
4,model,0,3,0.02411719,-5.16092612,band_4.pdf
4,model,0,4,0.04823438,-5.46106474,band_4.pdf
4,model,0,5,0.05628272,-5.52895357,band_4.pdf
4,model,0,6,0.06430322,-5.56299723,band_4.pdf
4,model,0,7,0.07235157,-5.57344294,band_4.pdf
4,model,0,8,0.08039991,-5.59760706,band_4.pdf
4,model,0,9,0.08842041,-5.59390957,band_4.pdf
4,model,0,10,0.09646875,-5.56657557,band_4.pdf
4,model,0,11,0.10451710,-5.52024507,band_4.pdf
4,model,0,12,0.11253760,-5.45892844,band_4.pdf
4,model,0,13,0.12058594,-5.38552670,band_4.pdf
4,model,0,14,0.12863429,-5.30209191,band_4.pdf
4,model,0,15,0.14470313,-5.11435572,band_4.pdf
4,model,0,16,0.16079982,-4.92820382,band_4.pdf
4,model,0,17,0.16882032,-4.85127387,band_4.pdf
4,model,0,18,0.17686866,-4.79205041,band_4.pdf
4,model,0,19,0.18491701,-4.75225633,band_4.pdf
4,model,0,20,0.19293751,-4.73049324,band_4.pdf
4,model,0,21,0.20098585,-4.72311834,band_4.pdf
4,model,0,22,0.21705470,-4.73280889,band_4.pdf
4,model,0,23,0.23315139,-4.74737411,band_4.pdf
4,model,0,24,0.24685307,-4.74724045,band_4.pdf
4,model,0,25,0.25824329,-4.72960665,band_4.pdf
4,model,0,26,0.26960566,-4.69195325,band_4.pdf
4,model,0,27,0.27528684,-4.66423153,band_4.pdf
4,model,0,28,0.28096803,-4.62962728,band_4.pdf
4,model,0,29,0.28664922,-4.58732552,band_4.pdf
4,model,0,30,0.29233040,-4.53647273,band_4.pdf
4,model,0,31,0.29801159,-4.47619656,band_4.pdf
4,model,0,32,0.30372062,-4.40566000,band_4.pdf
4,model,0,33,0.30940180,-4.36256017,band_4.pdf
4,model,0,34,0.31508299,-4.33094793,band_4.pdf
4,model,0,35,0.32076417,-4.30657965,band_4.pdf
4,model,0,36,0.32644536,-4.29052463,band_4.pdf
4,model,0,37,0.33212655,-4.28339852,band_4.pdf
4,model,0,38,0.33780773,-4.28529031,band_4.pdf
4,model,0,39,0.34348892,-4.29574681,band_4.pdf
4,model,0,40,0.35487914,-4.33820089,band_4.pdf
4,model,0,41,0.36624151,-4.39936099,band_4.pdf
4,model,0,42,0.38328506,-4.49627375,band_4.pdf
4,model,0,43,0.39467528,-4.54609869,band_4.pdf
4,model,0,44,0.40603765,-4.57333884,band_4.pdf
4,model,0,45,0.43444358,-4.59275903,band_4.pdf
4,model,0,46,0.44015261,-4.61169090,band_4.pdf
4,model,0,47,0.44583380,-4.64426253,band_4.pdf
4,model,0,48,0.45151498,-4.69492247,band_4.pdf
4,model,0,49,0.45719617,-4.76670738,band_4.pdf
4,model,0,50,0.46287735,-4.85958168,band_4.pdf
4,model,0,51,0.47423972,-5.08856703,band_4.pdf
4,model,0,52,0.48562994,-5.31786811,band_4.pdf
4,model,0,53,0.49131113,-5.41151832,band_4.pdf
4,model,0,54,0.49699231,-5.48320785,band_4.pdf
4,model,0,55,0.50267350,-5.52952046,band_4.pdf
4,model,0,56,0.51403587,-5.56796280,band_4.pdf
4,model,0,57,0.51971705,-5.57206223,band_4.pdf
4,model,0,58,0.52539824,-5.55020790,band_4.pdf
4,model,0,59,0.53110727,-5.50652661,band_4.pdf
4,model,0,60,0.53678846,-5.44592706,band_4.pdf
4,model,0,61,0.54815083,-5.29612428,band_4.pdf
4,model,0,62,0.55951320,-5.14628713,band_4.pdf
4,model,0,63,0.56519439,-5.08458509,band_4.pdf
4,model,0,64,0.57087557,-5.03741972,band_4.pdf
4,model,0,65,0.57658460,-5.00785065,band_4.pdf
4,model,0,66,0.58226579,-4.99778010,band_4.pdf
4,model,0,67,0.58922803,-5.01285136,band_4.pdf
4,model,0,68,0.59619027,-5.05669629,band_4.pdf
4,model,0,69,0.60315250,-5.12530659,band_4.pdf
4,model,0,70,0.61011474,-5.21236380,band_4.pdf
4,model,0,71,0.63100145,-5.49726923,band_4.pdf
4,model,0,72,0.63796368,-5.56801405,band_4.pdf
4,model,0,73,0.64492592,-5.61140935,band_4.pdf
4,model,0,74,0.65885040,-5.62627828,band_4.pdf
4,model,0,75,0.66581263,-5.60966355,band_4.pdf
4,model,0,76,0.67277487,-5.55371893,band_4.pdf
4,model,0,77,0.67973711,-5.45875389,band_4.pdf
4,model,0,78,0.68669934,-5.32696457,band_4.pdf
4,model,0,79,0.69366158,-5.16230642,band_4.pdf
4,model,0,80,0.70062382,-4.97045516,band_4.pdf
4,model,0,81,0.71454829,-4.53550077,band_4.pdf
4,model,0,82,0.72847276,-4.09372925,band_4.pdf
4,model,0,83,0.73543500,-3.89449172,band_4.pdf
4,model,0,84,0.74239724,-3.72094489,band_4.pdf
4,model,0,85,0.74935947,-3.57927360,band_4.pdf
4,model,0,86,0.75632171,-3.48184728,band_4.pdf
4,model,0,87,0.78417066,-3.42791147,band_4.pdf
4,model,0,88,0.79113290,-3.41225714,band_4.pdf
4,model,0,89,0.79809513,-3.44932292,band_4.pdf
4,model,0,90,0.81898184,-3.60318342,band_4.pdf
4,model,0,91,0.82594408,-3.64254997,band_4.pdf
4,model,0,92,0.83290632,-3.66941556,band_4.pdf
4,model,0,93,0.83986855,-3.68116218,band_4.pdf
4,model,0,94,0.84683079,-3.67595375,band_4.pdf
4,model,0,95,0.85379303,-3.65264873,band_4.pdf
4,model,0,96,0.86075526,-3.61073659,band_4.pdf
4,model,0,97,0.86771750,-3.55104709,band_4.pdf
4,model,0,98,0.87467974,-3.58029598,band_4.pdf
4,model,0,99,0.88164197,-3.65696074,band_4.pdf
4,model,0,100,0.89556645,-3.83224899,band_4.pdf
4,model,0,101,0.93037763,-4.29759001,band_4.pdf
4,model,0,102,0.94430211,-4.45548755,band_4.pdf
4,model,0,103,0.95126434,-4.52333437,band_4.pdf
4,model,0,104,0.95822658,-4.58287795,band_4.pdf
4,model,0,105,0.96518881,-4.63368795,band_4.pdf
4,model,0,106,0.97215105,-4.67544552,band_4.pdf
4,model,0,107,0.97911329,-4.70797859,band_4.pdf
4,model,0,108,0.98607553,-4.73122222,band_4.pdf
4,model,0,109,0.99303776,-4.74516689,band_4.pdf
4,model,0,110,1.00000000,-4.74981412,band_4.pdf
4,model,0,111,1.00000000,-4.74981412,band_4.pdf
4,model,1,0,0.00000000,-4.76370339,band_4.pdf
4,model,1,1,0.00804834,-4.78585373,band_4.pdf
4,model,1,2,0.01606884,-4.84972756,band_4.pdf
4,model,1,3,0.02411719,-4.94790011,band_4.pdf
4,model,1,4,0.03216554,-5.06902331,band_4.pdf
4,model,1,5,0.04823438,-5.32538531,band_4.pdf
4,model,1,6,0.05628272,-5.43476136,band_4.pdf
4,model,1,7,0.06430322,-5.51895844,band_4.pdf
4,model,1,8,0.07235157,-5.55810494,band_4.pdf
4,model,1,9,0.08039991,-5.51303767,band_4.pdf
4,model,1,10,0.08842041,-5.42958611,band_4.pdf
4,model,1,11,0.09646875,-5.31138146,band_4.pdf
4,model,1,12,0.10451710,-5.16262778,band_4.pdf
4,model,1,13,0.11253760,-4.98718875,band_4.pdf
4,model,1,14,0.12058594,-4.78818478,band_4.pdf
4,model,1,15,0.12863429,-4.56842079,band_4.pdf
4,model,1,16,0.14470313,-4.08297965,band_4.pdf
4,model,1,17,0.15275148,-3.83233276,band_4.pdf
4,model,1,18,0.16079982,-3.84956907,band_4.pdf
4,model,1,19,0.16882032,-4.00531798,band_4.pdf
4,model,1,20,0.17686866,-4.15043692,band_4.pdf
4,model,1,21,0.18491701,-4.28317865,band_4.pdf
4,model,1,22,0.19293751,-4.40189271,band_4.pdf
4,model,1,23,0.20098585,-4.50509008,band_4.pdf
4,model,1,24,0.20903420,-4.59143899,band_4.pdf
4,model,1,25,0.21705470,-4.65981934,band_4.pdf
4,model,1,26,0.22510304,-4.70932298,band_4.pdf
4,model,1,27,0.23315139,-4.73928825,band_4.pdf
4,model,1,28,0.24117188,-4.74917271,band_4.pdf
4,model,1,29,0.24685307,-4.74555674,band_4.pdf
4,model,1,30,0.25256210,-4.73356690,band_4.pdf
4,model,1,31,0.25824329,-4.71394445,band_4.pdf
4,model,1,32,0.26960566,-4.65456416,band_4.pdf
4,model,1,33,0.28096803,-4.57500721,band_4.pdf
4,model,1,34,0.30372062,-4.40000365,band_4.pdf
4,model,1,35,0.30940180,-4.32404323,band_4.pdf
4,model,1,36,0.31508299,-4.23068197,band_4.pdf
4,model,1,37,0.32076417,-4.12498860,band_4.pdf
4,model,1,38,0.32644536,-4.00656302,band_4.pdf
4,model,1,39,0.33212655,-3.87518120,band_4.pdf
4,model,1,40,0.33780773,-3.73085376,band_4.pdf
4,model,1,41,0.34919795,-3.40456634,band_4.pdf
4,model,1,42,0.36056032,-3.03698573,band_4.pdf
4,model,1,43,0.36624151,-3.08933091,band_4.pdf
4,model,1,44,0.37192269,-3.16530081,band_4.pdf
4,model,1,45,0.37760388,-3.23125822,band_4.pdf
4,model,1,46,0.38328506,-3.28703178,band_4.pdf
4,model,1,47,0.38896625,-3.33260895,band_4.pdf
4,model,1,48,0.39467528,-3.36801288,band_4.pdf
4,model,1,49,0.40035647,-3.39327373,band_4.pdf
4,model,1,50,0.40603765,-3.40841746,band_4.pdf
4,model,1,51,0.41171884,-3.41346290,band_4.pdf
4,model,1,52,0.42308121,-3.40235763,band_4.pdf
4,model,1,53,0.43444358,-3.36959675,band_4.pdf
4,model,1,54,0.44015261,-3.42927624,band_4.pdf
4,model,1,55,0.44583380,-3.59298453,band_4.pdf
4,model,1,56,0.45151498,-3.78852125,band_4.pdf
4,model,1,57,0.46287735,-4.23792510,band_4.pdf
4,model,1,58,0.47423972,-4.69402960,band_4.pdf
4,model,1,59,0.47992091,-4.90174723,band_4.pdf
4,model,1,60,0.48562994,-5.08708476,band_4.pdf
4,model,1,61,0.49131113,-5.24544527,band_4.pdf
4,model,1,62,0.49699231,-5.37374429,band_4.pdf
4,model,1,63,0.50267350,-5.47029013,band_4.pdf
4,model,1,64,0.50835468,-5.53473333,band_4.pdf
4,model,1,65,0.51403587,-5.54162429,band_4.pdf
4,model,1,66,0.51971705,-5.50922915,band_4.pdf
4,model,1,67,0.52539824,-5.45470015,band_4.pdf
4,model,1,68,0.53110727,-5.38204908,band_4.pdf
4,model,1,69,0.54246965,-5.20239983,band_4.pdf
4,model,1,70,0.55383202,-5.01418349,band_4.pdf
4,model,1,71,0.55951320,-4.93063530,band_4.pdf
4,model,1,72,0.56519439,-4.86053842,band_4.pdf
4,model,1,73,0.57087557,-4.80768270,band_4.pdf
4,model,1,74,0.57658460,-4.77483970,band_4.pdf
4,model,1,75,0.58226579,-4.76370339,band_4.pdf
4,model,1,76,0.58922803,-4.78037820,band_4.pdf
4,model,1,77,0.59619027,-4.82919689,band_4.pdf
4,model,1,78,0.60315250,-4.90657173,band_4.pdf
4,model,1,79,0.61011474,-5.00671025,band_4.pdf
4,model,1,80,0.62403921,-5.24328272,band_4.pdf
4,model,1,81,0.63100145,-5.36119391,band_4.pdf
4,model,1,82,0.63796368,-5.46630250,band_4.pdf
4,model,1,83,0.64492592,-5.55004236,band_4.pdf
4,model,1,84,0.65188816,-5.60520336,band_4.pdf
4,model,1,85,0.65885040,-5.58835643,band_4.pdf
4,model,1,86,0.66581263,-5.51265516,band_4.pdf
4,model,1,87,0.67277487,-5.39143704,band_4.pdf
4,model,1,88,0.67973711,-5.22528383,band_4.pdf
4,model,1,89,0.68669934,-5.01683377,band_4.pdf
4,model,1,90,0.69366158,-4.77061734,band_4.pdf
4,model,1,91,0.70062382,-4.49301890,band_4.pdf
4,model,1,92,0.71454829,-3.87724842,band_4.pdf
4,model,1,93,0.72151053,-3.55910967,band_4.pdf
4,model,1,94,0.72847276,-3.41625028,band_4.pdf
4,model,1,95,0.73543500,-3.44222519,band_4.pdf
4,model,1,96,0.74239724,-3.45984400,band_4.pdf
4,model,1,97,0.74935947,-3.46974866,band_4.pdf
4,model,1,98,0.75632171,-3.47173045,band_4.pdf
4,model,1,99,0.77024618,-3.45350375,band_4.pdf
4,model,1,100,0.81898184,-3.34420330,band_4.pdf
4,model,1,101,0.82594408,-3.33965069,band_4.pdf
4,model,1,102,0.83290632,-3.34273964,band_4.pdf
4,model,1,103,0.83986855,-3.35487582,band_4.pdf
4,model,1,104,0.84683079,-3.37725177,band_4.pdf
4,model,1,105,0.85379303,-3.41073624,band_4.pdf
4,model,1,106,0.86075526,-3.45572176,band_4.pdf
4,model,1,107,0.86771750,-3.51146132,band_4.pdf
4,model,1,108,0.87467974,-3.55595389,band_4.pdf
4,model,1,109,0.88164197,-3.63518397,band_4.pdf
4,model,1,110,0.89556645,-3.81634955,band_4.pdf
4,model,1,111,0.92341540,-4.20374108,band_4.pdf
4,model,1,112,0.93733987,-4.37725171,band_4.pdf
4,model,1,113,0.94430211,-4.45378500,band_4.pdf
4,model,1,114,0.95126434,-4.52229700,band_4.pdf
4,model,1,115,0.95822658,-4.58218860,band_4.pdf
4,model,1,116,0.96518881,-4.63309761,band_4.pdf
4,model,1,117,0.97215105,-4.67484895,band_4.pdf
4,model,1,118,0.97911329,-4.70736247,band_4.pdf
4,model,1,119,0.98607553,-4.73059254,band_4.pdf
4,model,1,120,0.99303776,-4.74452861,band_4.pdf
4,model,1,121,1.00000000,-4.74917271,band_4.pdf
4,model,1,122,1.00000000,-4.74917271,band_4.pdf
4,model,2,0,0.00000000,-2.46162529,band_4.pdf
4,model,2,1,0.02411719,-2.44946719,band_4.pdf
4,model,2,2,0.06430322,-2.42289837,band_4.pdf
4,model,2,3,0.08039991,-2.39230177,band_4.pdf
4,model,2,4,0.08842041,-2.37198457,band_4.pdf
4,model,2,5,0.09646875,-2.45481704,band_4.pdf
4,model,2,6,0.11253760,-2.79867197,band_4.pdf
4,model,2,7,0.15275148,-3.68504654,band_4.pdf
4,model,2,8,0.16079982,-3.59223214,band_4.pdf
4,model,2,9,0.16882032,-3.37684415,band_4.pdf
4,model,2,10,0.17686866,-3.19804978,band_4.pdf
4,model,2,11,0.18491701,-3.06184708,band_4.pdf
4,model,2,12,0.19293751,-2.96728658,band_4.pdf
4,model,2,13,0.20098585,-2.90806324,band_4.pdf
4,model,2,14,0.20903420,-2.87535687,band_4.pdf
4,model,2,15,0.21705470,-2.86022346,band_4.pdf
4,model,2,16,0.23315139,-2.85422389,band_4.pdf
4,model,2,17,0.24685307,-2.85296060,band_4.pdf
4,model,2,18,0.25824329,-2.83884424,band_4.pdf
4,model,2,19,0.26960566,-2.80929963,band_4.pdf
4,model,2,20,0.28096803,-2.76167468,band_4.pdf
4,model,2,21,0.29233040,-2.69222265,band_4.pdf
4,model,2,22,0.30372062,-2.59639822,band_4.pdf
4,model,2,23,0.30940180,-2.53708773,band_4.pdf
4,model,2,24,0.31508299,-2.49194598,band_4.pdf
4,model,2,25,0.32076417,-2.50292202,band_4.pdf
4,model,2,26,0.32644536,-2.52625050,band_4.pdf
4,model,2,27,0.33212655,-2.56046212,band_4.pdf
4,model,2,28,0.33780773,-2.60419407,band_4.pdf
4,model,2,29,0.34348892,-2.68425664,band_4.pdf
4,model,2,30,0.35487914,-2.90520885,band_4.pdf
4,model,2,31,0.36056032,-2.99787637,band_4.pdf
4,model,2,32,0.36624151,-2.87499973,band_4.pdf
4,model,2,33,0.38328506,-3.00561090,band_4.pdf
4,model,2,34,0.38896625,-3.04067676,band_4.pdf
4,model,2,35,0.39467528,-3.06886441,band_4.pdf
4,model,2,36,0.40035647,-3.08949704,band_4.pdf
4,model,2,37,0.40603765,-3.10207883,band_4.pdf
4,model,2,38,0.41740002,-3.11694640,band_4.pdf
4,model,2,39,0.42308121,-3.15028571,band_4.pdf
4,model,2,40,0.42876239,-3.21021061,band_4.pdf
4,model,2,41,0.43444358,-3.30181072,band_4.pdf
4,model,2,42,0.44015261,-3.34548502,band_4.pdf
4,model,2,43,0.45151498,-3.28347578,band_4.pdf
4,model,2,44,0.46287735,-3.20545987,band_4.pdf
4,model,2,45,0.47423972,-3.11509573,band_4.pdf
4,model,2,46,0.49699231,-2.91430051,band_4.pdf
4,model,2,47,0.51971705,-2.71687604,band_4.pdf
4,model,2,48,0.53110727,-2.63038624,band_4.pdf
4,model,2,49,0.54246965,-2.55741565,band_4.pdf
4,model,2,50,0.55383202,-2.50205042,band_4.pdf
4,model,2,51,0.56519439,-2.46941723,band_4.pdf
4,model,2,52,0.57658460,-2.46141099,band_4.pdf
4,model,2,53,0.59619027,-2.46477005,band_4.pdf
4,model,2,54,0.60315250,-2.47559644,band_4.pdf
4,model,2,55,0.61011474,-2.49335057,band_4.pdf
4,model,2,56,0.61707697,-2.51784997,band_4.pdf
4,model,2,57,0.62403921,-2.54933446,band_4.pdf
4,model,2,58,0.63100145,-2.58808229,band_4.pdf
4,model,2,59,0.63796368,-2.63418955,band_4.pdf
4,model,2,60,0.65188816,-2.74706881,band_4.pdf
4,model,2,61,0.66581263,-2.88111684,band_4.pdf
4,model,2,62,0.69366158,-3.16554331,band_4.pdf
4,model,2,63,0.70758605,-3.28742626,band_4.pdf
4,model,2,64,0.71454829,-3.33831305,band_4.pdf
4,model,2,65,0.72151053,-3.38128567,band_4.pdf
4,model,2,66,0.73543500,-3.44064149,band_4.pdf
4,model,2,67,0.74239724,-3.45875437,band_4.pdf
4,model,2,68,0.74935947,-3.46771088,band_4.pdf
4,model,2,69,0.75632171,-3.45974387,band_4.pdf
4,model,2,70,0.76328395,-3.39668641,band_4.pdf
4,model,2,71,0.77024618,-3.35859381,band_4.pdf
4,model,2,72,0.77720842,-3.34980976,band_4.pdf
4,model,2,73,0.78417066,-3.36517508,band_4.pdf
4,model,2,74,0.79113290,-3.39008252,band_4.pdf
4,model,2,75,0.81898184,-3.32122433,band_4.pdf
4,model,2,76,0.82594408,-3.31443409,band_4.pdf
4,model,2,77,0.83290632,-3.31565845,band_4.pdf
4,model,2,78,0.83986855,-3.32645385,band_4.pdf
4,model,2,79,0.84683079,-3.34814839,band_4.pdf
4,model,2,80,0.85379303,-3.38170651,band_4.pdf
4,model,2,81,0.86075526,-3.42756220,band_4.pdf
4,model,2,82,0.86771750,-3.48525415,band_4.pdf
4,model,2,83,0.87467974,-3.46876882,band_4.pdf
4,model,2,84,0.88164197,-3.37137917,band_4.pdf
4,model,2,85,0.88860421,-3.25566418,band_4.pdf
4,model,2,86,0.89556645,-3.12235479,band_4.pdf
4,model,2,87,0.90252868,-2.97176656,band_4.pdf
4,model,2,88,0.90949092,-2.80403006,band_4.pdf
4,model,2,89,0.92341540,-2.42863465,band_4.pdf
4,model,2,90,0.93037763,-2.45875306,band_4.pdf
4,model,2,91,0.95126434,-2.63573426,band_4.pdf
4,model,2,92,0.96518881,-2.73641341,band_4.pdf
4,model,2,93,0.97215105,-2.77738346,band_4.pdf
4,model,2,94,0.97911329,-2.81052915,band_4.pdf
4,model,2,95,0.98607553,-2.83490673,band_4.pdf
4,model,2,96,0.99303776,-2.84981987,band_4.pdf
4,model,2,97,1.00000000,-2.85483882,band_4.pdf
4,model,2,98,1.00000000,-2.85483882,band_4.pdf
4,model,3,0,0.00000000,-2.43488549,band_4.pdf
4,model,3,1,0.05628272,-2.43086693,band_4.pdf
4,model,3,2,0.07235157,-2.40918081,band_4.pdf
4,model,3,3,0.08039991,-2.38961351,band_4.pdf
4,model,3,4,0.08842041,-2.36267606,band_4.pdf
4,model,3,5,0.09646875,-2.32696978,band_4.pdf
4,model,3,6,0.10451710,-2.28112985,band_4.pdf
4,model,3,7,0.11253760,-2.22387704,band_4.pdf
4,model,3,8,0.12058594,-2.15404968,band_4.pdf
4,model,3,9,0.12863429,-2.07066892,band_4.pdf
4,model,3,10,0.13665478,-1.97297901,band_4.pdf
4,model,3,11,0.14470313,-1.86059441,band_4.pdf
4,model,3,12,0.15275148,-1.73426633,band_4.pdf
4,model,3,13,0.16079982,-1.69979241,band_4.pdf
4,model,3,14,0.17686866,-2.07763666,band_4.pdf
4,model,3,15,0.18491701,-2.24801681,band_4.pdf
4,model,3,16,0.19293751,-2.40127019,band_4.pdf
4,model,3,17,0.20098585,-2.53516264,band_4.pdf
4,model,3,18,0.20903420,-2.64768831,band_4.pdf
4,model,3,19,0.21705470,-2.73712818,band_4.pdf
4,model,3,20,0.22510304,-2.80206546,band_4.pdf
4,model,3,21,0.23315139,-2.84145446,band_4.pdf
4,model,3,22,0.24117188,-2.85414378,band_4.pdf
4,model,3,23,0.24685307,-2.84932722,band_4.pdf
4,model,3,24,0.25256210,-2.83467282,band_4.pdf
4,model,3,25,0.25824329,-2.81096498,band_4.pdf
4,model,3,26,0.26960566,-2.74127181,band_4.pdf
4,model,3,27,0.29801159,-2.53430592,band_4.pdf
4,model,3,28,0.30372062,-2.50854643,band_4.pdf
4,model,3,29,0.30940180,-2.49394246,band_4.pdf
4,model,3,30,0.31508299,-2.46940449,band_4.pdf
4,model,3,31,0.32644536,-2.30953956,band_4.pdf
4,model,3,32,0.33212655,-2.41921451,band_4.pdf
4,model,3,33,0.33780773,-2.55341001,band_4.pdf
4,model,3,34,0.34348892,-2.64832428,band_4.pdf
4,model,3,35,0.36056032,-2.81168164,band_4.pdf
4,model,3,36,0.36624151,-2.82063300,band_4.pdf
4,model,3,37,0.37760388,-2.40137394,band_4.pdf
4,model,3,38,0.40035647,-1.49623346,band_4.pdf
4,model,3,39,0.40603765,-1.46195204,band_4.pdf
4,model,3,40,0.41171884,-1.46614496,band_4.pdf
4,model,3,41,0.42308121,-1.45351880,band_4.pdf
4,model,3,42,0.42876239,-1.43894942,band_4.pdf
4,model,3,43,0.43444358,-1.46575286,band_4.pdf
4,model,3,44,0.44015261,-1.67545109,band_4.pdf
4,model,3,45,0.44583380,-1.90128592,band_4.pdf
4,model,3,46,0.45151498,-2.11147680,band_4.pdf
4,model,3,47,0.45719617,-2.29022501,band_4.pdf
4,model,3,48,0.46287735,-2.42912789,band_4.pdf
4,model,3,49,0.46855854,-2.52645443,band_4.pdf
4,model,3,50,0.47423972,-2.58589806,band_4.pdf
4,model,3,51,0.47992091,-2.61429603,band_4.pdf
4,model,3,52,0.48562994,-2.61941642,band_4.pdf
4,model,3,53,0.49131113,-2.60853410,band_4.pdf
4,model,3,54,0.50267350,-2.56231540,band_4.pdf
4,model,3,55,0.51971705,-2.48939855,band_4.pdf
4,model,3,56,0.53110727,-2.45888205,band_4.pdf
4,model,3,57,0.54246965,-2.44282276,band_4.pdf
4,model,3,58,0.56519439,-2.43090118,band_4.pdf
4,model,3,59,0.59619027,-2.43503852,band_4.pdf
4,model,3,60,0.60315250,-2.44543512,band_4.pdf
4,model,3,61,0.61011474,-2.46474114,band_4.pdf
4,model,3,62,0.61707697,-2.49177594,band_4.pdf
4,model,3,63,0.62403921,-2.52639578,band_4.pdf
4,model,3,64,0.63100145,-2.56864599,band_4.pdf
4,model,3,65,0.63796368,-2.61841110,band_4.pdf
4,model,3,66,0.65188816,-2.73827907,band_4.pdf
4,model,3,67,0.66581263,-2.87788570,band_4.pdf
4,model,3,68,0.68669934,-3.09484773,band_4.pdf
4,model,3,69,0.70062382,-3.22621687,band_4.pdf
4,model,3,70,0.71454829,-3.33507746,band_4.pdf
4,model,3,71,0.72151053,-3.37853046,band_4.pdf
4,model,3,72,0.72847276,-3.24825605,band_4.pdf
4,model,3,73,0.73543500,-2.95619471,band_4.pdf
4,model,3,74,0.74239724,-2.69202660,band_4.pdf
4,model,3,75,0.74935947,-2.46321438,band_4.pdf
4,model,3,76,0.75632171,-2.27446060,band_4.pdf
4,model,3,77,0.76328395,-2.12740971,band_4.pdf
4,model,3,78,0.77024618,-2.02079178,band_4.pdf
4,model,3,79,0.77720842,-1.95084224,band_4.pdf
4,model,3,80,0.78417066,-1.91214975,band_4.pdf
4,model,3,81,0.79113290,-1.90081810,band_4.pdf
4,model,3,82,0.79809513,-1.90250649,band_4.pdf
4,model,3,83,0.81201961,-1.92767634,band_4.pdf
4,model,3,84,0.82594408,-1.95062972,band_4.pdf
4,model,3,85,0.83290632,-1.94978573,band_4.pdf
4,model,3,86,0.83986855,-1.93711911,band_4.pdf
4,model,3,87,0.84683079,-1.94190356,band_4.pdf
4,model,3,88,0.86075526,-1.98663899,band_4.pdf
4,model,3,89,0.87467974,-2.04963713,band_4.pdf
4,model,3,90,0.88860421,-2.13026730,band_4.pdf
4,model,3,91,0.90252868,-2.22732960,band_4.pdf
4,model,3,92,0.91645316,-2.33827874,band_4.pdf
4,model,3,93,0.95822658,-2.68768918,band_4.pdf
4,model,3,94,0.97215105,-2.77659581,band_4.pdf
4,model,3,95,0.97911329,-2.80979761,band_4.pdf
4,model,3,96,0.98607553,-2.83419973,band_4.pdf
4,model,3,97,0.99303776,-2.84912240,band_4.pdf
4,model,3,98,1.00000000,-2.85414378,band_4.pdf
4,model,3,99,1.00000000,-2.85414378,band_4.pdf
4,model,4,0,0.00000000,-2.40167486,band_4.pdf
4,model,4,1,0.01606884,-2.39231522,band_4.pdf
4,model,4,2,0.02411719,-2.37727731,band_4.pdf
4,model,4,3,0.03216554,-2.35232834,band_4.pdf
4,model,4,4,0.04018603,-2.31705268,band_4.pdf
4,model,4,5,0.04823438,-2.27191555,band_4.pdf
4,model,4,6,0.05628272,-2.21738033,band_4.pdf
4,model,4,7,0.06430322,-2.15376985,band_4.pdf
4,model,4,8,0.07235157,-2.08132307,band_4.pdf
4,model,4,9,0.08039991,-2.12109862,band_4.pdf
4,model,4,10,0.08842041,-2.27250341,band_4.pdf
4,model,4,11,0.09646875,-2.31996922,band_4.pdf
4,model,4,12,0.10451710,-2.27841286,band_4.pdf
4,model,4,13,0.11253760,-2.22217722,band_4.pdf
4,model,4,14,0.12058594,-2.15273212,band_4.pdf
4,model,4,15,0.12863429,-2.06945404,band_4.pdf
4,model,4,16,0.13665478,-1.97164984,band_4.pdf
4,model,4,17,0.14470313,-1.85882609,band_4.pdf
4,model,4,18,0.15275148,-1.73076039,band_4.pdf
4,model,4,19,0.16079982,-1.58761814,band_4.pdf
4,model,4,20,0.16882032,-1.43003023,band_4.pdf
4,model,4,21,0.17686866,-1.25938845,band_4.pdf
4,model,4,22,0.19293751,-0.88972729,band_4.pdf
4,model,4,23,0.20903420,-0.51622859,band_4.pdf
4,model,4,24,0.21705470,-0.35156125,band_4.pdf
4,model,4,25,0.22510304,-0.22186113,band_4.pdf
4,model,4,26,0.23315139,-0.14572522,band_4.pdf
4,model,4,27,0.24117188,-0.12393334,band_4.pdf
4,model,4,28,0.24685307,-0.13850064,band_4.pdf
4,model,4,29,0.25256210,-0.19060717,band_4.pdf
4,model,4,30,0.25824329,-0.28188361,band_4.pdf
4,model,4,31,0.26392447,-0.40544706,band_4.pdf
4,model,4,32,0.26960566,-0.55321651,band_4.pdf
4,model,4,33,0.28096803,-0.89312078,band_4.pdf
4,model,4,34,0.30940180,-1.79226335,band_4.pdf
4,model,4,35,0.32076417,-2.12097585,band_4.pdf
4,model,4,36,0.32644536,-2.27149003,band_4.pdf
4,model,4,37,0.33212655,-2.21074876,band_4.pdf
4,model,4,38,0.33780773,-2.10603535,band_4.pdf
4,model,4,39,0.34919795,-1.86911391,band_4.pdf
4,model,4,40,0.36056032,-1.60831246,band_4.pdf
4,model,4,41,0.36624151,-1.51953616,band_4.pdf
4,model,4,42,0.37760388,-1.40775690,band_4.pdf
4,model,4,43,0.38328506,-1.37758089,band_4.pdf
4,model,4,44,0.38896625,-1.39493688,band_4.pdf
4,model,4,45,0.39467528,-1.42318057,band_4.pdf
4,model,4,46,0.40035647,-1.44160403,band_4.pdf
4,model,4,47,0.40603765,-1.27071347,band_4.pdf
4,model,4,48,0.41171884,-1.18789296,band_4.pdf
4,model,4,49,0.41740002,-1.19421235,band_4.pdf
4,model,4,50,0.42308121,-1.21841367,band_4.pdf
4,model,4,51,0.42876239,-1.28886817,band_4.pdf
4,model,4,52,0.43444358,-1.40336408,band_4.pdf
4,model,4,53,0.44015261,-1.38453163,band_4.pdf
4,model,4,54,0.45151498,-1.32580906,band_4.pdf
4,model,4,55,0.45719617,-1.31479515,band_4.pdf
4,model,4,56,0.46287735,-1.33083376,band_4.pdf
4,model,4,57,0.49699231,-1.49158119,band_4.pdf
4,model,4,58,0.50267350,-1.57180160,band_4.pdf
4,model,4,59,0.51403587,-1.78841691,band_4.pdf
4,model,4,60,0.52539824,-1.98045841,band_4.pdf
4,model,4,61,0.53678846,-2.14043651,band_4.pdf
4,model,4,62,0.54246965,-2.20752253,band_4.pdf
4,model,4,63,0.54815083,-2.26562418,band_4.pdf
4,model,4,64,0.55383202,-2.31440335,band_4.pdf
4,model,4,65,0.55951320,-2.35328175,band_4.pdf
4,model,4,66,0.56519439,-2.38110331,band_4.pdf
4,model,4,67,0.57087557,-2.39629556,band_4.pdf
4,model,4,68,0.58226579,-2.40167486,band_4.pdf
4,model,4,69,0.58922803,-2.40007190,band_4.pdf
4,model,4,70,0.59619027,-2.38723055,band_4.pdf
4,model,4,71,0.60315250,-2.35206812,band_4.pdf
4,model,4,72,0.61011474,-2.29568981,band_4.pdf
4,model,4,73,0.61707697,-2.21993812,band_4.pdf
4,model,4,74,0.62403921,-2.12540701,band_4.pdf
4,model,4,75,0.63100145,-2.01244848,band_4.pdf
4,model,4,76,0.63796368,-1.88144134,band_4.pdf
4,model,4,77,0.64492592,-1.73297182,band_4.pdf
4,model,4,78,0.65188816,-1.56866673,band_4.pdf
4,model,4,79,0.65885040,-1.42720316,band_4.pdf
4,model,4,80,0.69366158,-1.35373548,band_4.pdf
4,model,4,81,0.70062382,-1.35909066,band_4.pdf
4,model,4,82,0.70758605,-1.41261849,band_4.pdf
4,model,4,83,0.72847276,-1.62945267,band_4.pdf
4,model,4,84,0.73543500,-1.69079093,band_4.pdf
4,model,4,85,0.74239724,-1.74389146,band_4.pdf
4,model,4,86,0.74935947,-1.78839843,band_4.pdf
4,model,4,87,0.75632171,-1.82434495,band_4.pdf
4,model,4,88,0.76328395,-1.85210909,band_4.pdf
4,model,4,89,0.77720842,-1.88603573,band_4.pdf
4,model,4,90,0.78417066,-1.89406537,band_4.pdf
4,model,4,91,0.82594408,-1.90752142,band_4.pdf
4,model,4,92,0.84683079,-1.93490139,band_4.pdf
4,model,4,93,0.86075526,-1.97925924,band_4.pdf
4,model,4,94,0.87467974,-2.04232676,band_4.pdf
4,model,4,95,0.88860421,-2.12344922,band_4.pdf
4,model,4,96,0.90252868,-2.22132826,band_4.pdf
4,model,4,97,0.92341540,-2.38080789,band_4.pdf
4,model,4,98,0.93037763,-2.19279389,band_4.pdf
4,model,4,99,0.93733987,-1.95650380,band_4.pdf
4,model,4,100,0.95126434,-1.44002335,band_4.pdf
4,model,4,101,0.96518881,-0.90123912,band_4.pdf
4,model,4,102,0.97215105,-0.64769761,band_4.pdf
4,model,4,103,0.97911329,-0.42437152,band_4.pdf
4,model,4,104,0.98607553,-0.24983738,band_4.pdf
4,model,4,105,0.99303776,-0.14749638,band_4.pdf
4,model,4,106,1.00000000,-0.12393334,band_4.pdf
4,model,4,107,1.00000000,-0.12393334,band_4.pdf
4,model,5,0,0.00000000,-1.28653588,band_4.pdf
4,model,5,1,0.00804834,-1.29448417,band_4.pdf
4,model,5,2,0.01606884,-1.32129039,band_4.pdf
4,model,5,3,0.02411719,-1.36631323,band_4.pdf
4,model,5,4,0.03216554,-1.42883111,band_4.pdf
4,model,5,5,0.04018603,-1.50816156,band_4.pdf
4,model,5,6,0.04823438,-1.60346354,band_4.pdf
4,model,5,7,0.05628272,-1.71373595,band_4.pdf
4,model,5,8,0.06430322,-1.83778352,band_4.pdf
4,model,5,9,0.07235157,-1.97420568,band_4.pdf
4,model,5,10,0.08039991,-2.00028931,band_4.pdf
4,model,5,11,0.09646875,-1.81376883,band_4.pdf
4,model,5,12,0.11253760,-1.59817679,band_4.pdf
4,model,5,13,0.13665478,-1.24458066,band_4.pdf
4,model,5,14,0.14470313,-1.27863948,band_4.pdf
4,model,5,15,0.15275148,-1.48340562,band_4.pdf
4,model,5,16,0.16079982,-1.58184058,band_4.pdf
4,model,5,17,0.16882032,-1.42928353,band_4.pdf
4,model,5,18,0.17686866,-1.25930438,band_4.pdf
4,model,5,19,0.19293751,-0.88867179,band_4.pdf
4,model,5,20,0.20903420,-0.51324006,band_4.pdf
4,model,5,21,0.21705470,-0.34603016,band_4.pdf
4,model,5,22,0.22510304,-0.21017103,band_4.pdf
4,model,5,23,0.23315139,-0.12053280,band_4.pdf
4,model,5,24,0.24117188,-0.08909854,band_4.pdf
4,model,5,25,0.24685307,-0.09956618,band_4.pdf
4,model,5,26,0.25256210,-0.14075769,band_4.pdf
4,model,5,27,0.25824329,-0.21781906,band_4.pdf
4,model,5,28,0.26392447,-0.32118973,band_4.pdf
4,model,5,29,0.26960566,-0.44519061,band_4.pdf
4,model,5,30,0.28096803,-0.73342175,band_4.pdf
4,model,5,31,0.29233040,-1.03557338,band_4.pdf
4,model,5,32,0.29801159,-1.17750092,band_4.pdf
4,model,5,33,0.30372062,-1.30686771,band_4.pdf
4,model,5,34,0.30940180,-1.41995571,band_4.pdf
4,model,5,35,0.31508299,-1.51402095,band_4.pdf
4,model,5,36,0.32076417,-1.58733506,band_4.pdf
4,model,5,37,0.32644536,-1.63913758,band_4.pdf
4,model,5,38,0.33212655,-1.66961107,band_4.pdf
4,model,5,39,0.33780773,-1.67979077,band_4.pdf
4,model,5,40,0.34348892,-1.67144847,band_4.pdf
4,model,5,41,0.34919795,-1.64688491,band_4.pdf
4,model,5,42,0.35487914,-1.60844203,band_4.pdf
4,model,5,43,0.36056032,-1.55474256,band_4.pdf
4,model,5,44,0.36624151,-1.44791447,band_4.pdf
4,model,5,45,0.37192269,-1.30693395,band_4.pdf
4,model,5,46,0.37760388,-1.26676897,band_4.pdf
4,model,5,47,0.38328506,-1.29705317,band_4.pdf
4,model,5,48,0.38896625,-1.27534820,band_4.pdf
4,model,5,49,0.40035647,-1.21203835,band_4.pdf
4,model,5,50,0.40603765,-1.19382125,band_4.pdf
4,model,5,51,0.41171884,-1.13878752,band_4.pdf
4,model,5,52,0.42308121,-1.14496110,band_4.pdf
4,model,5,53,0.43444358,-1.16350044,band_4.pdf
4,model,5,54,0.45151498,-1.23386833,band_4.pdf
4,model,5,55,0.47423972,-1.27039910,band_4.pdf
4,model,5,56,0.48562994,-1.29523929,band_4.pdf
4,model,5,57,0.49131113,-1.32947088,band_4.pdf
4,model,5,58,0.49699231,-1.43310994,band_4.pdf
4,model,5,59,0.50267350,-1.48418633,band_4.pdf
4,model,5,60,0.50835468,-1.49394222,band_4.pdf
4,model,5,61,0.51403587,-1.49394880,band_4.pdf
4,model,5,62,0.52539824,-1.47259203,band_4.pdf
4,model,5,63,0.53678846,-1.43000636,band_4.pdf
4,model,5,64,0.55951320,-1.32883141,band_4.pdf
4,model,5,65,0.57087557,-1.29489713,band_4.pdf
4,model,5,66,0.58226579,-1.28653588,band_4.pdf
4,model,5,67,0.59619027,-1.29748828,band_4.pdf
4,model,5,68,0.61011474,-1.32717609,band_4.pdf
4,model,5,69,0.63796368,-1.39951426,band_4.pdf
4,model,5,70,0.65188816,-1.41514056,band_4.pdf
4,model,5,71,0.67973711,-1.34539526,band_4.pdf
4,model,5,72,0.69366158,-1.30410107,band_4.pdf
4,model,5,73,0.70062382,-1.31630384,band_4.pdf
4,model,5,74,0.72847276,-1.62467906,band_4.pdf
4,model,5,75,0.73543500,-1.68695912,band_4.pdf
4,model,5,76,0.74239724,-1.74059490,band_4.pdf
4,model,5,77,0.74935947,-1.78538738,band_4.pdf
4,model,5,78,0.75632171,-1.82144399,band_4.pdf
4,model,5,79,0.76328395,-1.84918502,band_4.pdf
4,model,5,80,0.77720842,-1.88282413,band_4.pdf
4,model,5,81,0.79113290,-1.89438999,band_4.pdf
4,model,5,82,0.83290632,-1.90848408,band_4.pdf
4,model,5,83,0.83986855,-1.91939780,band_4.pdf
4,model,5,84,0.84683079,-1.91056327,band_4.pdf
4,model,5,85,0.85379303,-1.86950673,band_4.pdf
4,model,5,86,0.86075526,-1.81295843,band_4.pdf
4,model,5,87,0.86771750,-1.74056060,band_4.pdf
4,model,5,88,0.87467974,-1.65206674,band_4.pdf
4,model,5,89,0.88164197,-1.54722322,band_4.pdf
4,model,5,90,0.88860421,-1.42571520,band_4.pdf
4,model,5,91,0.89556645,-1.28716740,band_4.pdf
4,model,5,92,0.90252868,-1.13161904,band_4.pdf
4,model,5,93,0.90949092,-0.96264521,band_4.pdf
4,model,5,94,0.91645316,-0.81226014,band_4.pdf
4,model,5,95,0.92341540,-0.71497364,band_4.pdf
4,model,5,96,0.93733987,-0.55340267,band_4.pdf
4,model,5,97,0.95126434,-0.40279968,band_4.pdf
4,model,5,98,0.96518881,-0.26933909,band_4.pdf
4,model,5,99,0.97215105,-0.21392883,band_4.pdf
4,model,5,100,0.97911329,-0.16830184,band_4.pdf
4,model,5,101,0.98607553,-0.13316785,band_4.pdf
4,model,5,102,0.99303776,-0.10526210,band_4.pdf
4,model,5,103,1.00000000,-0.08909854,band_4.pdf
4,model,5,104,1.00000000,-0.08909854,band_4.pdf
4,model,6,0,0.00000000,-1.27922106,band_4.pdf
4,model,6,1,0.01606884,-1.27322268,band_4.pdf
4,model,6,2,0.02411719,-1.26124232,band_4.pdf
4,model,6,3,0.03216554,-1.24059226,band_4.pdf
4,model,6,4,0.04018603,-1.20926904,band_4.pdf
4,model,6,5,0.04823438,-1.16605729,band_4.pdf
4,model,6,6,0.05628272,-1.11064461,band_4.pdf
4,model,6,7,0.06430322,-1.04350497,band_4.pdf
4,model,6,8,0.07235157,-0.96565252,band_4.pdf
4,model,6,9,0.08039991,-0.87838498,band_4.pdf
4,model,6,10,0.09646875,-0.68001946,band_4.pdf
4,model,6,11,0.10451710,-0.56930216,band_4.pdf
4,model,6,12,0.11253760,-0.44868286,band_4.pdf
4,model,6,13,0.12058594,-0.58136564,band_4.pdf
4,model,6,14,0.13665478,-1.02467080,band_4.pdf
4,model,6,15,0.14470313,-1.08546563,band_4.pdf
4,model,6,16,0.16079982,-0.84337890,band_4.pdf
4,model,6,17,0.17686866,-0.60306125,band_4.pdf
4,model,6,18,0.18491701,-0.49267034,band_4.pdf
4,model,6,19,0.19293751,-0.39167540,band_4.pdf
4,model,6,20,0.20098585,-0.30197181,band_4.pdf
4,model,6,21,0.20903420,-0.22512386,band_4.pdf
4,model,6,22,0.21705470,-0.16196474,band_4.pdf
4,model,6,23,0.22510304,-0.11151751,band_4.pdf
4,model,6,24,0.23315139,-0.07103585,band_4.pdf
4,model,6,25,0.24117188,-0.05233232,band_4.pdf
4,model,6,26,0.25256210,-0.07641734,band_4.pdf
4,model,6,27,0.26392447,-0.07447804,band_4.pdf
4,model,6,28,0.28096803,-0.05288191,band_4.pdf
4,model,6,29,0.31508299,0.00135986,band_4.pdf
4,model,6,30,0.32076417,-0.12277883,band_4.pdf
4,model,6,31,0.33212655,-0.44233930,band_4.pdf
4,model,6,32,0.33780773,-0.58626907,band_4.pdf
4,model,6,33,0.34348892,-0.71867451,band_4.pdf
4,model,6,34,0.34919795,-0.83950094,band_4.pdf
4,model,6,35,0.35487914,-0.94879291,band_4.pdf
4,model,6,36,0.36056032,-1.04658154,band_4.pdf
4,model,6,37,0.36624151,-1.13281082,band_4.pdf
4,model,6,38,0.37192269,-1.20700280,band_4.pdf
4,model,6,39,0.37760388,-1.16394060,band_4.pdf
4,model,6,40,0.38896625,-0.89662998,band_4.pdf
4,model,6,41,0.39467528,-0.78431310,band_4.pdf
4,model,6,42,0.40035647,-0.69579246,band_4.pdf
4,model,6,43,0.40603765,-0.68693797,band_4.pdf
4,model,6,44,0.41171884,-0.82226700,band_4.pdf
4,model,6,45,0.41740002,-0.85908838,band_4.pdf
4,model,6,46,0.42308121,-0.95849270,band_4.pdf
4,model,6,47,0.42876239,-1.07581331,band_4.pdf
4,model,6,48,0.43444358,-1.14577179,band_4.pdf
4,model,6,49,0.44015261,-1.17471573,band_4.pdf
4,model,6,50,0.45151498,-1.20511451,band_4.pdf
4,model,6,51,0.45719617,-1.21067600,band_4.pdf
4,model,6,52,0.46287735,-1.18611510,band_4.pdf
4,model,6,53,0.47423972,-1.09042244,band_4.pdf
4,model,6,54,0.47992091,-1.06626348,band_4.pdf
4,model,6,55,0.49131113,-1.28035240,band_4.pdf
4,model,6,56,0.49699231,-1.30161680,band_4.pdf
4,model,6,57,0.50835468,-1.31288352,band_4.pdf
4,model,6,58,0.52539824,-1.31396094,band_4.pdf
4,model,6,59,0.55383202,-1.29604856,band_4.pdf
4,model,6,60,0.58226579,-1.27922106,band_4.pdf
4,model,6,61,0.59619027,-1.29005349,band_4.pdf
4,model,6,62,0.61011474,-1.31790455,band_4.pdf
4,model,6,63,0.63100145,-1.36624284,band_4.pdf
4,model,6,64,0.64492592,-1.38446462,band_4.pdf
4,model,6,65,0.65188816,-1.38507493,band_4.pdf
4,model,6,66,0.65885040,-1.35586070,band_4.pdf
4,model,6,67,0.66581263,-1.17442749,band_4.pdf
4,model,6,68,0.67277487,-0.97734742,band_4.pdf
4,model,6,69,0.67973711,-1.01182886,band_4.pdf
4,model,6,70,0.69366158,-1.19655063,band_4.pdf
4,model,6,71,0.70062382,-1.25650722,band_4.pdf
4,model,6,72,0.70758605,-1.25315556,band_4.pdf
4,model,6,73,0.72151053,-1.20408389,band_4.pdf
4,model,6,74,0.74935947,-1.09535708,band_4.pdf
4,model,6,75,0.76328395,-1.05319432,band_4.pdf
4,model,6,76,0.77720842,-1.02411731,band_4.pdf
4,model,6,77,0.79113290,-1.01112559,band_4.pdf
4,model,6,78,0.80505737,-1.02438807,band_4.pdf
4,model,6,79,0.81898184,-1.05251078,band_4.pdf
4,model,6,80,0.84683079,-1.11432195,band_4.pdf
4,model,6,81,0.85379303,-1.12061871,band_4.pdf
4,model,6,82,0.86075526,-1.11949187,band_4.pdf
4,model,6,83,0.86771750,-1.10950479,band_4.pdf
4,model,6,84,0.87467974,-1.08969434,band_4.pdf
4,model,6,85,0.88164197,-1.05959002,band_4.pdf
4,model,6,86,0.88860421,-1.01915215,band_4.pdf
4,model,6,87,0.89556645,-0.96860117,band_4.pdf
4,model,6,88,0.90949092,-0.84272273,band_4.pdf
4,model,6,89,0.92341540,-0.70376700,band_4.pdf
4,model,6,90,0.93733987,-0.54462146,band_4.pdf
4,model,6,91,0.95126434,-0.38254108,band_4.pdf
4,model,6,92,0.96518881,-0.23944955,band_4.pdf
4,model,6,93,0.97215105,-0.18009225,band_4.pdf
4,model,6,94,0.97911329,-0.13124946,band_4.pdf
4,model,6,95,0.98607553,-0.09391238,band_4.pdf
4,model,6,96,0.99303776,-0.06675014,band_4.pdf
4,model,6,97,1.00000000,-0.05233232,band_4.pdf
4,model,6,98,1.00000000,-0.05233232,band_4.pdf
4,model,7,0,0.00000000,-0.29177642,band_4.pdf
4,model,7,1,0.03216554,-0.28944353,band_4.pdf
4,model,7,2,0.07235157,-0.31331253,band_4.pdf
4,model,7,3,0.08039991,-0.30781082,band_4.pdf
4,model,7,4,0.08842041,-0.29503050,band_4.pdf
4,model,7,5,0.09646875,-0.27337127,band_4.pdf
4,model,7,6,0.10451710,-0.24362564,band_4.pdf
4,model,7,7,0.11253760,-0.35694601,band_4.pdf
4,model,7,8,0.12058594,-0.31384825,band_4.pdf
4,model,7,9,0.12863429,-0.15976924,band_4.pdf
4,model,7,10,0.13665478,0.00464232,band_4.pdf
4,model,7,11,0.15275148,0.29516173,band_4.pdf
4,model,7,12,0.16079982,0.45826486,band_4.pdf
4,model,7,13,0.16882032,0.64182330,band_4.pdf
4,model,7,14,0.17686866,0.84610656,band_4.pdf
4,model,7,15,0.18491701,1.06973642,band_4.pdf
4,model,7,16,0.20098585,1.55899295,band_4.pdf
4,model,7,17,0.20903420,1.80836435,band_4.pdf
4,model,7,18,0.21705470,2.04150547,band_4.pdf
4,model,7,19,0.22510304,2.23472428,band_4.pdf
4,model,7,20,0.23315139,2.35554906,band_4.pdf
4,model,7,21,0.24117188,2.38944613,band_4.pdf
4,model,7,22,0.24685307,2.36687324,band_4.pdf
4,model,7,23,0.25256210,2.28764642,band_4.pdf
4,model,7,24,0.25824329,2.15455157,band_4.pdf
4,model,7,25,0.26392447,1.98062656,band_4.pdf
4,model,7,26,0.26960566,1.77913566,band_4.pdf
4,model,7,27,0.28096803,1.33532488,band_4.pdf
4,model,7,28,0.29801159,0.66541584,band_4.pdf
4,model,7,29,0.30940180,0.25665404,band_4.pdf
4,model,7,30,0.31508299,0.07804429,band_4.pdf
4,model,7,31,0.32076417,0.03561657,band_4.pdf
4,model,7,32,0.34348892,0.07857397,band_4.pdf
4,model,7,33,0.36624151,0.11679283,band_4.pdf
4,model,7,34,0.38328506,0.13552947,band_4.pdf
4,model,7,35,0.38896625,0.04441164,band_4.pdf
4,model,7,36,0.40035647,-0.45790149,band_4.pdf
4,model,7,37,0.40603765,-0.63863362,band_4.pdf
4,model,7,38,0.41171884,-0.61880978,band_4.pdf
4,model,7,39,0.41740002,-0.64004283,band_4.pdf
4,model,7,40,0.42308121,-0.69908499,band_4.pdf
4,model,7,41,0.44015261,-0.95655784,band_4.pdf
4,model,7,42,0.44583380,-1.01506670,band_4.pdf
4,model,7,43,0.45151498,-1.04491436,band_4.pdf
4,model,7,44,0.45719617,-1.04715180,band_4.pdf
4,model,7,45,0.46287735,-1.02553173,band_4.pdf
4,model,7,46,0.47423972,-0.94373201,band_4.pdf
4,model,7,47,0.47992091,-1.00634315,band_4.pdf
4,model,7,48,0.48562994,-0.96472825,band_4.pdf
4,model,7,49,0.52539824,-0.55359516,band_4.pdf
4,model,7,50,0.53678846,-0.45694037,band_4.pdf
4,model,7,51,0.54815083,-0.37854675,band_4.pdf
4,model,7,52,0.55951320,-0.32299567,band_4.pdf
4,model,7,53,0.56519439,-0.30544819,band_4.pdf
4,model,7,54,0.57087557,-0.29535772,band_4.pdf
4,model,7,55,0.58226579,-0.29177642,band_4.pdf
4,model,7,56,0.59619027,-0.29839033,band_4.pdf
4,model,7,57,0.60315250,-0.31366026,band_4.pdf
4,model,7,58,0.61011474,-0.33700621,band_4.pdf
4,model,7,59,0.61707697,-0.36827369,band_4.pdf
4,model,7,60,0.62403921,-0.40771092,band_4.pdf
4,model,7,61,0.63100145,-0.45561884,band_4.pdf
4,model,7,62,0.63796368,-0.51218177,band_4.pdf
4,model,7,63,0.64492592,-0.57731255,band_4.pdf
4,model,7,64,0.65885040,-0.73103903,band_4.pdf
4,model,7,65,0.67277487,-0.90727329,band_4.pdf
4,model,7,66,0.69366158,-1.17754299,band_4.pdf
4,model,7,67,0.70062382,-1.23230756,band_4.pdf
4,model,7,68,0.70758605,-1.22567261,band_4.pdf
4,model,7,69,0.75632171,-1.04935819,band_4.pdf
4,model,7,70,0.77024618,-1.02128638,band_4.pdf
4,model,7,71,0.78417066,-1.00943376,band_4.pdf
4,model,7,72,0.80505737,-1.01256176,band_4.pdf
4,model,7,73,0.81898184,-1.02952345,band_4.pdf
4,model,7,74,0.84683079,-1.07760354,band_4.pdf
4,model,7,75,0.86075526,-1.08319193,band_4.pdf
4,model,7,76,0.86771750,-1.07539863,band_4.pdf
4,model,7,77,0.87467974,-1.05896330,band_4.pdf
4,model,7,78,0.88164197,-1.03326644,band_4.pdf
4,model,7,79,0.88860421,-0.99815182,band_4.pdf
4,model,7,80,0.89556645,-0.95383379,band_4.pdf
4,model,7,81,0.90252868,-0.90044508,band_4.pdf
4,model,7,82,0.90949092,-0.83038771,band_4.pdf
4,model,7,83,0.91645316,-0.70909932,band_4.pdf
4,model,7,84,0.92341540,-0.50622788,band_4.pdf
4,model,7,85,0.93037763,-0.26329704,band_4.pdf
4,model,7,86,0.93733987,0.00796642,band_4.pdf
4,model,7,87,0.94430211,0.30495774,band_4.pdf
4,model,7,88,0.95822658,0.96102952,band_4.pdf
4,model,7,89,0.97215105,1.64017223,band_4.pdf
4,model,7,90,0.97911329,1.94641120,band_4.pdf
4,model,7,91,0.98607553,2.19544808,band_4.pdf
4,model,7,92,0.99303776,2.35148382,band_4.pdf
4,model,7,93,1.00000000,2.38944613,band_4.pdf
4,model,7,94,1.00000000,2.38944613,band_4.pdf
4,model,8,0,0.00000000,-0.26943928,band_4.pdf
4,model,8,1,0.01606884,-0.27422545,band_4.pdf
4,model,8,2,0.07235157,-0.30920996,band_4.pdf
4,model,8,3,0.08039991,-0.30279429,band_4.pdf
4,model,8,4,0.08842041,-0.28883529,band_4.pdf
4,model,8,5,0.09646875,-0.26535324,band_4.pdf
4,model,8,6,0.10451710,-0.23024727,band_4.pdf
4,model,8,7,0.11253760,-0.18737626,band_4.pdf
4,model,8,8,0.12058594,-0.12798720,band_4.pdf
4,model,8,9,0.12863429,-0.04980303,band_4.pdf
4,model,8,10,0.13665478,0.04726354,band_4.pdf
4,model,8,11,0.14470313,0.16442140,band_4.pdf
4,model,8,12,0.15275148,0.30274387,band_4.pdf
4,model,8,13,0.16079982,0.46292537,band_4.pdf
4,model,8,14,0.16882032,0.64515149,band_4.pdf
4,model,8,15,0.17686866,0.84882089,band_4.pdf
4,model,8,16,0.18491701,1.07222916,band_4.pdf
4,model,8,17,0.20098585,1.56183532,band_4.pdf
4,model,8,18,0.20903420,1.81191816,band_4.pdf
4,model,8,19,0.21705470,2.04668883,band_4.pdf
4,model,8,20,0.22510304,2.24433988,band_4.pdf
4,model,8,21,0.23315139,2.37877729,band_4.pdf
4,model,8,22,0.24117188,2.42678439,band_4.pdf
4,model,8,23,0.24685307,2.41031209,band_4.pdf
4,model,8,24,0.25256210,2.34222863,band_4.pdf
4,model,8,25,0.25824329,2.22568121,band_4.pdf
4,model,8,26,0.26392447,2.07415507,band_4.pdf
4,model,8,27,0.26960566,1.89654111,band_4.pdf
4,model,8,28,0.29233040,1.11315032,band_4.pdf
4,model,8,29,0.29801159,0.94352411,band_4.pdf
4,model,8,30,0.30372062,0.79868133,band_4.pdf
4,model,8,31,0.30940180,0.68312738,band_4.pdf
4,model,8,32,0.31508299,0.59952373,band_4.pdf
4,model,8,33,0.32076417,0.54859718,band_4.pdf
4,model,8,34,0.32644536,0.52929893,band_4.pdf
4,model,8,35,0.33212655,0.53912734,band_4.pdf
4,model,8,36,0.33780773,0.57459372,band_4.pdf
4,model,8,37,0.34348892,0.63167613,band_4.pdf
4,model,8,38,0.34919795,0.70614083,band_4.pdf
4,model,8,39,0.35487914,0.79371973,band_4.pdf
4,model,8,40,0.36624151,0.98903687,band_4.pdf
4,model,8,41,0.37192269,0.87180069,band_4.pdf
4,model,8,42,0.38328506,0.31414941,band_4.pdf
4,model,8,43,0.38896625,0.14424906,band_4.pdf
4,model,8,44,0.41171884,0.15026889,band_4.pdf
4,model,8,45,0.41740002,0.13823752,band_4.pdf
4,model,8,46,0.42308121,0.10261473,band_4.pdf
4,model,8,47,0.42876239,0.04477696,band_4.pdf
4,model,8,48,0.43444358,-0.03312265,band_4.pdf
4,model,8,49,0.44015261,-0.12838671,band_4.pdf
4,model,8,50,0.44583380,-0.23797943,band_4.pdf
4,model,8,51,0.45719617,-0.48762200,band_4.pdf
4,model,8,52,0.46855854,-0.75684354,band_4.pdf
4,model,8,53,0.47423972,-0.87767862,band_4.pdf
4,model,8,54,0.47992091,-0.85231758,band_4.pdf
4,model,8,55,0.50835468,-0.51096500,band_4.pdf
4,model,8,56,0.51403587,-0.45787293,band_4.pdf
4,model,8,57,0.51971705,-0.41290253,band_4.pdf
4,model,8,58,0.52539824,-0.37592633,band_4.pdf
4,model,8,59,0.53678846,-0.32309372,band_4.pdf
4,model,8,60,0.54815083,-0.29150998,band_4.pdf
4,model,8,61,0.55951320,-0.27317166,band_4.pdf
4,model,8,62,0.57087557,-0.26650117,band_4.pdf
4,model,8,63,0.59619027,-0.27160503,band_4.pdf
4,model,8,64,0.60315250,-0.28581992,band_4.pdf
4,model,8,65,0.61011474,-0.31004500,band_4.pdf
4,model,8,66,0.61707697,-0.34306278,band_4.pdf
4,model,8,67,0.62403921,-0.38476963,band_4.pdf
4,model,8,68,0.63100145,-0.43528346,band_4.pdf
4,model,8,69,0.63796368,-0.49463430,band_4.pdf
4,model,8,70,0.64492592,-0.56257360,band_4.pdf
4,model,8,71,0.65885040,-0.72117039,band_4.pdf
4,model,8,72,0.66581263,-0.80845351,band_4.pdf
4,model,8,73,0.67277487,-0.87998355,band_4.pdf
4,model,8,74,0.67973711,-0.70034597,band_4.pdf
4,model,8,75,0.68669934,-0.43876208,band_4.pdf
4,model,8,76,0.69366158,-0.14838711,band_4.pdf
4,model,8,77,0.70062382,0.17357071,band_4.pdf
4,model,8,78,0.70758605,0.53281310,band_4.pdf
4,model,8,79,0.71454829,0.93645825,band_4.pdf
4,model,8,80,0.72151053,1.39137779,band_4.pdf
4,model,8,81,0.72847276,1.69199360,band_4.pdf
4,model,8,82,0.74935947,1.82923741,band_4.pdf
4,model,8,83,0.76328395,1.90556019,band_4.pdf
4,model,8,84,0.77720842,1.96005850,band_4.pdf
4,model,8,85,0.78417066,1.97633067,band_4.pdf
4,model,8,86,0.79113290,1.98364276,band_4.pdf
4,model,8,87,0.79809513,1.97596209,band_4.pdf
4,model,8,88,0.80505737,1.95763301,band_4.pdf
4,model,8,89,0.81201961,1.92877847,band_4.pdf
4,model,8,90,0.81898184,1.88994941,band_4.pdf
4,model,8,91,0.83290632,1.78784055,band_4.pdf
4,model,8,92,0.86075526,1.55319281,band_4.pdf
4,model,8,93,0.86771750,1.50498036,band_4.pdf
4,model,8,94,0.87467974,1.46653066,band_4.pdf
4,model,8,95,0.88164197,1.44019748,band_4.pdf
4,model,8,96,0.88860421,1.42796372,band_4.pdf
4,model,8,97,0.89556645,1.43135105,band_4.pdf
4,model,8,98,0.90252868,1.45133154,band_4.pdf
4,model,8,99,0.90949092,1.48823747,band_4.pdf
4,model,8,100,0.91645316,1.54167346,band_4.pdf
4,model,8,101,0.92341540,1.61047015,band_4.pdf
4,model,8,102,0.93733987,1.78162680,band_4.pdf
4,model,8,103,0.96518881,2.16109498,band_4.pdf
4,model,8,104,0.97215105,2.24315172,band_4.pdf
4,model,8,105,0.97911329,2.31202110,band_4.pdf
4,model,8,106,0.98607553,2.36493548,band_4.pdf
4,model,8,107,0.99303776,2.40365516,band_4.pdf
4,model,8,108,1.00000000,2.42678439,band_4.pdf
4,model,8,109,1.00000000,2.42678439,band_4.pdf
4,model,9,0,0.00000000,-0.23704544,band_4.pdf
4,model,9,1,0.01606884,-0.22741569,band_4.pdf
4,model,9,2,0.02411719,-0.21003393,band_4.pdf
4,model,9,3,0.03216554,-0.18107186,band_4.pdf
4,model,9,4,0.04018603,-0.14109801,band_4.pdf
4,model,9,5,0.04823438,-0.09098796,band_4.pdf
4,model,9,6,0.05628272,-0.03129313,band_4.pdf
4,model,9,7,0.06430322,0.03766116,band_4.pdf
4,model,9,8,0.07235157,0.11568856,band_4.pdf
4,model,9,9,0.08039991,0.20266040,band_4.pdf
4,model,9,10,0.08842041,0.29848134,band_4.pdf
4,model,9,11,0.10451710,-0.12289697,band_4.pdf
4,model,9,12,0.11253760,-0.18123343,band_4.pdf
4,model,9,13,0.12058594,-0.11544049,band_4.pdf
4,model,9,14,0.12863429,-0.02714867,band_4.pdf
4,model,9,15,0.13665478,0.10743905,band_4.pdf
4,model,9,16,0.14470313,0.33729730,band_4.pdf
4,model,9,17,0.15275148,0.66271408,band_4.pdf
4,model,9,18,0.16079982,1.08922462,band_4.pdf
4,model,9,19,0.16882032,1.63028268,band_4.pdf
4,model,9,20,0.17686866,1.77821441,band_4.pdf
4,model,9,21,0.18491701,1.91380449,band_4.pdf
4,model,9,22,0.19293751,2.03912476,band_4.pdf
4,model,9,23,0.20098585,2.15135798,band_4.pdf
4,model,9,24,0.20903420,2.24794121,band_4.pdf
4,model,9,25,0.21705470,2.32695598,band_4.pdf
4,model,9,26,0.22510304,2.38823439,band_4.pdf
4,model,9,27,0.23315139,2.43660563,band_4.pdf
4,model,9,28,0.24117188,2.46241192,band_4.pdf
4,model,9,29,0.25256210,2.43639293,band_4.pdf
4,model,9,30,0.26392447,2.44291092,band_4.pdf
4,model,9,31,0.28096803,2.47035109,band_4.pdf
4,model,9,32,0.31508299,2.54673294,band_4.pdf
4,model,9,33,0.33780773,2.59181835,band_4.pdf
4,model,9,34,0.34348892,2.50416356,band_4.pdf
4,model,9,35,0.35487914,1.81027746,band_4.pdf
4,model,9,36,0.36624151,1.17694725,band_4.pdf
4,model,9,37,0.37192269,1.09896979,band_4.pdf
4,model,9,38,0.38328506,1.28826977,band_4.pdf
4,model,9,39,0.38896625,1.36964664,band_4.pdf
4,model,9,40,0.39467528,1.43694418,band_4.pdf
4,model,9,41,0.40035647,1.48725395,band_4.pdf
4,model,9,42,0.40603765,1.51836489,band_4.pdf
4,model,9,43,0.41171884,1.52889213,band_4.pdf
4,model,9,44,0.42308121,1.52112099,band_4.pdf
4,model,9,45,0.43444358,1.49605731,band_4.pdf
4,model,9,46,0.44583380,1.45308795,band_4.pdf
4,model,9,47,0.46287735,1.36630571,band_4.pdf
4,model,9,48,0.47423972,1.30450058,band_4.pdf
4,model,9,49,0.47992091,1.23279896,band_4.pdf
4,model,9,50,0.49699231,0.80139785,band_4.pdf
4,model,9,51,0.50835468,0.54299659,band_4.pdf
4,model,9,52,0.51971705,0.31706648,band_4.pdf
4,model,9,53,0.52539824,0.21721336,band_4.pdf
4,model,9,54,0.53110727,0.12643064,band_4.pdf
4,model,9,55,0.53678846,0.04492745,band_4.pdf
4,model,9,56,0.54246965,-0.02711294,band_4.pdf
4,model,9,57,0.54815083,-0.08949497,band_4.pdf
4,model,9,58,0.55383202,-0.14197198,band_4.pdf
4,model,9,59,0.55951320,-0.18407656,band_4.pdf
4,model,9,60,0.56519439,-0.21472767,band_4.pdf
4,model,9,61,0.57087557,-0.23180454,band_4.pdf
4,model,9,62,0.58226579,-0.23704544,band_4.pdf
4,model,9,63,0.58922803,-0.23560951,band_4.pdf
4,model,9,64,0.59619027,-0.22147004,band_4.pdf
4,model,9,65,0.60315250,-0.18384472,band_4.pdf
4,model,9,66,0.61011474,-0.12557427,band_4.pdf
4,model,9,67,0.61707697,-0.04875766,band_4.pdf
4,model,9,68,0.62403921,0.04588324,band_4.pdf
4,model,9,69,0.63100145,0.15793244,band_4.pdf
4,model,9,70,0.63796368,0.28705886,band_4.pdf
4,model,9,71,0.64492592,0.43295756,band_4.pdf
4,model,9,72,0.65188816,0.59544456,band_4.pdf
4,model,9,73,0.65885040,0.77452628,band_4.pdf
4,model,9,74,0.66581263,0.97051388,band_4.pdf
4,model,9,75,0.67973711,1.39891195,band_4.pdf
4,model,9,76,0.68669934,1.44378625,band_4.pdf
4,model,9,77,0.70062382,1.51290572,band_4.pdf
4,model,9,78,0.71454829,1.59874705,band_4.pdf
4,model,9,79,0.72151053,1.64543487,band_4.pdf
4,model,9,80,0.72847276,1.71892234,band_4.pdf
4,model,9,81,0.74239724,1.81345167,band_4.pdf
4,model,9,82,0.75632171,1.89218537,band_4.pdf
4,model,9,83,0.77024618,1.95107378,band_4.pdf
4,model,9,84,0.77720842,1.97046304,band_4.pdf
4,model,9,85,0.78417066,1.98171708,band_4.pdf
4,model,9,86,0.79809513,1.98157068,band_4.pdf
4,model,9,87,0.80505737,1.96889113,band_4.pdf
4,model,9,88,0.81201961,1.94555472,band_4.pdf
4,model,9,89,0.81898184,1.91190233,band_4.pdf
4,model,9,90,0.82594408,1.86894209,band_4.pdf
4,model,9,91,0.83986855,1.76242281,band_4.pdf
4,model,9,92,0.86075526,1.59059843,band_4.pdf
4,model,9,93,0.86771750,1.54185642,band_4.pdf
4,model,9,94,0.87467974,1.50205368,band_4.pdf
4,model,9,95,0.88164197,1.47360055,band_4.pdf
4,model,9,96,0.88860421,1.45853716,band_4.pdf
4,model,9,97,0.89556645,1.45844219,band_4.pdf
4,model,9,98,0.90252868,1.47434624,band_4.pdf
4,model,9,99,0.90949092,1.50664309,band_4.pdf
4,model,9,100,0.91645316,1.55500438,band_4.pdf
4,model,9,101,0.92341540,1.61833491,band_4.pdf
4,model,9,102,0.93037763,1.69475041,band_4.pdf
4,model,9,103,0.93733987,1.78552502,band_4.pdf
4,model,9,104,0.96518881,2.18845167,band_4.pdf
4,model,9,105,0.97215105,2.27538635,band_4.pdf
4,model,9,106,0.97911329,2.34829793,band_4.pdf
4,model,9,107,0.98607553,2.40404270,band_4.pdf
4,model,9,108,0.99303776,2.44231678,band_4.pdf
4,model,9,109,1.00000000,2.46241192,band_4.pdf
4,model,9,110,1.00000000,2.46241192,band_4.pdf
4,model,10,0,0.00000000,1.62740542,band_4.pdf
4,model,10,1,0.00804834,1.61513723,band_4.pdf
4,model,10,2,0.01606884,1.57764991,band_4.pdf
4,model,10,3,0.02411719,1.51576675,band_4.pdf
4,model,10,4,0.03216554,1.43040752,band_4.pdf
4,model,10,5,0.04018603,1.32278575,band_4.pdf
4,model,10,6,0.04823438,1.19439608,band_4.pdf
4,model,10,7,0.05628272,1.04693608,band_4.pdf
4,model,10,8,0.06430322,0.88229132,band_4.pdf
4,model,10,9,0.07235157,0.70244814,band_4.pdf
4,model,10,10,0.08039991,0.50950507,band_4.pdf
4,model,10,11,0.08842041,0.30561995,band_4.pdf
4,model,10,12,0.09646875,0.40301967,band_4.pdf
4,model,10,13,0.10451710,0.51608254,band_4.pdf
4,model,10,14,0.12058594,0.76624975,band_4.pdf
4,model,10,15,0.13665478,1.04370333,band_4.pdf
4,model,10,16,0.16882032,1.63548352,band_4.pdf
4,model,10,17,0.17686866,2.29375252,band_4.pdf
4,model,10,18,0.18491701,3.07413777,band_4.pdf
4,model,10,19,0.19293751,3.95136262,band_4.pdf
4,model,10,20,0.20903420,5.82940182,band_4.pdf
4,model,10,21,0.21705470,6.70176893,band_4.pdf
4,model,10,22,0.22510304,7.41539308,band_4.pdf
4,model,10,23,0.23315139,7.85847795,band_4.pdf
4,model,10,24,0.24117188,7.94719494,band_4.pdf
4,model,10,25,0.24685307,7.95952966,band_4.pdf
4,model,10,26,0.25256210,7.93400853,band_4.pdf
4,model,10,27,0.25824329,7.81544567,band_4.pdf
4,model,10,28,0.26392447,7.63511690,band_4.pdf
4,model,10,29,0.26960566,7.40452640,band_4.pdf
4,model,10,30,0.27528684,7.12987318,band_4.pdf
4,model,10,31,0.28096803,6.81701277,band_4.pdf
4,model,10,32,0.28664922,6.47194931,band_4.pdf
4,model,10,33,0.29801159,5.71008533,band_4.pdf
4,model,10,34,0.31508299,4.47836966,band_4.pdf
4,model,10,35,0.33212655,3.26263992,band_4.pdf
4,model,10,36,0.33780773,2.87848232,band_4.pdf
4,model,10,37,0.34348892,2.60467090,band_4.pdf
4,model,10,38,0.37192269,2.63106955,band_4.pdf
4,model,10,39,0.37760388,2.54035194,band_4.pdf
4,model,10,40,0.38328506,2.34482245,band_4.pdf
4,model,10,41,0.38896625,2.17148820,band_4.pdf
4,model,10,42,0.39467528,2.02684674,band_4.pdf
4,model,10,43,0.40035647,1.91664839,band_4.pdf
4,model,10,44,0.40603765,1.84707657,band_4.pdf
4,model,10,45,0.41171884,1.82321699,band_4.pdf
4,model,10,46,0.42308121,1.81309411,band_4.pdf
4,model,10,47,0.43444358,1.78440944,band_4.pdf
4,model,10,48,0.44583380,1.74177885,band_4.pdf
4,model,10,49,0.45719617,1.69095712,band_4.pdf
4,model,10,50,0.46287735,1.66006249,band_4.pdf
4,model,10,51,0.46855854,1.55455996,band_4.pdf
4,model,10,52,0.47423972,1.40168955,band_4.pdf
4,model,10,53,0.47992091,1.29256033,band_4.pdf
4,model,10,54,0.48562994,1.26573213,band_4.pdf
4,model,10,55,0.49131113,1.24980562,band_4.pdf
4,model,10,56,0.49699231,1.24157554,band_4.pdf
4,model,10,57,0.50267350,1.24151855,band_4.pdf
4,model,10,58,0.50835468,1.25003260,band_4.pdf
4,model,10,59,0.51403587,1.26708115,band_4.pdf
4,model,10,60,0.51971705,1.29209227,band_4.pdf
4,model,10,61,0.53110727,1.36116529,band_4.pdf
4,model,10,62,0.55951320,1.55969474,band_4.pdf
4,model,10,63,0.56519439,1.58864201,band_4.pdf
4,model,10,64,0.57087557,1.61033269,band_4.pdf
4,model,10,65,0.57658460,1.62369780,band_4.pdf
4,model,10,66,0.58226579,1.62740542,band_4.pdf
4,model,10,67,0.58922803,1.62313091,band_4.pdf
4,model,10,68,0.59619027,1.61048970,band_4.pdf
4,model,10,69,0.61011474,1.56397512,band_4.pdf
4,model,10,70,0.64492592,1.41914869,band_4.pdf
4,model,10,71,0.65188816,1.40300420,band_4.pdf
4,model,10,72,0.65885040,1.39487526,band_4.pdf
4,model,10,73,0.66581263,1.39540500,band_4.pdf
4,model,10,74,0.67277487,1.40498581,band_4.pdf
4,model,10,75,0.67973711,1.43245922,band_4.pdf
4,model,10,76,0.68669934,1.47709298,band_4.pdf
4,model,10,77,0.70062382,1.54813416,band_4.pdf
4,model,10,78,0.71454829,1.63465601,band_4.pdf
4,model,10,79,0.72151053,1.68293447,band_4.pdf
4,model,10,80,0.72847276,1.92236298,band_4.pdf
4,model,10,81,0.73543500,2.50838629,band_4.pdf
4,model,10,82,0.74239724,3.17625452,band_4.pdf
4,model,10,83,0.74935947,3.92708896,band_4.pdf
4,model,10,84,0.75632171,4.76127500,band_4.pdf
4,model,10,85,0.76328395,5.67341059,band_4.pdf
4,model,10,86,0.77720842,7.57343477,band_4.pdf
4,model,10,87,0.78417066,8.05145160,band_4.pdf
4,model,10,88,0.79113290,8.10005812,band_4.pdf
4,model,10,89,0.79809513,8.10176849,band_4.pdf
4,model,10,90,0.80505737,8.13005122,band_4.pdf
4,model,10,91,0.81201961,8.19344521,band_4.pdf
4,model,10,92,0.81851777,8.28298041,band_4.pdf
4,model,11,0,0.82169150,8.28298041,band_4.pdf
4,model,11,1,0.82594408,8.27294522,band_4.pdf
4,model,11,2,0.83290632,8.03233820,band_4.pdf
4,model,11,3,0.83986855,7.84351001,band_4.pdf
4,model,11,4,0.84683079,7.70129050,band_4.pdf
4,model,11,5,0.85379303,7.60020798,band_4.pdf
4,model,11,6,0.86075526,7.53474951,band_4.pdf
4,model,11,7,0.86771750,7.49947717,band_4.pdf
4,model,11,8,0.87467974,7.48916565,band_4.pdf
4,model,11,9,0.88164197,7.49888676,band_4.pdf
4,model,11,10,0.88860421,7.52408013,band_4.pdf
4,model,11,11,0.89556645,7.56059804,band_4.pdf
4,model,11,12,0.90949092,7.65322142,band_4.pdf
4,model,11,13,0.93037763,7.79925005,band_4.pdf
4,model,11,14,0.94430211,7.87936885,band_4.pdf
4,model,11,15,0.95822658,7.93681220,band_4.pdf
4,model,11,16,0.97215105,7.96885790,band_4.pdf
4,model,11,17,0.97911329,7.97402853,band_4.pdf
4,model,11,18,0.98607553,7.96959150,band_4.pdf
4,model,11,19,1.00000000,7.94719494,band_4.pdf
4,model,11,20,1.00000000,7.94719494,band_4.pdf
4,model,12,0,0.00000000,1.62867338,band_4.pdf
4,model,12,1,0.01606884,1.63393200,band_4.pdf
4,model,12,2,0.02411719,1.64339082,band_4.pdf
4,model,12,3,0.03216554,1.66050733,band_4.pdf
4,model,12,4,0.04018603,1.68770227,band_4.pdf
4,model,12,5,0.04823438,1.72663145,band_4.pdf
4,model,12,6,0.05628272,1.77778652,band_4.pdf
4,model,12,7,0.06430322,1.84030707,band_4.pdf
4,model,12,8,0.08039991,1.98962805,band_4.pdf
4,model,12,9,0.09646875,2.14689934,band_4.pdf
4,model,12,10,0.11253760,2.28832268,band_4.pdf
4,model,12,11,0.12058594,2.35543483,band_4.pdf
4,model,12,12,0.12863429,2.42997934,band_4.pdf
4,model,12,13,0.13665478,2.52629903,band_4.pdf
4,model,12,14,0.14470313,2.66438202,band_4.pdf
4,model,12,15,0.15275148,2.86877110,band_4.pdf
4,model,12,16,0.16079982,3.16579542,band_4.pdf
4,model,12,17,0.16882032,3.57884215,band_4.pdf
4,model,12,18,0.17686866,4.12192690,band_4.pdf
4,model,12,19,0.18491701,4.79390120,band_4.pdf
4,model,12,20,0.19293751,5.57499820,band_4.pdf
4,model,12,21,0.21705470,8.09335480,band_4.pdf
4,model,12,22,0.22142601,8.28298041,band_4.pdf
4,model,13,0,0.22971497,8.28298041,band_4.pdf
4,model,13,1,0.23315139,8.16412883,band_4.pdf
4,model,13,2,0.24117188,8.06336430,band_4.pdf
4,model,13,3,0.24685307,8.04771068,band_4.pdf
4,model,13,4,0.25256210,8.02282618,band_4.pdf
4,model,13,5,0.26392447,7.98934822,band_4.pdf
4,model,13,6,0.26960566,7.97198690,band_4.pdf
4,model,13,7,0.28096803,7.95968625,band_4.pdf
4,model,13,8,0.28664922,7.82292969,band_4.pdf
4,model,13,9,0.29233040,7.48705067,band_4.pdf
4,model,13,10,0.30372062,6.74017234,band_4.pdf
4,model,13,11,0.32644536,5.20876016,band_4.pdf
4,model,13,12,0.33780773,4.49606987,band_4.pdf
4,model,13,13,0.34919795,3.84652799,band_4.pdf
4,model,13,14,0.36056032,3.26900049,band_4.pdf
4,model,13,15,0.36624151,3.00877006,band_4.pdf
4,model,13,16,0.37192269,2.76977122,band_4.pdf
4,model,13,17,0.37760388,2.64330029,band_4.pdf
4,model,13,18,0.40603765,2.64792169,band_4.pdf
4,model,13,19,0.41171884,2.64813421,band_4.pdf
4,model,13,20,0.41740002,2.63315549,band_4.pdf
4,model,13,21,0.42308121,2.58892895,band_4.pdf
4,model,13,22,0.42876239,2.51749418,band_4.pdf
4,model,13,23,0.43444358,2.42196593,band_4.pdf
4,model,13,24,0.44015261,2.30614933,band_4.pdf
4,model,13,25,0.44583380,2.17421438,band_4.pdf
4,model,13,26,0.45719617,1.87900981,band_4.pdf
4,model,13,27,0.46287735,1.72768405,band_4.pdf
4,model,13,28,0.46855854,1.65035228,band_4.pdf
4,model,13,29,0.47992091,1.60369905,band_4.pdf
4,model,13,30,0.49131113,1.57193828,band_4.pdf
4,model,13,31,0.50267350,1.55421194,band_4.pdf
4,model,13,32,0.51403587,1.55029754,band_4.pdf
4,model,13,33,0.52539824,1.55805571,band_4.pdf
4,model,13,34,0.54815083,1.59291106,band_4.pdf
4,model,13,35,0.56519439,1.61786578,band_4.pdf
4,model,13,36,0.58226579,1.62867338,band_4.pdf
4,model,13,37,0.58922803,1.62443022,band_4.pdf
4,model,13,38,0.59619027,1.61216701,band_4.pdf
4,model,13,39,0.61011474,1.56844727,band_4.pdf
4,model,13,40,0.63796368,1.45771462,band_4.pdf
4,model,13,41,0.64492592,1.43795352,band_4.pdf
4,model,13,42,0.65188816,1.42497934,band_4.pdf
4,model,13,43,0.65885040,1.41982299,band_4.pdf
4,model,13,44,0.66581263,1.42302789,band_4.pdf
4,model,13,45,0.67277487,1.43489206,band_4.pdf
4,model,13,46,0.67973711,1.46250127,band_4.pdf
4,model,13,47,0.68669934,1.67998291,band_4.pdf
4,model,13,48,0.69366158,1.95996649,band_4.pdf
4,model,13,49,0.70062382,2.27110847,band_4.pdf
4,model,13,50,0.70758605,2.61837359,band_4.pdf
4,model,13,51,0.71454829,3.00860287,band_4.pdf
4,model,13,52,0.72151053,3.44980176,band_4.pdf
4,model,13,53,0.72847276,3.95037596,band_4.pdf
4,model,13,54,0.73543500,4.51838586,band_4.pdf
4,model,13,55,0.74239724,5.16037168,band_4.pdf
4,model,13,56,0.74935947,5.88018499,band_4.pdf
4,model,13,57,0.75632171,6.67661904,band_4.pdf
4,model,13,58,0.76928881,8.28298041,band_4.pdf
4,model,14,0,0.82665508,8.28298041,band_4.pdf
4,model,14,1,0.83290632,8.06416924,band_4.pdf
4,model,14,2,0.83986855,7.87277342,band_4.pdf
4,model,14,3,0.84683079,7.72864026,band_4.pdf
4,model,14,4,0.85379303,7.62638392,band_4.pdf
4,model,14,5,0.86075526,7.56056219,band_4.pdf
4,model,14,6,0.86771750,7.52579453,band_4.pdf
4,model,14,7,0.87467974,7.51690070,band_4.pdf
4,model,14,8,0.88164197,7.52898728,band_4.pdf
4,model,14,9,0.88860421,7.55751744,band_4.pdf
4,model,14,10,0.89556645,7.59835358,band_4.pdf
4,model,14,11,0.90949092,7.70251024,band_4.pdf
4,model,14,12,0.93037763,7.87221774,band_4.pdf
4,model,14,13,0.94430211,7.97085912,band_4.pdf
4,model,14,14,0.95822658,8.04682623,band_4.pdf
4,model,14,15,0.96518881,8.07447691,band_4.pdf
4,model,14,16,0.97215105,8.09385325,band_4.pdf
4,model,14,17,0.97911329,8.10201614,band_4.pdf
4,model,14,18,0.98607553,8.09299493,band_4.pdf
4,model,14,19,0.99303776,8.07241419,band_4.pdf
4,model,14,20,1.00000000,8.06336430,band_4.pdf
4,model,14,21,1.00000000,8.06336430,band_4.pdf
5,DFT,0,0,0.00000000,-8.50769996,band_5.pdf
5,DFT,0,1,0.00804834,-8.48509993,band_5.pdf
5,DFT,0,2,0.01606884,-8.41769996,band_5.pdf
5,DFT,0,3,0.02411719,-8.30599997,band_5.pdf
5,DFT,0,4,0.03216554,-8.15109996,band_5.pdf
5,DFT,0,5,0.04018603,-7.95449998,band_5.pdf
5,DFT,0,6,0.04823438,-7.71859997,band_5.pdf
5,DFT,0,7,0.05628272,-7.44629997,band_5.pdf
5,DFT,0,8,0.06430322,-7.14119998,band_5.pdf
5,DFT,0,9,0.07235157,-6.80849996,band_5.pdf
5,DFT,0,10,0.08842041,-6.08909996,band_5.pdf
5,DFT,0,11,0.10451710,-5.36899995,band_5.pdf
5,DFT,0,12,0.11253760,-5.04529994,band_5.pdf
5,DFT,0,13,0.12058594,-4.76800000,band_5.pdf
5,DFT,0,14,0.12863429,-4.55019996,band_5.pdf
5,DFT,0,15,0.13665478,-4.39800000,band_5.pdf
5,DFT,0,16,0.14470313,-4.31039996,band_5.pdf
5,DFT,0,17,0.15275148,-4.27840000,band_5.pdf
5,DFT,0,18,0.16079982,-4.29120000,band_5.pdf
5,DFT,0,19,0.16882032,-4.33699999,band_5.pdf
5,DFT,0,20,0.17686866,-4.40470000,band_5.pdf
5,DFT,0,21,0.20903420,-4.72509995,band_5.pdf
5,DFT,0,22,0.21705470,-4.78769995,band_5.pdf
5,DFT,0,23,0.22510304,-4.83450000,band_5.pdf
5,DFT,0,24,0.23315139,-4.86279997,band_5.pdf
5,DFT,0,25,0.24117188,-4.87239998,band_5.pdf
5,DFT,0,26,0.24685307,-4.86759995,band_5.pdf
5,DFT,0,27,0.25256210,-4.85309995,band_5.pdf
5,DFT,0,28,0.25824329,-4.82979997,band_5.pdf
5,DFT,0,29,0.26392447,-4.79779996,band_5.pdf
5,DFT,0,30,0.27528684,-4.71100000,band_5.pdf
5,DFT,0,31,0.28664922,-4.60159996,band_5.pdf
5,DFT,0,32,0.30372062,-4.42650000,band_5.pdf
5,DFT,0,33,0.30940180,-4.37549999,band_5.pdf
5,DFT,0,34,0.31508299,-4.33359999,band_5.pdf
5,DFT,0,35,0.32076417,-4.30419995,band_5.pdf
5,DFT,0,36,0.32644536,-4.29029996,band_5.pdf
5,DFT,0,37,0.33212655,-4.29419996,band_5.pdf
5,DFT,0,38,0.33780773,-4.31649995,band_5.pdf
5,DFT,0,39,0.34348892,-4.35629997,band_5.pdf
5,DFT,0,40,0.34919795,-4.41089995,band_5.pdf
5,DFT,0,41,0.36056032,-4.55000000,band_5.pdf
5,DFT,0,42,0.37760388,-4.77239999,band_5.pdf
5,DFT,0,43,0.38328506,-4.83679994,band_5.pdf
5,DFT,0,44,0.38896625,-4.89219995,band_5.pdf
5,DFT,0,45,0.39467528,-4.93689995,band_5.pdf
5,DFT,0,46,0.40035647,-4.96969999,band_5.pdf
5,DFT,0,47,0.40603765,-4.98969997,band_5.pdf
5,DFT,0,48,0.41171884,-4.99649998,band_5.pdf
5,DFT,0,49,0.42876239,-5.00049999,band_5.pdf
5,DFT,0,50,0.44015261,-5.01949999,band_5.pdf
5,DFT,0,51,0.44583380,-5.04190000,band_5.pdf
5,DFT,0,52,0.45151498,-5.07849997,band_5.pdf
5,DFT,0,53,0.45719617,-5.13449998,band_5.pdf
5,DFT,0,54,0.46287735,-5.21559998,band_5.pdf
5,DFT,0,55,0.46855854,-5.32609996,band_5.pdf
5,DFT,0,56,0.47423972,-5.46849995,band_5.pdf
5,DFT,0,57,0.47992091,-5.64179995,band_5.pdf
5,DFT,0,58,0.48562994,-5.84139996,band_5.pdf
5,DFT,0,59,0.49699231,-6.29279999,band_5.pdf
5,DFT,0,60,0.51403587,-6.99929999,band_5.pdf
5,DFT,0,61,0.52539824,-7.43189998,band_5.pdf
5,DFT,0,62,0.53110727,-7.62729995,band_5.pdf
5,DFT,0,63,0.53678846,-7.80599994,band_5.pdf
5,DFT,0,64,0.54246965,-7.96649994,band_5.pdf
5,DFT,0,65,0.54815083,-8.10769998,band_5.pdf
5,DFT,0,66,0.55383202,-8.22859994,band_5.pdf
5,DFT,0,67,0.55951320,-8.32839997,band_5.pdf
5,DFT,0,68,0.56519439,-8.40649995,band_5.pdf
5,DFT,0,69,0.57087557,-8.46259998,band_5.pdf
5,DFT,0,70,0.57658460,-8.49639994,band_5.pdf
5,DFT,0,71,0.58226579,-8.50769996,band_5.pdf
5,DFT,0,72,0.58922803,-8.49079994,band_5.pdf
5,DFT,0,73,0.59619027,-8.44019997,band_5.pdf
5,DFT,0,74,0.60315250,-8.35619996,band_5.pdf
5,DFT,0,75,0.61011474,-8.23969993,band_5.pdf
5,DFT,0,76,0.61707697,-8.09119995,band_5.pdf
5,DFT,0,77,0.62403921,-7.91229995,band_5.pdf
5,DFT,0,78,0.63100145,-7.70439995,band_5.pdf
5,DFT,0,79,0.63796368,-7.46929997,band_5.pdf
5,DFT,0,80,0.64492592,-7.20929997,band_5.pdf
5,DFT,0,81,0.65188816,-6.92699996,band_5.pdf
5,DFT,0,82,0.66581263,-6.30779998,band_5.pdf
5,DFT,0,83,0.70062382,-4.65649997,band_5.pdf
5,DFT,0,84,0.70758605,-4.35619996,band_5.pdf
5,DFT,0,85,0.71454829,-4.08149999,band_5.pdf
5,DFT,0,86,0.72151053,-3.83809996,band_5.pdf
5,DFT,0,87,0.72847276,-3.63170001,band_5.pdf
5,DFT,0,88,0.73543500,-3.53100000,band_5.pdf
5,DFT,0,89,0.74239724,-3.53839995,band_5.pdf
5,DFT,0,90,0.74935947,-3.53739996,band_5.pdf
5,DFT,0,91,0.75632171,-3.52859998,band_5.pdf
5,DFT,0,92,0.76328395,-3.51189999,band_5.pdf
5,DFT,0,93,0.77720842,-3.45809997,band_5.pdf
5,DFT,0,94,0.79113290,-3.38910001,band_5.pdf
5,DFT,0,95,0.79809513,-3.46379998,band_5.pdf
5,DFT,0,96,0.81201961,-3.63589998,band_5.pdf
5,DFT,0,97,0.81898184,-3.71349997,band_5.pdf
5,DFT,0,98,0.82594408,-3.77920000,band_5.pdf
5,DFT,0,99,0.83290632,-3.82909996,band_5.pdf
5,DFT,0,100,0.83986855,-3.85979995,band_5.pdf
5,DFT,0,101,0.84683079,-3.86860000,band_5.pdf
5,DFT,0,102,0.85379303,-3.85329997,band_5.pdf
5,DFT,0,103,0.86075526,-3.81229995,band_5.pdf
5,DFT,0,104,0.86771750,-3.74449999,band_5.pdf
5,DFT,0,105,0.87467974,-3.64969996,band_5.pdf
5,DFT,0,106,0.88164197,-3.52930000,band_5.pdf
5,DFT,0,107,0.88860421,-3.55589997,band_5.pdf
5,DFT,0,108,0.90252868,-3.76889997,band_5.pdf
5,DFT,0,109,0.93733987,-4.34079998,band_5.pdf
5,DFT,0,110,0.95126434,-4.53819999,band_5.pdf
5,DFT,0,111,0.95822658,-4.62309998,band_5.pdf
5,DFT,0,112,0.96518881,-4.69709995,band_5.pdf
5,DFT,0,113,0.97215105,-4.75899999,band_5.pdf
5,DFT,0,114,0.97911329,-4.80809998,band_5.pdf
5,DFT,0,115,0.98607553,-4.84369996,band_5.pdf
5,DFT,0,116,0.99303776,-4.86519999,band_5.pdf
5,DFT,0,117,1.00000000,-4.87239998,band_5.pdf
5,DFT,1,0,0.00000000,-8.35509996,band_5.pdf
5,DFT,1,1,0.00804834,-8.33239998,band_5.pdf
5,DFT,1,2,0.01606884,-8.26459996,band_5.pdf
5,DFT,1,3,0.02411719,-8.15209995,band_5.pdf
5,DFT,1,4,0.03216554,-7.99589998,band_5.pdf
5,DFT,1,5,0.04018603,-7.79719995,band_5.pdf
5,DFT,1,6,0.04823438,-7.55779994,band_5.pdf
5,DFT,1,7,0.05628272,-7.27999994,band_5.pdf
5,DFT,1,8,0.06430322,-6.96649994,band_5.pdf
5,DFT,1,9,0.07235157,-6.62059996,band_5.pdf
5,DFT,1,10,0.08039991,-6.24689998,band_5.pdf
5,DFT,1,11,0.09646875,-5.43839996,band_5.pdf
5,DFT,1,12,0.11253760,-4.60179998,band_5.pdf
5,DFT,1,13,0.12058594,-4.20029996,band_5.pdf
5,DFT,1,14,0.12863429,-3.82809997,band_5.pdf
5,DFT,1,15,0.13665478,-3.49959999,band_5.pdf
5,DFT,1,16,0.14470313,-3.65889999,band_5.pdf
5,DFT,1,17,0.16079982,-3.99819999,band_5.pdf
5,DFT,1,18,0.16882032,-4.15329996,band_5.pdf
5,DFT,1,19,0.17686866,-4.29639996,band_5.pdf
5,DFT,1,20,0.18491701,-4.42609996,band_5.pdf
5,DFT,1,21,0.19293751,-4.54110000,band_5.pdf
5,DFT,1,22,0.20098585,-4.64029997,band_5.pdf
5,DFT,1,23,0.20903420,-4.72269999,band_5.pdf
5,DFT,1,24,0.21705470,-4.78700000,band_5.pdf
5,DFT,1,25,0.22510304,-4.83359996,band_5.pdf
5,DFT,1,26,0.23315139,-4.86239999,band_5.pdf
5,DFT,1,27,0.24117188,-4.87199994,band_5.pdf
5,DFT,1,28,0.24685307,-4.86719997,band_5.pdf
5,DFT,1,29,0.25256210,-4.85289999,band_5.pdf
5,DFT,1,30,0.25824329,-4.82859996,band_5.pdf
5,DFT,1,31,0.26392447,-4.79459997,band_5.pdf
5,DFT,1,32,0.26960566,-4.75079995,band_5.pdf
5,DFT,1,33,0.27528684,-4.69739998,band_5.pdf
5,DFT,1,34,0.28096803,-4.63419998,band_5.pdf
5,DFT,1,35,0.28664922,-4.56120000,band_5.pdf
5,DFT,1,36,0.29233040,-4.47859995,band_5.pdf
5,DFT,1,37,0.29801159,-4.38629995,band_5.pdf
5,DFT,1,38,0.30372062,-4.28429998,band_5.pdf
5,DFT,1,39,0.30940180,-4.17270000,band_5.pdf
5,DFT,1,40,0.32076417,-3.92089997,band_5.pdf
5,DFT,1,41,0.33212655,-3.63129996,band_5.pdf
5,DFT,1,42,0.34348892,-3.30520000,band_5.pdf
5,DFT,1,43,0.35487914,-2.94399999,band_5.pdf
5,DFT,1,44,0.36056032,-3.03920001,band_5.pdf
5,DFT,1,45,0.37192269,-3.25089999,band_5.pdf
5,DFT,1,46,0.37760388,-3.34550001,band_5.pdf
5,DFT,1,47,0.38328506,-3.42930000,band_5.pdf
5,DFT,1,48,0.38896625,-3.50019999,band_5.pdf
5,DFT,1,49,0.39467528,-3.55680001,band_5.pdf
5,DFT,1,50,0.40035647,-3.59799999,band_5.pdf
5,DFT,1,51,0.40603765,-3.62289996,band_5.pdf
5,DFT,1,52,0.41740002,-3.63879999,band_5.pdf
5,DFT,1,53,0.42308121,-3.66199996,band_5.pdf
5,DFT,1,54,0.42876239,-3.70289997,band_5.pdf
5,DFT,1,55,0.43444358,-3.76429996,band_5.pdf
5,DFT,1,56,0.44015261,-3.84969995,band_5.pdf
5,DFT,1,57,0.44583380,-3.96289998,band_5.pdf
5,DFT,1,58,0.45151498,-4.10620000,band_5.pdf
5,DFT,1,59,0.45719617,-4.28039998,band_5.pdf
5,DFT,1,60,0.46287735,-4.48379997,band_5.pdf
5,DFT,1,61,0.46855854,-4.71259999,band_5.pdf
5,DFT,1,62,0.47992091,-5.22439997,band_5.pdf
5,DFT,1,63,0.50835468,-6.56629995,band_5.pdf
5,DFT,1,64,0.51971705,-7.04569999,band_5.pdf
5,DFT,1,65,0.52539824,-7.26319993,band_5.pdf
5,DFT,1,66,0.53110727,-7.46369997,band_5.pdf
5,DFT,1,67,0.53678846,-7.64599998,band_5.pdf
5,DFT,1,68,0.54246965,-7.80899996,band_5.pdf
5,DFT,1,69,0.54815083,-7.95199995,band_5.pdf
5,DFT,1,70,0.55383202,-8.07399996,band_5.pdf
5,DFT,1,71,0.55951320,-8.17459996,band_5.pdf
5,DFT,1,72,0.56519439,-8.25329995,band_5.pdf
5,DFT,1,73,0.57087557,-8.30979995,band_5.pdf
5,DFT,1,74,0.57658460,-8.34379994,band_5.pdf
5,DFT,1,75,0.58226579,-8.35509996,band_5.pdf
5,DFT,1,76,0.58922803,-8.33809993,band_5.pdf
5,DFT,1,77,0.59619027,-8.28719993,band_5.pdf
5,DFT,1,78,0.60315250,-8.20269998,band_5.pdf
5,DFT,1,79,0.61011474,-8.08519997,band_5.pdf
5,DFT,1,80,0.61707697,-7.93539997,band_5.pdf
5,DFT,1,81,0.62403921,-7.75429997,band_5.pdf
5,DFT,1,82,0.63100145,-7.54319993,band_5.pdf
5,DFT,1,83,0.63796368,-7.30359995,band_5.pdf
5,DFT,1,84,0.64492592,-7.03709996,band_5.pdf
5,DFT,1,85,0.65188816,-6.74559993,band_5.pdf
5,DFT,1,86,0.65885040,-6.43139999,band_5.pdf
5,DFT,1,87,0.67277487,-5.74579995,band_5.pdf
5,DFT,1,88,0.68669934,-5.00589997,band_5.pdf
5,DFT,1,89,0.70758605,-3.87119997,band_5.pdf
5,DFT,1,90,0.71454829,-3.50980000,band_5.pdf
5,DFT,1,91,0.72151053,-3.48439998,band_5.pdf
5,DFT,1,92,0.72847276,-3.51169997,band_5.pdf
5,DFT,1,93,0.73543500,-3.52880000,band_5.pdf
5,DFT,1,94,0.74239724,-3.53749998,band_5.pdf
5,DFT,1,95,0.74935947,-3.53720000,band_5.pdf
5,DFT,1,96,0.75632171,-3.52719995,band_5.pdf
5,DFT,1,97,0.76328395,-3.50879996,band_5.pdf
5,DFT,1,98,0.77720842,-3.45099999,band_5.pdf
5,DFT,1,99,0.81201961,-3.26869998,band_5.pdf
5,DFT,1,100,0.81898184,-3.23629998,band_5.pdf
5,DFT,1,101,0.82594408,-3.21080001,band_5.pdf
5,DFT,1,102,0.83290632,-3.19450000,band_5.pdf
5,DFT,1,103,0.83986855,-3.18939999,band_5.pdf
5,DFT,1,104,0.84683079,-3.19749996,band_5.pdf
5,DFT,1,105,0.85379303,-3.21999998,band_5.pdf
5,DFT,1,106,0.86075526,-3.25799997,band_5.pdf
5,DFT,1,107,0.86771750,-3.31140001,band_5.pdf
5,DFT,1,108,0.87467974,-3.37950000,band_5.pdf
5,DFT,1,109,0.88860421,-3.53389995,band_5.pdf
5,DFT,1,110,0.90252868,-3.75329998,band_5.pdf
5,DFT,1,111,0.93733987,-4.33599995,band_5.pdf
5,DFT,1,112,0.94430211,-4.43999995,band_5.pdf
5,DFT,1,113,0.95126434,-4.53559995,band_5.pdf
5,DFT,1,114,0.95822658,-4.62129997,band_5.pdf
5,DFT,1,115,0.96518881,-4.69579999,band_5.pdf
5,DFT,1,116,0.97215105,-4.75819997,band_5.pdf
5,DFT,1,117,0.97911329,-4.80749998,band_5.pdf
5,DFT,1,118,0.98607553,-4.84319997,band_5.pdf
5,DFT,1,119,0.99303776,-4.86479995,band_5.pdf
5,DFT,1,120,1.00000000,-4.87199994,band_5.pdf
5,DFT,2,0,0.00000000,-2.53119996,band_5.pdf
5,DFT,2,1,0.01606884,-2.52199999,band_5.pdf
5,DFT,2,2,0.05628272,-2.48559998,band_5.pdf
5,DFT,2,3,0.06430322,-2.46929997,band_5.pdf
5,DFT,2,4,0.07235157,-2.44599999,band_5.pdf
5,DFT,2,5,0.08039991,-2.41519999,band_5.pdf
5,DFT,2,6,0.08842041,-2.39800000,band_5.pdf
5,DFT,2,7,0.09646875,-2.54969997,band_5.pdf
5,DFT,2,8,0.11253760,-2.91680001,band_5.pdf
5,DFT,2,9,0.13665478,-3.47819997,band_5.pdf
5,DFT,2,10,0.14470313,-3.22810000,band_5.pdf
5,DFT,2,11,0.15275148,-3.02049998,band_5.pdf
5,DFT,2,12,0.16079982,-2.87829996,band_5.pdf
5,DFT,2,13,0.16882032,-2.79579998,band_5.pdf
5,DFT,2,14,0.17686866,-2.76240000,band_5.pdf
5,DFT,2,15,0.18491701,-2.76559998,band_5.pdf
5,DFT,2,16,0.19293751,-2.79359999,band_5.pdf
5,DFT,2,17,0.22510304,-2.95810000,band_5.pdf
5,DFT,2,18,0.23315139,-2.98029999,band_5.pdf
5,DFT,2,19,0.24117188,-2.98830000,band_5.pdf
5,DFT,2,20,0.24685307,-2.98339996,band_5.pdf
5,DFT,2,21,0.25256210,-2.97049995,band_5.pdf
5,DFT,2,22,0.25824329,-2.94889998,band_5.pdf
5,DFT,2,23,0.26392447,-2.91859996,band_5.pdf
5,DFT,2,24,0.26960566,-2.87969999,band_5.pdf
5,DFT,2,25,0.27528684,-2.83219999,band_5.pdf
5,DFT,2,26,0.28096803,-2.77590001,band_5.pdf
5,DFT,2,27,0.29233040,-2.64400001,band_5.pdf
5,DFT,2,28,0.29801159,-2.58949998,band_5.pdf
5,DFT,2,29,0.30372062,-2.54259998,band_5.pdf
5,DFT,2,30,0.30940180,-2.50760001,band_5.pdf
5,DFT,2,31,0.31508299,-2.48899999,band_5.pdf
5,DFT,2,32,0.32076417,-2.49080000,band_5.pdf
5,DFT,2,33,0.32644536,-2.51540000,band_5.pdf
5,DFT,2,34,0.33212655,-2.56350001,band_5.pdf
5,DFT,2,35,0.33780773,-2.63309998,band_5.pdf
5,DFT,2,36,0.34348892,-2.72069996,band_5.pdf
5,DFT,2,37,0.35487914,-2.92879998,band_5.pdf
5,DFT,2,38,0.36056032,-2.98959996,band_5.pdf
5,DFT,2,39,0.36624151,-3.09959995,band_5.pdf
5,DFT,2,40,0.37192269,-3.19790000,band_5.pdf
5,DFT,2,41,0.37760388,-3.28400000,band_5.pdf
5,DFT,2,42,0.38328506,-3.35759998,band_5.pdf
5,DFT,2,43,0.38896625,-3.41829996,band_5.pdf
5,DFT,2,44,0.39467528,-3.46579996,band_5.pdf
5,DFT,2,45,0.40035647,-3.49979995,band_5.pdf
5,DFT,2,46,0.40603765,-3.52029999,band_5.pdf
5,DFT,2,47,0.41171884,-3.52719995,band_5.pdf
5,DFT,2,48,0.42308121,-3.51669996,band_5.pdf
5,DFT,2,49,0.43444358,-3.48570000,band_5.pdf
5,DFT,2,50,0.44583380,-3.43519997,band_5.pdf
5,DFT,2,51,0.45719617,-3.36709998,band_5.pdf
5,DFT,2,52,0.46855854,-3.28389999,band_5.pdf
5,DFT,2,53,0.48562994,-3.13799999,band_5.pdf
5,DFT,2,54,0.53110727,-2.72629996,band_5.pdf
5,DFT,2,55,0.54246965,-2.64369998,band_5.pdf
5,DFT,2,56,0.55383202,-2.57899999,band_5.pdf
5,DFT,2,57,0.55951320,-2.55510000,band_5.pdf
5,DFT,2,58,0.56519439,-2.53830000,band_5.pdf
5,DFT,2,59,0.57087557,-2.53039999,band_5.pdf
5,DFT,2,60,0.59619027,-2.53539999,band_5.pdf
5,DFT,2,61,0.60315250,-2.54869998,band_5.pdf
5,DFT,2,62,0.61011474,-2.56989997,band_5.pdf
5,DFT,2,63,0.61707697,-2.59879996,band_5.pdf
5,DFT,2,64,0.62403921,-2.63569996,band_5.pdf
5,DFT,2,65,0.63100145,-2.68080000,band_5.pdf
5,DFT,2,66,0.63796368,-2.73379999,band_5.pdf
5,DFT,2,67,0.65188816,-2.85999997,band_5.pdf
5,DFT,2,68,0.67277487,-3.07770000,band_5.pdf
5,DFT,2,69,0.68669934,-3.22179999,band_5.pdf
5,DFT,2,70,0.70062382,-3.34899996,band_5.pdf
5,DFT,2,71,0.70758605,-3.40239999,band_5.pdf
5,DFT,2,72,0.71454829,-3.44739996,band_5.pdf
5,DFT,2,73,0.72151053,-3.48159998,band_5.pdf
5,DFT,2,74,0.72847276,-3.50889997,band_5.pdf
5,DFT,2,75,0.73543500,-3.46079996,band_5.pdf
5,DFT,2,76,0.74239724,-3.33449997,band_5.pdf
5,DFT,2,77,0.74935947,-3.24710000,band_5.pdf
5,DFT,2,78,0.75632171,-3.19779999,band_5.pdf
5,DFT,2,79,0.76328395,-3.18319998,band_5.pdf
5,DFT,2,80,0.77024618,-3.19900000,band_5.pdf
5,DFT,2,81,0.77720842,-3.24019998,band_5.pdf
5,DFT,2,82,0.79113290,-3.36759998,band_5.pdf
5,DFT,2,83,0.82594408,-3.18209999,band_5.pdf
5,DFT,2,84,0.83290632,-3.16320000,band_5.pdf
5,DFT,2,85,0.83986855,-3.15619997,band_5.pdf
5,DFT,2,86,0.84683079,-3.16330001,band_5.pdf
5,DFT,2,87,0.85379303,-3.18589997,band_5.pdf
5,DFT,2,88,0.86075526,-3.22489996,band_5.pdf
5,DFT,2,89,0.86771750,-3.28029997,band_5.pdf
5,DFT,2,90,0.87467974,-3.35110001,band_5.pdf
5,DFT,2,91,0.88164197,-3.43540000,band_5.pdf
5,DFT,2,92,0.88860421,-3.37709998,band_5.pdf
5,DFT,2,93,0.89556645,-3.20389999,band_5.pdf
5,DFT,2,94,0.90252868,-3.00659999,band_5.pdf
5,DFT,2,95,0.90949092,-2.78829996,band_5.pdf
5,DFT,2,96,0.92341540,-2.31200001,band_5.pdf
5,DFT,2,97,0.93037763,-2.37199997,band_5.pdf
5,DFT,2,98,0.94430211,-2.57020001,band_5.pdf
5,DFT,2,99,0.95126434,-2.66080001,band_5.pdf
5,DFT,2,100,0.95822658,-2.74290000,band_5.pdf
5,DFT,2,101,0.96518881,-2.81519996,band_5.pdf
5,DFT,2,102,0.97215105,-2.87609996,band_5.pdf
5,DFT,2,103,0.97911329,-2.92460001,band_5.pdf
5,DFT,2,104,0.98607553,-2.95980000,band_5.pdf
5,DFT,2,105,0.99303776,-2.98119996,band_5.pdf
5,DFT,2,106,1.00000000,-2.98830000,band_5.pdf
5,DFT,3,0,0.00000000,-2.50489996,band_5.pdf
5,DFT,3,1,0.04018603,-2.50189999,band_5.pdf
5,DFT,3,2,0.05628272,-2.48549997,band_5.pdf
5,DFT,3,3,0.06430322,-2.46859996,band_5.pdf
5,DFT,3,4,0.07235157,-2.44429999,band_5.pdf
5,DFT,3,5,0.08039991,-2.41140000,band_5.pdf
5,DFT,3,6,0.08842041,-2.36850001,band_5.pdf
5,DFT,3,7,0.09646875,-2.31439997,band_5.pdf
5,DFT,3,8,0.10451710,-2.24820000,band_5.pdf
5,DFT,3,9,0.11253760,-2.16899996,band_5.pdf
5,DFT,3,10,0.12058594,-2.07649999,band_5.pdf
5,DFT,3,11,0.12863429,-1.97050001,band_5.pdf
5,DFT,3,12,0.13665478,-1.85149996,band_5.pdf
5,DFT,3,13,0.14470313,-1.72129996,band_5.pdf
5,DFT,3,14,0.15275148,-1.71809998,band_5.pdf
5,DFT,3,15,0.16882032,-2.11049998,band_5.pdf
5,DFT,3,16,0.17686866,-2.28649997,band_5.pdf
5,DFT,3,17,0.18491701,-2.44550000,band_5.pdf
5,DFT,3,18,0.19293751,-2.58599996,band_5.pdf
5,DFT,3,19,0.20098585,-2.70689998,band_5.pdf
5,DFT,3,20,0.20903420,-2.80709999,band_5.pdf
5,DFT,3,21,0.21705470,-2.88589999,band_5.pdf
5,DFT,3,22,0.22510304,-2.94259996,band_5.pdf
5,DFT,3,23,0.23315139,-2.97669996,band_5.pdf
5,DFT,3,24,0.24117188,-2.98770000,band_5.pdf
5,DFT,3,25,0.24685307,-2.98309999,band_5.pdf
5,DFT,3,26,0.25256210,-2.96749999,band_5.pdf
5,DFT,3,27,0.25824329,-2.94199995,band_5.pdf
5,DFT,3,28,0.26392447,-2.90720000,band_5.pdf
5,DFT,3,29,0.27528684,-2.81440000,band_5.pdf
5,DFT,3,30,0.28664922,-2.70160001,band_5.pdf
5,DFT,3,31,0.29233040,-2.63679995,band_5.pdf
5,DFT,3,32,0.29801159,-2.55439999,band_5.pdf
5,DFT,3,33,0.30372062,-2.46309997,band_5.pdf
5,DFT,3,34,0.31508299,-2.25430000,band_5.pdf
5,DFT,3,35,0.32076417,-2.13760001,band_5.pdf
5,DFT,3,36,0.32644536,-2.13030001,band_5.pdf
5,DFT,3,37,0.33780773,-2.44849996,band_5.pdf
5,DFT,3,38,0.34919795,-2.73780000,band_5.pdf
5,DFT,3,39,0.35487914,-2.86879996,band_5.pdf
5,DFT,3,40,0.36056032,-2.75109998,band_5.pdf
5,DFT,3,41,0.37192269,-2.34459997,band_5.pdf
5,DFT,3,42,0.38896625,-1.70990000,band_5.pdf
5,DFT,3,43,0.39467528,-1.57300001,band_5.pdf
5,DFT,3,44,0.40603765,-1.61789997,band_5.pdf
5,DFT,3,45,0.41171884,-1.62479999,band_5.pdf
5,DFT,3,46,0.42308121,-1.61289997,band_5.pdf
5,DFT,3,47,0.43444358,-1.57829998,band_5.pdf
5,DFT,3,48,0.44583380,-1.52890001,band_5.pdf
5,DFT,3,49,0.45151498,-1.55219999,band_5.pdf
5,DFT,3,50,0.45719617,-1.73740001,band_5.pdf
5,DFT,3,51,0.46287735,-1.95889997,band_5.pdf
5,DFT,3,52,0.46855854,-2.16160001,band_5.pdf
5,DFT,3,53,0.47423972,-2.32810000,band_5.pdf
5,DFT,3,54,0.47992091,-2.45400001,band_5.pdf
5,DFT,3,55,0.48562994,-2.54089998,band_5.pdf
5,DFT,3,56,0.49131113,-2.59399998,band_5.pdf
5,DFT,3,57,0.49699231,-2.62039999,band_5.pdf
5,DFT,3,58,0.50267350,-2.62709999,band_5.pdf
5,DFT,3,59,0.50835468,-2.62039999,band_5.pdf
5,DFT,3,60,0.51971705,-2.58729998,band_5.pdf
5,DFT,3,61,0.53678846,-2.53649999,band_5.pdf
5,DFT,3,62,0.54815083,-2.51699999,band_5.pdf
5,DFT,3,63,0.56519439,-2.50629999,band_5.pdf
5,DFT,3,64,0.59619027,-2.50559997,band_5.pdf
5,DFT,3,65,0.60315250,-2.51899997,band_5.pdf
5,DFT,3,66,0.61011474,-2.54199998,band_5.pdf
5,DFT,3,67,0.61707697,-2.57369996,band_5.pdf
5,DFT,3,68,0.62403921,-2.61380001,band_5.pdf
5,DFT,3,69,0.63100145,-2.66229999,band_5.pdf
5,DFT,3,70,0.64492592,-2.78210001,band_5.pdf
5,DFT,3,71,0.65885040,-2.92439999,band_5.pdf
5,DFT,3,72,0.68669934,-3.22069999,band_5.pdf
5,DFT,3,73,0.70062382,-3.34669996,band_5.pdf
5,DFT,3,74,0.70758605,-3.39979996,band_5.pdf
5,DFT,3,75,0.71454829,-3.44500001,band_5.pdf
5,DFT,3,76,0.72151053,-3.16699999,band_5.pdf
5,DFT,3,77,0.72847276,-2.85199995,band_5.pdf
5,DFT,3,78,0.73543500,-2.57089996,band_5.pdf
5,DFT,3,79,0.74239724,-2.32949997,band_5.pdf
5,DFT,3,80,0.74935947,-2.13250000,band_5.pdf
5,DFT,3,81,0.75632171,-1.98210000,band_5.pdf
5,DFT,3,82,0.76328395,-1.88619997,band_5.pdf
5,DFT,3,83,0.77024618,-1.88479999,band_5.pdf
5,DFT,3,84,0.78417066,-1.86229998,band_5.pdf
5,DFT,3,85,0.79113290,-1.84420002,band_5.pdf
5,DFT,3,86,0.79809513,-1.89359998,band_5.pdf
5,DFT,3,87,0.82594408,-2.14210001,band_5.pdf
5,DFT,3,88,0.83290632,-2.18209999,band_5.pdf
5,DFT,3,89,0.83986855,-2.20329998,band_5.pdf
5,DFT,3,90,0.84683079,-2.20209997,band_5.pdf
5,DFT,3,91,0.85379303,-2.17569996,band_5.pdf
5,DFT,3,92,0.86075526,-2.12200002,band_5.pdf
5,DFT,3,93,0.86771750,-2.03939997,band_5.pdf
5,DFT,3,94,0.87467974,-1.92719999,band_5.pdf
5,DFT,3,95,0.88164197,-1.78629998,band_5.pdf
5,DFT,3,96,0.88860421,-1.81440000,band_5.pdf
5,DFT,3,97,0.89556645,-1.88789997,band_5.pdf
5,DFT,3,98,0.90252868,-1.97260000,band_5.pdf
5,DFT,3,99,0.91645316,-2.16529998,band_5.pdf
5,DFT,3,100,0.94430211,-2.56860001,band_5.pdf
5,DFT,3,101,0.95126434,-2.65960000,band_5.pdf
5,DFT,3,102,0.95822658,-2.74199997,band_5.pdf
5,DFT,3,103,0.96518881,-2.81440000,band_5.pdf
5,DFT,3,104,0.97215105,-2.87540001,band_5.pdf
5,DFT,3,105,0.97911329,-2.92389999,band_5.pdf
5,DFT,3,106,0.98607553,-2.95920000,band_5.pdf
5,DFT,3,107,0.99303776,-2.98059996,band_5.pdf
5,DFT,3,108,1.00000000,-2.98770000,band_5.pdf
5,DFT,4,0,0.00000000,-2.47249996,band_5.pdf
5,DFT,4,1,0.00804834,-2.46939999,band_5.pdf
5,DFT,4,2,0.01606884,-2.45829999,band_5.pdf
5,DFT,4,3,0.02411719,-2.43509996,band_5.pdf
5,DFT,4,4,0.03216554,-2.39800000,band_5.pdf
5,DFT,4,5,0.04018603,-2.34789996,band_5.pdf
5,DFT,4,6,0.04823438,-2.28620000,band_5.pdf
5,DFT,4,7,0.05628272,-2.21379997,band_5.pdf
5,DFT,4,8,0.06430322,-2.13169998,band_5.pdf
5,DFT,4,9,0.07235157,-2.04099996,band_5.pdf
5,DFT,4,10,0.08039991,-2.19690002,band_5.pdf
5,DFT,4,11,0.08842041,-2.33999996,band_5.pdf
5,DFT,4,12,0.09646875,-2.31080000,band_5.pdf
5,DFT,4,13,0.10451710,-2.24639999,band_5.pdf
5,DFT,4,14,0.11253760,-2.16759999,band_5.pdf
5,DFT,4,15,0.12058594,-2.07509996,band_5.pdf
5,DFT,4,16,0.12863429,-1.96880001,band_5.pdf
5,DFT,4,17,0.13665478,-1.84920001,band_5.pdf
5,DFT,4,18,0.14470313,-1.71699998,band_5.pdf
5,DFT,4,19,0.15275148,-1.57329998,band_5.pdf
5,DFT,4,20,0.16882032,-1.25950001,band_5.pdf
5,DFT,4,21,0.19293751,-0.76829997,band_5.pdf
5,DFT,4,22,0.20098585,-0.61689998,band_5.pdf
5,DFT,4,23,0.20903420,-0.48169999,band_5.pdf
5,DFT,4,24,0.21705470,-0.37000000,band_5.pdf
5,DFT,4,25,0.22510304,-0.28989998,band_5.pdf
5,DFT,4,26,0.23315139,-0.24579998,band_5.pdf
5,DFT,4,27,0.24117188,-0.23260001,band_5.pdf
5,DFT,4,28,0.24685307,-0.23969999,band_5.pdf
5,DFT,4,29,0.25256210,-0.26749997,band_5.pdf
5,DFT,4,30,0.25824329,-0.32469999,band_5.pdf
5,DFT,4,31,0.26392447,-0.40899998,band_5.pdf
5,DFT,4,32,0.26960566,-0.51579999,band_5.pdf
5,DFT,4,33,0.27528684,-0.64130002,band_5.pdf
5,DFT,4,34,0.28096803,-0.78220002,band_5.pdf
5,DFT,4,35,0.29233040,-1.09740001,band_5.pdf
5,DFT,4,36,0.30940180,-1.61339996,band_5.pdf
5,DFT,4,37,0.32076417,-1.95860000,band_5.pdf
5,DFT,4,38,0.32644536,-2.00790001,band_5.pdf
5,DFT,4,39,0.33780773,-1.73149998,band_5.pdf
5,DFT,4,40,0.34348892,-1.65049998,band_5.pdf
5,DFT,4,41,0.34919795,-1.64319998,band_5.pdf
5,DFT,4,42,0.35487914,-1.61930000,band_5.pdf
5,DFT,4,43,0.36056032,-1.58300000,band_5.pdf
5,DFT,4,44,0.37760388,-1.45749997,band_5.pdf
5,DFT,4,45,0.38328506,-1.46390000,band_5.pdf
5,DFT,4,46,0.38896625,-1.50829996,band_5.pdf
5,DFT,4,47,0.39467528,-1.48800000,band_5.pdf
5,DFT,4,48,0.40035647,-1.32619997,band_5.pdf
5,DFT,4,49,0.40603765,-1.26440000,band_5.pdf
5,DFT,4,50,0.41171884,-1.25579998,band_5.pdf
5,DFT,4,51,0.42308121,-1.26529998,band_5.pdf
5,DFT,4,52,0.42876239,-1.27800002,band_5.pdf
5,DFT,4,53,0.43444358,-1.29779999,band_5.pdf
5,DFT,4,54,0.44015261,-1.32899998,band_5.pdf
5,DFT,4,55,0.44583380,-1.38420002,band_5.pdf
5,DFT,4,56,0.45151498,-1.45419997,band_5.pdf
5,DFT,4,57,0.45719617,-1.43809999,band_5.pdf
5,DFT,4,58,0.46287735,-1.40899998,band_5.pdf
5,DFT,4,59,0.46855854,-1.39499998,band_5.pdf
5,DFT,4,60,0.47423972,-1.40320002,band_5.pdf
5,DFT,4,61,0.50267350,-1.49080000,band_5.pdf
5,DFT,4,62,0.50835468,-1.59409999,band_5.pdf
5,DFT,4,63,0.51971705,-1.83149997,band_5.pdf
5,DFT,4,64,0.53110727,-2.04140000,band_5.pdf
5,DFT,4,65,0.53678846,-2.13379996,band_5.pdf
5,DFT,4,66,0.54246965,-2.21679999,band_5.pdf
5,DFT,4,67,0.54815083,-2.28960001,band_5.pdf
5,DFT,4,68,0.55383202,-2.35160000,band_5.pdf
5,DFT,4,69,0.55951320,-2.40190000,band_5.pdf
5,DFT,4,70,0.56519439,-2.43909997,band_5.pdf
5,DFT,4,71,0.57087557,-2.46170000,band_5.pdf
5,DFT,4,72,0.57658460,-2.47070000,band_5.pdf
5,DFT,4,73,0.58922803,-2.46999999,band_5.pdf
5,DFT,4,74,0.59619027,-2.45099999,band_5.pdf
5,DFT,4,75,0.60315250,-2.40470000,band_5.pdf
5,DFT,4,76,0.61011474,-2.33490001,band_5.pdf
5,DFT,4,77,0.61707697,-2.24380001,band_5.pdf
5,DFT,4,78,0.62403921,-2.13250000,band_5.pdf
5,DFT,4,79,0.63100145,-2.00159999,band_5.pdf
5,DFT,4,80,0.63796368,-1.85140001,band_5.pdf
5,DFT,4,81,0.64492592,-1.68279997,band_5.pdf
5,DFT,4,82,0.65188816,-1.49860000,band_5.pdf
5,DFT,4,83,0.65885040,-1.38180000,band_5.pdf
5,DFT,4,84,0.67973711,-1.34959997,band_5.pdf
5,DFT,4,85,0.68669934,-1.35929999,band_5.pdf
5,DFT,4,86,0.69366158,-1.41289998,band_5.pdf
5,DFT,4,87,0.71454829,-1.63489999,band_5.pdf
5,DFT,4,88,0.72151053,-1.69809999,band_5.pdf
5,DFT,4,89,0.72847276,-1.75269998,band_5.pdf
5,DFT,4,90,0.73543500,-1.79809999,band_5.pdf
5,DFT,4,91,0.74239724,-1.83379998,band_5.pdf
5,DFT,4,92,0.74935947,-1.85999997,band_5.pdf
5,DFT,4,93,0.75632171,-1.87679998,band_5.pdf
5,DFT,4,94,0.77024618,-1.88220002,band_5.pdf
5,DFT,4,95,0.77720842,-1.87389996,band_5.pdf
5,DFT,4,96,0.79113290,-1.83809996,band_5.pdf
5,DFT,4,97,0.79809513,-1.81749997,band_5.pdf
5,DFT,4,98,0.83290632,-1.67920001,band_5.pdf
5,DFT,4,99,0.83986855,-1.65979996,band_5.pdf
5,DFT,4,100,0.84683079,-1.64769998,band_5.pdf
5,DFT,4,101,0.85379303,-1.64439999,band_5.pdf
5,DFT,4,102,0.86075526,-1.65219999,band_5.pdf
5,DFT,4,103,0.86771750,-1.67219997,band_5.pdf
5,DFT,4,104,0.87467974,-1.70559996,band_5.pdf
5,DFT,4,105,0.88860421,-1.80249998,band_5.pdf
5,DFT,4,106,0.89556645,-1.87749999,band_5.pdf
5,DFT,4,107,0.90252868,-1.96359999,band_5.pdf
5,DFT,4,108,0.92341540,-2.25179997,band_5.pdf
5,DFT,4,109,0.93037763,-2.03640001,band_5.pdf
5,DFT,4,110,0.95126434,-1.24660001,band_5.pdf
5,DFT,4,111,0.95822658,-1.00149998,band_5.pdf
5,DFT,4,112,0.96518881,-0.77750000,band_5.pdf
5,DFT,4,113,0.97215105,-0.58190000,band_5.pdf
5,DFT,4,114,0.97911329,-0.42229997,band_5.pdf
5,DFT,4,115,0.98607553,-0.30679999,band_5.pdf
5,DFT,4,116,0.99303776,-0.24610002,band_5.pdf
5,DFT,4,117,1.00000000,-0.23260001,band_5.pdf
5,DFT,5,0,0.00000000,-1.30630000,band_5.pdf
5,DFT,5,1,0.00804834,-1.31470000,band_5.pdf
5,DFT,5,2,0.01606884,-1.34330001,band_5.pdf
5,DFT,5,3,0.02411719,-1.39109998,band_5.pdf
5,DFT,5,4,0.03216554,-1.45759998,band_5.pdf
5,DFT,5,5,0.04018603,-1.54209999,band_5.pdf
5,DFT,5,6,0.04823438,-1.64379999,band_5.pdf
5,DFT,5,7,0.05628272,-1.76169998,band_5.pdf
5,DFT,5,8,0.06430322,-1.89440000,band_5.pdf
5,DFT,5,9,0.07235157,-2.04030001,band_5.pdf
5,DFT,5,10,0.08842041,-1.83769998,band_5.pdf
5,DFT,5,11,0.10451710,-1.61260000,band_5.pdf
5,DFT,5,12,0.12863429,-1.26359998,band_5.pdf
5,DFT,5,13,0.13665478,-1.28190002,band_5.pdf
5,DFT,5,14,0.14470313,-1.49439997,band_5.pdf
5,DFT,5,15,0.15275148,-1.56929997,band_5.pdf
5,DFT,5,16,0.16079982,-1.41959998,band_5.pdf
5,DFT,5,17,0.18491701,-0.92800001,band_5.pdf
5,DFT,5,18,0.19293751,-0.76619998,band_5.pdf
5,DFT,5,19,0.20098585,-0.61359998,band_5.pdf
5,DFT,5,20,0.20903420,-0.47640002,band_5.pdf
5,DFT,5,21,0.21705470,-0.36079997,band_5.pdf
5,DFT,5,22,0.22510304,-0.27290001,band_5.pdf
5,DFT,5,23,0.23315139,-0.21779998,band_5.pdf
5,DFT,5,24,0.24117188,-0.19900000,band_5.pdf
5,DFT,5,25,0.24685307,-0.20839999,band_5.pdf
5,DFT,5,26,0.25256210,-0.23660002,band_5.pdf
5,DFT,5,27,0.25824329,-0.28290001,band_5.pdf
5,DFT,5,28,0.26392447,-0.34680003,band_5.pdf
5,DFT,5,29,0.26960566,-0.42689998,band_5.pdf
5,DFT,5,30,0.27528684,-0.52170002,band_5.pdf
5,DFT,5,31,0.28096803,-0.62909997,band_5.pdf
5,DFT,5,32,0.29233040,-0.87129999,band_5.pdf
5,DFT,5,33,0.30940180,-1.25019998,band_5.pdf
5,DFT,5,34,0.31508299,-1.36340001,band_5.pdf
5,DFT,5,35,0.32076417,-1.46240001,band_5.pdf
5,DFT,5,36,0.32644536,-1.54280000,band_5.pdf
5,DFT,5,37,0.33212655,-1.60160002,band_5.pdf
5,DFT,5,38,0.33780773,-1.63730001,band_5.pdf
5,DFT,5,39,0.34348892,-1.58030001,band_5.pdf
5,DFT,5,40,0.35487914,-1.25359998,band_5.pdf
5,DFT,5,41,0.36056032,-1.07919998,band_5.pdf
5,DFT,5,42,0.36624151,-1.13949997,band_5.pdf
5,DFT,5,43,0.37192269,-1.24200000,band_5.pdf
5,DFT,5,44,0.37760388,-1.32100002,band_5.pdf
5,DFT,5,45,0.38328506,-1.34560002,band_5.pdf
5,DFT,5,46,0.38896625,-1.32079999,band_5.pdf
5,DFT,5,47,0.40035647,-1.25249998,band_5.pdf
5,DFT,5,48,0.40603765,-1.16359998,band_5.pdf
5,DFT,5,49,0.41171884,-1.11470001,band_5.pdf
5,DFT,5,50,0.42876239,-1.12350000,band_5.pdf
5,DFT,5,51,0.44015261,-1.13970000,band_5.pdf
5,DFT,5,52,0.44583380,-1.15359999,band_5.pdf
5,DFT,5,53,0.45151498,-1.18390000,band_5.pdf
5,DFT,5,54,0.45719617,-1.23770001,band_5.pdf
5,DFT,5,55,0.46287735,-1.27039998,band_5.pdf
5,DFT,5,56,0.46855854,-1.27099999,band_5.pdf
5,DFT,5,57,0.47992091,-1.21080001,band_5.pdf
5,DFT,5,58,0.49131113,-1.22279998,band_5.pdf
5,DFT,5,59,0.49699231,-1.33799998,band_5.pdf
5,DFT,5,60,0.50267350,-1.46769998,band_5.pdf
5,DFT,5,61,0.50835468,-1.49849999,band_5.pdf
5,DFT,5,62,0.51971705,-1.49629999,band_5.pdf
5,DFT,5,63,0.53110727,-1.47020001,band_5.pdf
5,DFT,5,64,0.54246965,-1.42600001,band_5.pdf
5,DFT,5,65,0.55951320,-1.35299997,band_5.pdf
5,DFT,5,66,0.57087557,-1.31870001,band_5.pdf
5,DFT,5,67,0.58226579,-1.30630000,band_5.pdf
5,DFT,5,68,0.59619027,-1.31480001,band_5.pdf
5,DFT,5,69,0.61707697,-1.35029998,band_5.pdf
5,DFT,5,70,0.63100145,-1.37340000,band_5.pdf
5,DFT,5,71,0.64492592,-1.38300001,band_5.pdf
5,DFT,5,72,0.65188816,-1.37989998,band_5.pdf
5,DFT,5,73,0.65885040,-1.35050000,band_5.pdf
5,DFT,5,74,0.67973711,-1.30300000,band_5.pdf
5,DFT,5,75,0.68669934,-1.31519999,band_5.pdf
5,DFT,5,76,0.69366158,-1.39219998,band_5.pdf
5,DFT,5,77,0.70758605,-1.55709998,band_5.pdf
5,DFT,5,78,0.71454829,-1.62979998,band_5.pdf
5,DFT,5,79,0.72151053,-1.69420000,band_5.pdf
5,DFT,5,80,0.72847276,-1.74960000,band_5.pdf
5,DFT,5,81,0.73543500,-1.79529999,band_5.pdf
5,DFT,5,82,0.74239724,-1.83139996,band_5.pdf
5,DFT,5,83,0.74935947,-1.85769997,band_5.pdf
5,DFT,5,84,0.75632171,-1.87469999,band_5.pdf
5,DFT,5,85,0.76328395,-1.87609996,band_5.pdf
5,DFT,5,86,0.77024618,-1.81629996,band_5.pdf
5,DFT,5,87,0.77720842,-1.79380001,band_5.pdf
5,DFT,5,88,0.78417066,-1.80409997,band_5.pdf
5,DFT,5,89,0.79113290,-1.83759997,band_5.pdf
5,DFT,5,90,0.80505737,-1.78359999,band_5.pdf
5,DFT,5,91,0.83290632,-1.66719998,band_5.pdf
5,DFT,5,92,0.83986855,-1.64659999,band_5.pdf
5,DFT,5,93,0.84683079,-1.63349996,band_5.pdf
5,DFT,5,94,0.85379303,-1.62959996,band_5.pdf
5,DFT,5,95,0.86075526,-1.63709999,band_5.pdf
5,DFT,5,96,0.86771750,-1.65729999,band_5.pdf
5,DFT,5,97,0.87467974,-1.69119997,band_5.pdf
5,DFT,5,98,0.88164197,-1.73910001,band_5.pdf
5,DFT,5,99,0.88860421,-1.61239998,band_5.pdf
5,DFT,5,100,0.89556645,-1.41210001,band_5.pdf
5,DFT,5,101,0.90252868,-1.18529997,band_5.pdf
5,DFT,5,102,0.91645316,-0.70100001,band_5.pdf
5,DFT,5,103,0.92341540,-0.60660001,band_5.pdf
5,DFT,5,104,0.93733987,-0.49380002,band_5.pdf
5,DFT,5,105,0.95126434,-0.39360001,band_5.pdf
5,DFT,5,106,0.96518881,-0.31069999,band_5.pdf
5,DFT,5,107,0.97911329,-0.25060002,band_5.pdf
5,DFT,5,108,0.99303776,-0.20939998,band_5.pdf
5,DFT,5,109,1.00000000,-0.19900000,band_5.pdf
5,DFT,6,0,0.00000000,-1.29910001,band_5.pdf
5,DFT,6,1,0.00804834,-1.29649997,band_5.pdf
5,DFT,6,2,0.01606884,-1.28549999,band_5.pdf
5,DFT,6,3,0.02411719,-1.26680002,band_5.pdf
5,DFT,6,4,0.03216554,-1.24100001,band_5.pdf
5,DFT,6,5,0.04823438,-1.16929999,band_5.pdf
5,DFT,6,6,0.05628272,-1.12360001,band_5.pdf
5,DFT,6,7,0.06430322,-1.07050001,band_5.pdf
5,DFT,6,8,0.07235157,-1.00829999,band_5.pdf
5,DFT,6,9,0.08039991,-0.93379997,band_5.pdf
5,DFT,6,10,0.08842041,-0.84169999,band_5.pdf
5,DFT,6,11,0.09646875,-0.72379999,band_5.pdf
5,DFT,6,12,0.10451710,-0.56889999,band_5.pdf
5,DFT,6,13,0.11253760,-0.54589998,band_5.pdf
5,DFT,6,14,0.12863429,-1.01669999,band_5.pdf
5,DFT,6,15,0.13665478,-1.11279999,band_5.pdf
5,DFT,6,16,0.15275148,-0.89620002,band_5.pdf
5,DFT,6,17,0.16882032,-0.68470000,band_5.pdf
5,DFT,6,18,0.17686866,-0.58870001,band_5.pdf
5,DFT,6,19,0.18491701,-0.50090001,band_5.pdf
5,DFT,6,20,0.19293751,-0.42210001,band_5.pdf
5,DFT,6,21,0.20098585,-0.35330000,band_5.pdf
5,DFT,6,22,0.20903420,-0.29480002,band_5.pdf
5,DFT,6,23,0.21705470,-0.24610002,band_5.pdf
5,DFT,6,24,0.22510304,-0.20599997,band_5.pdf
5,DFT,6,25,0.23315139,-0.17539999,band_5.pdf
5,DFT,6,26,0.24117188,-0.16320000,band_5.pdf
5,DFT,6,27,0.26392447,-0.18170000,band_5.pdf
5,DFT,6,28,0.28096803,-0.16340002,band_5.pdf
5,DFT,6,29,0.30372062,-0.12140001,band_5.pdf
5,DFT,6,30,0.32644536,-0.06950002,band_5.pdf
5,DFT,6,31,0.33780773,-0.42469999,band_5.pdf
5,DFT,6,32,0.34919795,-0.74580001,band_5.pdf
5,DFT,6,33,0.35487914,-0.88969998,band_5.pdf
5,DFT,6,34,0.36056032,-1.02140002,band_5.pdf
5,DFT,6,35,0.36624151,-0.89840001,band_5.pdf
5,DFT,6,36,0.39467528,0.02910000,band_5.pdf
5,DFT,6,37,0.40035647,0.05359999,band_5.pdf
5,DFT,6,38,0.41171884,0.05710001,band_5.pdf
5,DFT,6,39,0.41740002,0.04849999,band_5.pdf
5,DFT,6,40,0.42308121,0.02240000,band_5.pdf
5,DFT,6,41,0.42876239,-0.12300000,band_5.pdf
5,DFT,6,42,0.43444358,-0.38039997,band_5.pdf
5,DFT,6,43,0.44583380,-0.91659999,band_5.pdf
5,DFT,6,44,0.45151498,-1.08929999,band_5.pdf
5,DFT,6,45,0.45719617,-1.14179998,band_5.pdf
5,DFT,6,46,0.46855854,-1.17290002,band_5.pdf
5,DFT,6,47,0.47423972,-1.18280000,band_5.pdf
5,DFT,6,48,0.47992091,-1.17599999,band_5.pdf
5,DFT,6,49,0.48562994,-1.12760002,band_5.pdf
5,DFT,6,50,0.49131113,-1.20640001,band_5.pdf
5,DFT,6,51,0.49699231,-1.23229998,band_5.pdf
5,DFT,6,52,0.52539824,-1.27139997,band_5.pdf
5,DFT,6,53,0.54815083,-1.28979997,band_5.pdf
5,DFT,6,54,0.57658460,-1.29889998,band_5.pdf
5,DFT,6,55,0.58922803,-1.30130000,band_5.pdf
5,DFT,6,56,0.60315250,-1.31650001,band_5.pdf
5,DFT,6,57,0.63100145,-1.35400002,band_5.pdf
5,DFT,6,58,0.64492592,-1.35539999,band_5.pdf
5,DFT,6,59,0.65188816,-1.34770000,band_5.pdf
5,DFT,6,60,0.65885040,-1.27280000,band_5.pdf
5,DFT,6,61,0.66581263,-1.07149999,band_5.pdf
5,DFT,6,62,0.67277487,-1.09809997,band_5.pdf
5,DFT,6,63,0.67973711,-1.18969996,band_5.pdf
5,DFT,6,64,0.68669934,-1.25749998,band_5.pdf
5,DFT,6,65,0.69366158,-1.26419998,band_5.pdf
5,DFT,6,66,0.70758605,-1.23420000,band_5.pdf
5,DFT,6,67,0.73543500,-1.16040000,band_5.pdf
5,DFT,6,68,0.75632171,-1.11960000,band_5.pdf
5,DFT,6,69,0.77720842,-1.09560000,band_5.pdf
5,DFT,6,70,0.79113290,-1.08850002,band_5.pdf
5,DFT,6,71,0.83986855,-1.10159999,band_5.pdf
5,DFT,6,72,0.85379303,-1.07600000,band_5.pdf
5,DFT,6,73,0.86075526,-1.05310000,band_5.pdf
5,DFT,6,74,0.86771750,-1.02259997,band_5.pdf
5,DFT,6,75,0.88164197,-0.94059998,band_5.pdf
5,DFT,6,76,0.89556645,-0.83489998,band_5.pdf
5,DFT,6,77,0.94430211,-0.42030000,band_5.pdf
5,DFT,6,78,0.95822658,-0.31970000,band_5.pdf
5,DFT,6,79,0.97215105,-0.24200000,band_5.pdf
5,DFT,6,80,0.98607553,-0.19039998,band_5.pdf
5,DFT,6,81,0.99303776,-0.17259999,band_5.pdf
5,DFT,6,82,1.00000000,-0.16320000,band_5.pdf
5,DFT,7,0,0.00000000,-0.38360002,band_5.pdf
5,DFT,7,1,0.03216554,-0.37750002,band_5.pdf
5,DFT,7,2,0.04823438,-0.38379998,band_5.pdf
5,DFT,7,3,0.06430322,-0.37429998,band_5.pdf
5,DFT,7,4,0.07235157,-0.35879999,band_5.pdf
5,DFT,7,5,0.08039991,-0.33370000,band_5.pdf
5,DFT,7,6,0.08842041,-0.29750001,band_5.pdf
5,DFT,7,7,0.09646875,-0.25000001,band_5.pdf
5,DFT,7,8,0.11253760,-0.36410002,band_5.pdf
5,DFT,7,9,0.12058594,-0.10570001,band_5.pdf
5,DFT,7,10,0.12863429,0.09089998,band_5.pdf
5,DFT,7,11,0.13665478,0.22870001,band_5.pdf
5,DFT,7,12,0.14470313,0.37659998,band_5.pdf
5,DFT,7,13,0.15275148,0.53879999,band_5.pdf
5,DFT,7,14,0.16079982,0.71469998,band_5.pdf
5,DFT,7,15,0.17686866,1.09860002,band_5.pdf
5,DFT,7,16,0.20098585,1.69349998,band_5.pdf
5,DFT,7,17,0.20903420,1.87079999,band_5.pdf
5,DFT,7,18,0.21705470,2.02219998,band_5.pdf
5,DFT,7,19,0.22510304,2.13519999,band_5.pdf
5,DFT,7,20,0.23315139,2.19850001,band_5.pdf
5,DFT,7,21,0.24117188,2.21649996,band_5.pdf
5,DFT,7,22,0.24685307,2.20690001,band_5.pdf
5,DFT,7,23,0.25256210,2.16770000,band_5.pdf
5,DFT,7,24,0.25824329,2.09000000,band_5.pdf
5,DFT,7,25,0.26392447,1.97940001,band_5.pdf
5,DFT,7,26,0.26960566,1.84240000,band_5.pdf
5,DFT,7,27,0.27528684,1.68430001,band_5.pdf
5,DFT,7,28,0.28664922,1.32289998,band_5.pdf
5,DFT,7,29,0.30372062,0.72419998,band_5.pdf
5,DFT,7,30,0.32076417,0.12470001,band_5.pdf
5,DFT,7,31,0.32644536,-0.06600000,band_5.pdf
5,DFT,7,32,0.34348892,-0.03030001,band_5.pdf
5,DFT,7,33,0.37192269,0.02499998,band_5.pdf
5,DFT,7,34,0.39467528,0.06009997,band_5.pdf
5,DFT,7,35,0.40035647,0.19549999,band_5.pdf
5,DFT,7,36,0.40603765,0.30750001,band_5.pdf
5,DFT,7,37,0.41171884,0.27470003,band_5.pdf
5,DFT,7,38,0.41740002,0.22629999,band_5.pdf
5,DFT,7,39,0.42308121,0.08749997,band_5.pdf
5,DFT,7,40,0.42876239,-0.02159998,band_5.pdf
5,DFT,7,41,0.43444358,-0.08970003,band_5.pdf
5,DFT,7,42,0.44015261,-0.21339999,band_5.pdf
5,DFT,7,43,0.44583380,-0.36369998,band_5.pdf
5,DFT,7,44,0.45151498,-0.50179998,band_5.pdf
5,DFT,7,45,0.45719617,-0.61620002,band_5.pdf
5,DFT,7,46,0.46287735,-0.70419999,band_5.pdf
5,DFT,7,47,0.47423972,-0.83819997,band_5.pdf
5,DFT,7,48,0.47992091,-0.94779998,band_5.pdf
5,DFT,7,49,0.48562994,-1.07500001,band_5.pdf
5,DFT,7,50,0.49131113,-1.06830001,band_5.pdf
5,DFT,7,51,0.53110727,-0.63440000,band_5.pdf
5,DFT,7,52,0.54246965,-0.53230002,band_5.pdf
5,DFT,7,53,0.55383202,-0.45120001,band_5.pdf
5,DFT,7,54,0.55951320,-0.42040001,band_5.pdf
5,DFT,7,55,0.56519439,-0.39779998,band_5.pdf
5,DFT,7,56,0.57087557,-0.38520001,band_5.pdf
5,DFT,7,57,0.58226579,-0.38360002,band_5.pdf
5,DFT,7,58,0.58922803,-0.38400000,band_5.pdf
5,DFT,7,59,0.59619027,-0.39250001,band_5.pdf
5,DFT,7,60,0.60315250,-0.41150001,band_5.pdf
5,DFT,7,61,0.61011474,-0.44010002,band_5.pdf
5,DFT,7,62,0.61707697,-0.47819997,band_5.pdf
5,DFT,7,63,0.62403921,-0.52610001,band_5.pdf
5,DFT,7,64,0.63100145,-0.58389998,band_5.pdf
5,DFT,7,65,0.63796368,-0.65130001,band_5.pdf
5,DFT,7,66,0.65188816,-0.81120001,band_5.pdf
5,DFT,7,67,0.67973711,-1.17189997,band_5.pdf
5,DFT,7,68,0.68669934,-1.23380002,band_5.pdf
5,DFT,7,69,0.69366158,-1.23889996,band_5.pdf
5,DFT,7,70,0.71454829,-1.18259998,band_5.pdf
5,DFT,7,71,0.73543500,-1.13080000,band_5.pdf
5,DFT,7,72,0.74935947,-1.10630001,band_5.pdf
5,DFT,7,73,0.76328395,-1.09099999,band_5.pdf
5,DFT,7,74,0.78417066,-1.08510001,band_5.pdf
5,DFT,7,75,0.80505737,-1.08319999,band_5.pdf
5,DFT,7,76,0.83290632,-1.07189998,band_5.pdf
5,DFT,7,77,0.84683079,-1.05260001,band_5.pdf
5,DFT,7,78,0.86075526,-1.01470002,band_5.pdf
5,DFT,7,79,0.87467974,-0.95380002,band_5.pdf
5,DFT,7,80,0.88860421,-0.87069998,band_5.pdf
5,DFT,7,81,0.90252868,-0.77009998,band_5.pdf
5,DFT,7,82,0.90949092,-0.70940001,band_5.pdf
5,DFT,7,83,0.91645316,-0.60720002,band_5.pdf
5,DFT,7,84,0.92341540,-0.34680003,band_5.pdf
5,DFT,7,85,0.93733987,0.27500000,band_5.pdf
5,DFT,7,86,0.95126434,0.91209999,band_5.pdf
5,DFT,7,87,0.95822658,1.21650002,band_5.pdf
5,DFT,7,88,0.96518881,1.49920000,band_5.pdf
5,DFT,7,89,0.97215105,1.74999999,band_5.pdf
5,DFT,7,90,0.97911329,1.95829996,band_5.pdf
5,DFT,7,91,0.98607553,2.11250002,band_5.pdf
5,DFT,7,92,0.99303776,2.19759997,band_5.pdf
5,DFT,7,93,1.00000000,2.21649996,band_5.pdf
5,DFT,8,0,0.00000000,-0.36240002,band_5.pdf
5,DFT,8,1,0.02411719,-0.37170000,band_5.pdf
5,DFT,8,2,0.04823438,-0.38140002,band_5.pdf
5,DFT,8,3,0.06430322,-0.37049999,band_5.pdf
5,DFT,8,4,0.07235157,-0.35440000,band_5.pdf
5,DFT,8,5,0.08039991,-0.32870000,band_5.pdf
5,DFT,8,6,0.08842041,-0.29149997,band_5.pdf
5,DFT,8,7,0.09646875,-0.24110002,band_5.pdf
5,DFT,8,8,0.10451710,-0.17759998,band_5.pdf
5,DFT,8,9,0.11253760,-0.10170000,band_5.pdf
5,DFT,8,10,0.12058594,-0.00670000,band_5.pdf
5,DFT,8,11,0.12863429,0.10549998,band_5.pdf
5,DFT,8,12,0.13665478,0.23459998,band_5.pdf
5,DFT,8,13,0.14470313,0.38020001,band_5.pdf
5,DFT,8,14,0.15275148,0.54160000,band_5.pdf
5,DFT,8,15,0.16079982,0.71709999,band_5.pdf
5,DFT,8,16,0.17686866,1.10109999,band_5.pdf
5,DFT,8,17,0.20098585,1.69729997,band_5.pdf
5,DFT,8,18,0.20903420,1.87609996,band_5.pdf
5,DFT,8,19,0.21705470,2.03039996,band_5.pdf
5,DFT,8,20,0.22510304,2.15029999,band_5.pdf
5,DFT,8,21,0.23315139,2.22659996,band_5.pdf
5,DFT,8,22,0.24117188,2.25289997,band_5.pdf
5,DFT,8,23,0.24685307,2.23969999,band_5.pdf
5,DFT,8,24,0.25256210,2.20039997,band_5.pdf
5,DFT,8,25,0.25824329,2.13590001,band_5.pdf
5,DFT,8,26,0.26392447,2.04779997,band_5.pdf
5,DFT,8,27,0.26960566,1.93839999,band_5.pdf
5,DFT,8,28,0.27528684,1.81069996,band_5.pdf
5,DFT,8,29,0.28664922,1.51619997,band_5.pdf
5,DFT,8,30,0.30372062,1.05509997,band_5.pdf
5,DFT,8,31,0.30940180,0.92109999,band_5.pdf
5,DFT,8,32,0.31508299,0.80799997,band_5.pdf
5,DFT,8,33,0.32076417,0.72149999,band_5.pdf
5,DFT,8,34,0.32644536,0.66559999,band_5.pdf
5,DFT,8,35,0.33212655,0.64180001,band_5.pdf
5,DFT,8,36,0.33780773,0.64879998,band_5.pdf
5,DFT,8,37,0.34348892,0.68310000,band_5.pdf
5,DFT,8,38,0.34919795,0.73979997,band_5.pdf
5,DFT,8,39,0.35487914,0.81309998,band_5.pdf
5,DFT,8,40,0.36624151,0.98710000,band_5.pdf
5,DFT,8,41,0.37760388,1.16479999,band_5.pdf
5,DFT,8,42,0.38328506,1.24480000,band_5.pdf
5,DFT,8,43,0.39467528,0.72209999,band_5.pdf
5,DFT,8,44,0.40035647,0.49710002,band_5.pdf
5,DFT,8,45,0.40603765,0.33560002,band_5.pdf
5,DFT,8,46,0.41171884,0.34960003,band_5.pdf
5,DFT,8,47,0.41740002,0.32110003,band_5.pdf
5,DFT,8,48,0.42308121,0.23940002,band_5.pdf
5,DFT,8,49,0.42876239,0.11719998,band_5.pdf
5,DFT,8,50,0.43444358,-0.02229999,band_5.pdf
5,DFT,8,51,0.44015261,-0.13080000,band_5.pdf
5,DFT,8,52,0.45151498,-0.31909999,band_5.pdf
5,DFT,8,53,0.46287735,-0.53780001,band_5.pdf
5,DFT,8,54,0.46855854,-0.65070001,band_5.pdf
5,DFT,8,55,0.47423972,-0.73780000,band_5.pdf
5,DFT,8,56,0.47992091,-0.76490002,band_5.pdf
5,DFT,8,57,0.48562994,-0.75740000,band_5.pdf
5,DFT,8,58,0.49131113,-0.73230001,band_5.pdf
5,DFT,8,59,0.50267350,-0.65420002,band_5.pdf
5,DFT,8,60,0.51971705,-0.52419999,band_5.pdf
5,DFT,8,61,0.53110727,-0.45580003,band_5.pdf
5,DFT,8,62,0.54246965,-0.40920000,band_5.pdf
5,DFT,8,63,0.55383202,-0.38209997,band_5.pdf
5,DFT,8,64,0.56519439,-0.36840000,band_5.pdf
5,DFT,8,65,0.58226579,-0.36240002,band_5.pdf
5,DFT,8,66,0.59619027,-0.36599999,band_5.pdf
5,DFT,8,67,0.60315250,-0.38470001,band_5.pdf
5,DFT,8,68,0.61011474,-0.41440002,band_5.pdf
5,DFT,8,69,0.61707697,-0.45450001,band_5.pdf
5,DFT,8,70,0.62403921,-0.50469999,band_5.pdf
5,DFT,8,71,0.63100145,-0.56520001,band_5.pdf
5,DFT,8,72,0.63796368,-0.63529997,band_5.pdf
5,DFT,8,73,0.65188816,-0.80019997,band_5.pdf
5,DFT,8,74,0.65885040,-0.89100000,band_5.pdf
5,DFT,8,75,0.66581263,-0.97050001,band_5.pdf
5,DFT,8,76,0.67277487,-0.79550001,band_5.pdf
5,DFT,8,77,0.67973711,-0.52900002,band_5.pdf
5,DFT,8,78,0.68669934,-0.23619997,band_5.pdf
5,DFT,8,79,0.69366158,0.08340001,band_5.pdf
5,DFT,8,80,0.70062382,0.43230002,band_5.pdf
5,DFT,8,81,0.70758605,0.81350002,band_5.pdf
5,DFT,8,82,0.72151053,1.66070000,band_5.pdf
5,DFT,8,83,0.72847276,1.70969998,band_5.pdf
5,DFT,8,84,0.74935947,1.78880001,band_5.pdf
5,DFT,8,85,0.76328395,1.82979997,band_5.pdf
5,DFT,8,86,0.77720842,1.85849999,band_5.pdf
5,DFT,8,87,0.79113290,1.87200000,band_5.pdf
5,DFT,8,88,0.80505737,1.85700001,band_5.pdf
5,DFT,8,89,0.81898184,1.82029997,band_5.pdf
5,DFT,8,90,0.83290632,1.76289999,band_5.pdf
5,DFT,8,91,0.86771750,1.59590000,band_5.pdf
5,DFT,8,92,0.87467974,1.57690000,band_5.pdf
5,DFT,8,93,0.88164197,1.56819997,band_5.pdf
5,DFT,8,94,0.88860421,1.57130000,band_5.pdf
5,DFT,8,95,0.89556645,1.58679999,band_5.pdf
5,DFT,8,96,0.90252868,1.61450002,band_5.pdf
5,DFT,8,97,0.90949092,1.65329999,band_5.pdf
5,DFT,8,98,0.92341540,1.75630000,band_5.pdf
5,DFT,8,99,0.93733987,1.87169997,band_5.pdf
5,DFT,8,100,0.95822658,2.04930001,band_5.pdf
5,DFT,8,101,0.97215105,2.14679998,band_5.pdf
5,DFT,8,102,0.97911329,2.18429998,band_5.pdf
5,DFT,8,103,0.99303776,2.23889996,band_5.pdf
5,DFT,8,104,1.00000000,2.25289997,band_5.pdf
5,DFT,9,0,0.00000000,-0.33100001,band_5.pdf
5,DFT,9,1,0.00804834,-0.32789998,band_5.pdf
5,DFT,9,2,0.01606884,-0.31550003,band_5.pdf
5,DFT,9,3,0.02411719,-0.28829999,band_5.pdf
5,DFT,9,4,0.03216554,-0.24540000,band_5.pdf
5,DFT,9,5,0.04018603,-0.18829999,band_5.pdf
5,DFT,9,6,0.04823438,-0.11850000,band_5.pdf
5,DFT,9,7,0.05628272,-0.03679999,band_5.pdf
5,DFT,9,8,0.06430322,0.05560003,band_5.pdf
5,DFT,9,9,0.07235157,0.15780002,band_5.pdf
5,DFT,9,10,0.08039991,0.26879999,band_5.pdf
5,DFT,9,11,0.08842041,0.16359998,band_5.pdf
5,DFT,9,12,0.09646875,-0.06450002,band_5.pdf
5,DFT,9,13,0.10451710,-0.17589998,band_5.pdf
5,DFT,9,14,0.11253760,-0.09329999,band_5.pdf
5,DFT,9,15,0.12058594,0.01879998,band_5.pdf
5,DFT,9,16,0.12863429,0.28929997,band_5.pdf
5,DFT,9,17,0.13665478,0.72130002,band_5.pdf
5,DFT,9,18,0.14470313,1.24419999,band_5.pdf
5,DFT,9,19,0.15275148,1.44979998,band_5.pdf
5,DFT,9,20,0.16882032,1.69270001,band_5.pdf
5,DFT,9,21,0.17686866,1.80259999,band_5.pdf
5,DFT,9,22,0.18491701,1.90309998,band_5.pdf
5,DFT,9,23,0.19293751,1.99309998,band_5.pdf
5,DFT,9,24,0.20098585,2.07160001,band_5.pdf
5,DFT,9,25,0.20903420,2.13799999,band_5.pdf
5,DFT,9,26,0.21705470,2.19230000,band_5.pdf
5,DFT,9,27,0.22510304,2.23619997,band_5.pdf
5,DFT,9,28,0.23315139,2.27170000,band_5.pdf
5,DFT,9,29,0.24117188,2.28749996,band_5.pdf
5,DFT,9,30,0.25824329,2.26629997,band_5.pdf
5,DFT,9,31,0.26960566,2.27400001,band_5.pdf
5,DFT,9,32,0.28664922,2.30059999,band_5.pdf
5,DFT,9,33,0.30940180,2.35209999,band_5.pdf
5,DFT,9,34,0.36056032,2.47869996,band_5.pdf
5,DFT,9,35,0.36624151,2.22389997,band_5.pdf
5,DFT,9,36,0.37760388,1.57789999,band_5.pdf
5,DFT,9,37,0.38328506,1.27269999,band_5.pdf
5,DFT,9,38,0.38896625,1.31439997,band_5.pdf
5,DFT,9,39,0.39467528,1.37099998,band_5.pdf
5,DFT,9,40,0.40035647,1.41250000,band_5.pdf
5,DFT,9,41,0.40603765,1.43749998,band_5.pdf
5,DFT,9,42,0.41171884,1.44560001,band_5.pdf
5,DFT,9,43,0.42876239,1.44069997,band_5.pdf
5,DFT,9,44,0.44015261,1.42299999,band_5.pdf
5,DFT,9,45,0.45151498,1.39119999,band_5.pdf
5,DFT,9,46,0.47992091,1.28809997,band_5.pdf
5,DFT,9,47,0.48562994,1.24409998,band_5.pdf
5,DFT,9,48,0.50267350,0.79450002,band_5.pdf
5,DFT,9,49,0.51403587,0.51509997,band_5.pdf
5,DFT,9,50,0.52539824,0.26380000,band_5.pdf
5,DFT,9,51,0.53678846,0.04849999,band_5.pdf
5,DFT,9,52,0.54246965,-0.04370001,band_5.pdf
5,DFT,9,53,0.54815083,-0.12459999,band_5.pdf
5,DFT,9,54,0.55383202,-0.19350001,band_5.pdf
5,DFT,9,55,0.55951320,-0.24959997,band_5.pdf
5,DFT,9,56,0.56519439,-0.29190001,band_5.pdf
5,DFT,9,57,0.57087557,-0.31839998,band_5.pdf
5,DFT,9,58,0.57658460,-0.32909999,band_5.pdf
5,DFT,9,59,0.58922803,-0.32849998,band_5.pdf
5,DFT,9,60,0.59619027,-0.30580000,band_5.pdf
5,DFT,9,61,0.60315250,-0.25340002,band_5.pdf
5,DFT,9,62,0.61011474,-0.17610000,band_5.pdf
5,DFT,9,63,0.61707697,-0.07629997,band_5.pdf
5,DFT,9,64,0.62403921,0.04509998,band_5.pdf
5,DFT,9,65,0.63100145,0.18690002,band_5.pdf
5,DFT,9,66,0.63796368,0.34869999,band_5.pdf
5,DFT,9,67,0.64492592,0.52940001,band_5.pdf
5,DFT,9,68,0.65188816,0.72800002,band_5.pdf
5,DFT,9,69,0.65885040,0.94360001,band_5.pdf
5,DFT,9,70,0.67277487,1.41590000,band_5.pdf
5,DFT,9,71,0.67973711,1.50719996,band_5.pdf
5,DFT,9,72,0.70062382,1.58920000,band_5.pdf
5,DFT,9,73,0.72151053,1.68299999,band_5.pdf
5,DFT,9,74,0.72847276,1.73780000,band_5.pdf
5,DFT,9,75,0.74239724,1.79040000,band_5.pdf
5,DFT,9,76,0.75632171,1.83139996,band_5.pdf
5,DFT,9,77,0.77024618,1.85949998,band_5.pdf
5,DFT,9,78,0.78417066,1.87229997,band_5.pdf
5,DFT,9,79,0.80505737,1.86739999,band_5.pdf
5,DFT,9,80,0.81898184,1.84119999,band_5.pdf
5,DFT,9,81,0.83290632,1.79289997,band_5.pdf
5,DFT,9,82,0.85379303,1.69380001,band_5.pdf
5,DFT,9,83,0.86771750,1.63280000,band_5.pdf
5,DFT,9,84,0.87467974,1.61160001,band_5.pdf
5,DFT,9,85,0.88164197,1.59949997,band_5.pdf
5,DFT,9,86,0.88860421,1.59829996,band_5.pdf
5,DFT,9,87,0.89556645,1.60880001,band_5.pdf
5,DFT,9,88,0.90252868,1.63079997,band_5.pdf
5,DFT,9,89,0.90949092,1.66369996,band_5.pdf
5,DFT,9,90,0.91645316,1.70610001,band_5.pdf
5,DFT,9,91,0.92341540,1.75800000,band_5.pdf
5,DFT,9,92,0.93733987,1.88479999,band_5.pdf
5,DFT,9,93,0.95822658,2.07710000,band_5.pdf
5,DFT,9,94,0.96518881,2.13300000,band_5.pdf
5,DFT,9,95,0.97215105,2.18159999,band_5.pdf
5,DFT,9,96,0.97911329,2.22159997,band_5.pdf
5,DFT,9,97,0.98607553,2.25229996,band_5.pdf
5,DFT,9,98,0.99303776,2.27529997,band_5.pdf
5,DFT,9,99,1.00000000,2.28749996,band_5.pdf
5,DFT,10,0,0.00000000,1.57630000,band_5.pdf
5,DFT,10,1,0.00804834,1.56360002,band_5.pdf
5,DFT,10,2,0.01606884,1.52450002,band_5.pdf
5,DFT,10,3,0.02411719,1.45979998,band_5.pdf
5,DFT,10,4,0.03216554,1.37020002,band_5.pdf
5,DFT,10,5,0.04018603,1.25660000,band_5.pdf
5,DFT,10,6,0.04823438,1.12040002,band_5.pdf
5,DFT,10,7,0.05628272,0.96289998,band_5.pdf
5,DFT,10,8,0.06430322,0.78619997,band_5.pdf
5,DFT,10,9,0.07235157,0.59239999,band_5.pdf
5,DFT,10,10,0.08039991,0.38389999,band_5.pdf
5,DFT,10,11,0.08842041,0.38750001,band_5.pdf
5,DFT,10,12,0.10451710,0.64269999,band_5.pdf
5,DFT,10,13,0.14470313,1.31970000,band_5.pdf
5,DFT,10,14,0.15275148,1.84619999,band_5.pdf
5,DFT,10,15,0.16079982,2.51590000,band_5.pdf
5,DFT,10,16,0.16882032,3.24150000,band_5.pdf
5,DFT,10,17,0.17686866,4.01239995,band_5.pdf
5,DFT,10,18,0.19293751,5.64529997,band_5.pdf
5,DFT,10,19,0.20903420,7.30119993,band_5.pdf
5,DFT,10,20,0.21705470,8.07499995,band_5.pdf
5,DFT,10,21,0.21956881,8.28298041,band_5.pdf
5,DFT,11,0,0.27268164,8.28298041,band_5.pdf
5,DFT,11,1,0.27528684,8.13279998,band_5.pdf
5,DFT,11,2,0.28664922,7.41649995,band_5.pdf
5,DFT,11,3,0.30940180,5.88869999,band_5.pdf
5,DFT,11,4,0.33212655,4.36419997,band_5.pdf
5,DFT,11,5,0.34919795,3.26519997,band_5.pdf
5,DFT,11,6,0.36056032,2.56850000,band_5.pdf
5,DFT,11,7,0.36624151,2.49669998,band_5.pdf
5,DFT,11,8,0.38328506,2.52479999,band_5.pdf
5,DFT,11,9,0.38896625,2.43809999,band_5.pdf
5,DFT,11,10,0.39467528,2.20699996,band_5.pdf
5,DFT,11,11,0.40035647,2.01359996,band_5.pdf
5,DFT,11,12,0.40603765,1.87919999,band_5.pdf
5,DFT,11,13,0.41171884,1.82999999,band_5.pdf
5,DFT,11,14,0.42308121,1.82560000,band_5.pdf
5,DFT,11,15,0.44015261,1.80309998,band_5.pdf
5,DFT,11,16,0.45719617,1.76580000,band_5.pdf
5,DFT,11,17,0.46287735,1.75130000,band_5.pdf
5,DFT,11,18,0.46855854,1.69339997,band_5.pdf
5,DFT,11,19,0.47992091,1.39619999,band_5.pdf
5,DFT,11,20,0.48562994,1.27120001,band_5.pdf
5,DFT,11,21,0.49699231,1.24979999,band_5.pdf
5,DFT,11,22,0.50267350,1.24720001,band_5.pdf
5,DFT,11,23,0.50835468,1.25129997,band_5.pdf
5,DFT,11,24,0.51403587,1.26239997,band_5.pdf
5,DFT,11,25,0.51971705,1.28049999,band_5.pdf
5,DFT,11,26,0.53110727,1.33569997,band_5.pdf
5,DFT,11,27,0.56519439,1.53929999,band_5.pdf
5,DFT,11,28,0.57087557,1.55950000,band_5.pdf
5,DFT,11,29,0.57658460,1.57209997,band_5.pdf
5,DFT,11,30,0.58226579,1.57630000,band_5.pdf
5,DFT,11,31,0.59619027,1.56449999,band_5.pdf
5,DFT,11,32,0.61011474,1.53309998,band_5.pdf
5,DFT,11,33,0.63100145,1.47910001,band_5.pdf
5,DFT,11,34,0.64492592,1.45969996,band_5.pdf
5,DFT,11,35,0.65885040,1.46340000,band_5.pdf
5,DFT,11,36,0.66581263,1.47449999,band_5.pdf
5,DFT,11,37,0.67277487,1.49370001,band_5.pdf
5,DFT,11,38,0.67973711,1.53890001,band_5.pdf
5,DFT,11,39,0.70062382,1.62349997,band_5.pdf
5,DFT,11,40,0.71454829,1.68530000,band_5.pdf
5,DFT,11,41,0.72151053,1.73690002,band_5.pdf
5,DFT,11,42,0.72847276,2.18620001,band_5.pdf
5,DFT,11,43,0.73543500,2.72079997,band_5.pdf
5,DFT,11,44,0.74239724,3.29719998,band_5.pdf
5,DFT,11,45,0.74935947,3.91280000,band_5.pdf
5,DFT,11,46,0.75632171,4.56519995,band_5.pdf
5,DFT,11,47,0.77024618,5.96539995,band_5.pdf
5,DFT,11,48,0.78417066,7.43909997,band_5.pdf
5,DFT,11,49,0.79113290,8.10769998,band_5.pdf
5,DFT,11,50,0.80505737,7.52399997,band_5.pdf
5,DFT,11,51,0.81201961,7.26639998,band_5.pdf
5,DFT,11,52,0.81898184,7.03759996,band_5.pdf
5,DFT,11,53,0.82594408,6.83859996,band_5.pdf
5,DFT,11,54,0.83290632,6.67079994,band_5.pdf
5,DFT,11,55,0.83986855,6.53529998,band_5.pdf
5,DFT,11,56,0.84683079,6.43219995,band_5.pdf
5,DFT,11,57,0.85379303,6.36239996,band_5.pdf
5,DFT,11,58,0.86075526,6.32529994,band_5.pdf
5,DFT,11,59,0.86771750,6.32079994,band_5.pdf
5,DFT,11,60,0.87467974,6.34799997,band_5.pdf
5,DFT,11,61,0.88164197,6.40499997,band_5.pdf
5,DFT,11,62,0.88860421,6.49059998,band_5.pdf
5,DFT,11,63,0.89556645,6.60309994,band_5.pdf
5,DFT,11,64,0.90252868,6.74009994,band_5.pdf
5,DFT,11,65,0.90949092,6.89979998,band_5.pdf
5,DFT,11,66,0.91645316,7.07979999,band_5.pdf
5,DFT,11,67,0.92341540,7.27809997,band_5.pdf
5,DFT,11,68,0.93037763,7.49129994,band_5.pdf
5,DFT,11,69,0.94430211,7.95249994,band_5.pdf
5,DFT,11,70,0.95391065,8.28298041,band_5.pdf
5,DFT,12,0,0.00000000,1.57750001,band_5.pdf
5,DFT,12,1,0.00804834,1.58229998,band_5.pdf
5,DFT,12,2,0.01606884,1.59719996,band_5.pdf
5,DFT,12,3,0.02411719,1.62160000,band_5.pdf
5,DFT,12,4,0.03216554,1.65460000,band_5.pdf
5,DFT,12,5,0.04823438,1.74190002,band_5.pdf
5,DFT,12,6,0.06430322,1.84929996,band_5.pdf
5,DFT,12,7,0.08039991,1.96940002,band_5.pdf
5,DFT,12,8,0.09646875,2.10630001,band_5.pdf
5,DFT,12,9,0.10451710,2.18919997,band_5.pdf
5,DFT,12,10,0.11253760,2.29089997,band_5.pdf
5,DFT,12,11,0.12058594,2.42160001,band_5.pdf
5,DFT,12,12,0.12863429,2.59489996,band_5.pdf
5,DFT,12,13,0.13665478,2.82539998,band_5.pdf
5,DFT,12,14,0.14470313,3.12659997,band_5.pdf
5,DFT,12,15,0.15275148,3.50779997,band_5.pdf
5,DFT,12,16,0.16079982,3.97159995,band_5.pdf
5,DFT,12,17,0.16882032,4.51329996,band_5.pdf
5,DFT,12,18,0.17686866,5.12339999,band_5.pdf
5,DFT,12,19,0.18491701,5.78829996,band_5.pdf
5,DFT,12,20,0.21336715,8.28298041,band_5.pdf
5,DFT,13,0,0.28374628,8.28298041,band_5.pdf
5,DFT,13,1,0.29233040,7.81139998,band_5.pdf
5,DFT,13,2,0.30940180,6.81899995,band_5.pdf
5,DFT,13,3,0.34348892,4.81199998,band_5.pdf
5,DFT,13,4,0.36056032,3.85630000,band_5.pdf
5,DFT,13,5,0.37192269,3.25369999,band_5.pdf
5,DFT,13,6,0.38328506,2.69409998,band_5.pdf
5,DFT,13,7,0.38896625,2.53170001,band_5.pdf
5,DFT,13,8,0.40603765,2.54369998,band_5.pdf
5,DFT,13,9,0.41171884,2.54450001,band_5.pdf
5,DFT,13,10,0.41740002,2.53450001,band_5.pdf
5,DFT,13,11,0.42308121,2.50480001,band_5.pdf
5,DFT,13,12,0.42876239,2.45589998,band_5.pdf
5,DFT,13,13,0.43444358,2.38879997,band_5.pdf
5,DFT,13,14,0.44015261,2.30480002,band_5.pdf
5,DFT,13,15,0.44583380,2.20549998,band_5.pdf
5,DFT,13,16,0.45151498,2.09280000,band_5.pdf
5,DFT,13,17,0.46287735,1.83470002,band_5.pdf
5,DFT,13,18,0.46855854,1.73630001,band_5.pdf
5,DFT,13,19,0.50267350,1.65099998,band_5.pdf
5,DFT,13,20,0.51971705,1.61940001,band_5.pdf
5,DFT,13,21,0.54246965,1.59250000,band_5.pdf
5,DFT,13,22,0.56519439,1.57999998,band_5.pdf
5,DFT,13,23,0.59619027,1.56620000,band_5.pdf
5,DFT,13,24,0.61011474,1.53819999,band_5.pdf
5,DFT,13,25,0.63100145,1.49279998,band_5.pdf
5,DFT,13,26,0.64492592,1.47980002,band_5.pdf
5,DFT,13,27,0.65885040,1.48920001,band_5.pdf
5,DFT,13,28,0.66581263,1.50260001,band_5.pdf
5,DFT,13,29,0.67277487,1.52359998,band_5.pdf
5,DFT,13,30,0.67973711,1.69220002,band_5.pdf
5,DFT,13,31,0.68669934,1.96700000,band_5.pdf
5,DFT,13,32,0.69366158,2.25899996,band_5.pdf
5,DFT,13,33,0.70062382,2.56740000,band_5.pdf
5,DFT,13,34,0.70758605,2.89369999,band_5.pdf
5,DFT,13,35,0.71454829,3.24029999,band_5.pdf
5,DFT,13,36,0.72151053,3.61029999,band_5.pdf
5,DFT,13,37,0.72847276,4.00730000,band_5.pdf
5,DFT,13,38,0.73543500,4.43540000,band_5.pdf
5,DFT,13,39,0.74239724,4.89869999,band_5.pdf
5,DFT,13,40,0.74935947,5.39999998,band_5.pdf
5,DFT,13,41,0.75632171,5.94119999,band_5.pdf
5,DFT,13,42,0.76328395,6.52209994,band_5.pdf
5,DFT,13,43,0.77720842,7.78999996,band_5.pdf
5,DFT,13,44,0.78256963,8.28298041,band_5.pdf
5,DFT,14,0,0.78768929,8.28298041,band_5.pdf
5,DFT,14,1,0.80505737,7.55619994,band_5.pdf
5,DFT,14,2,0.81201961,7.29639996,band_5.pdf
5,DFT,14,3,0.81898184,7.06539994,band_5.pdf
5,DFT,14,4,0.82594408,6.86459999,band_5.pdf
5,DFT,14,5,0.83290632,6.69529993,band_5.pdf
5,DFT,14,6,0.83986855,6.55859996,band_5.pdf
5,DFT,14,7,0.84683079,6.45459996,band_5.pdf
5,DFT,14,8,0.85379303,6.38459994,band_5.pdf
5,DFT,14,9,0.86075526,6.34789996,band_5.pdf
5,DFT,14,10,0.86771750,6.34429994,band_5.pdf
5,DFT,14,11,0.87467974,6.37309997,band_5.pdf
5,DFT,14,12,0.88164197,6.43219995,band_5.pdf
5,DFT,14,13,0.88860421,6.52039994,band_5.pdf
5,DFT,14,14,0.89556645,6.63599999,band_5.pdf
5,DFT,14,15,0.90252868,6.77659996,band_5.pdf
5,DFT,14,16,0.90949092,6.94019994,band_5.pdf
5,DFT,14,17,0.91645316,7.12449998,band_5.pdf
5,DFT,14,18,0.92341540,7.32729997,band_5.pdf
5,DFT,14,19,0.93037763,7.54529997,band_5.pdf
5,DFT,14,20,0.94430211,8.01689995,band_5.pdf
5,DFT,14,21,0.95186079,8.28298041,band_5.pdf
5,DFT,15,0,0.28780938,8.28298041,band_5.pdf
5,DFT,15,1,0.29801159,7.96889996,band_5.pdf
5,DFT,15,2,0.30372062,7.81029998,band_5.pdf
5,DFT,15,3,0.30940180,7.66499998,band_5.pdf
5,DFT,15,4,0.31508299,7.53339996,band_5.pdf
5,DFT,15,5,0.32076417,7.41509998,band_5.pdf
5,DFT,15,6,0.32644536,7.31019994,band_5.pdf
5,DFT,15,7,0.33212655,7.21759996,band_5.pdf
5,DFT,15,8,0.33780773,7.13639994,band_5.pdf
5,DFT,15,9,0.34348892,7.06609996,band_5.pdf
5,DFT,15,10,0.34919795,7.00559994,band_5.pdf
5,DFT,15,11,0.35487914,6.95399998,band_5.pdf
5,DFT,15,12,0.36056032,6.91029997,band_5.pdf
5,DFT,15,13,0.37192269,6.84339993,band_5.pdf
5,DFT,15,14,0.38328506,6.79879994,band_5.pdf
5,DFT,15,15,0.39467528,6.77189994,band_5.pdf
5,DFT,15,16,0.40603765,6.75929996,band_5.pdf
5,DFT,15,17,0.41171884,6.75769997,band_5.pdf
5,DFT,15,18,0.41740002,6.82769999,band_5.pdf
5,DFT,15,19,0.42308121,7.03099997,band_5.pdf
5,DFT,15,20,0.42876239,7.35079998,band_5.pdf
5,DFT,15,21,0.43444358,7.76649996,band_5.pdf
5,DFT,15,22,0.44040564,8.28298041,band_5.pdf
5,model,0,0,0.00000000,-7.52139465,band_5.pdf
5,model,0,1,0.00804834,-7.52813186,band_5.pdf
5,model,0,2,0.02411719,-7.56126671,band_5.pdf
5,model,0,3,0.03216554,-7.56313178,band_5.pdf
5,model,0,4,0.04018603,-7.53418393,band_5.pdf
5,model,0,5,0.04823438,-7.45963592,band_5.pdf
5,model,0,6,0.05628272,-7.32878307,band_5.pdf
5,model,0,7,0.06430322,-7.13693252,band_5.pdf
5,model,0,8,0.07235157,-6.88627006,band_5.pdf
5,model,0,9,0.08039991,-6.58583916,band_5.pdf
5,model,0,10,0.09646875,-5.89998223,band_5.pdf
5,model,0,11,0.10451710,-5.55580423,band_5.pdf
5,model,0,12,0.11253760,-5.23959986,band_5.pdf
5,model,0,13,0.12058594,-4.96923762,band_5.pdf
5,model,0,14,0.12863429,-4.75580718,band_5.pdf
5,model,0,15,0.13665478,-4.60197754,band_5.pdf
5,model,0,16,0.14470313,-4.50310036,band_5.pdf
5,model,0,17,0.15275148,-4.45008461,band_5.pdf
5,model,0,18,0.16079982,-4.43246977,band_5.pdf
5,model,0,19,0.16882032,-4.44041510,band_5.pdf
5,model,0,20,0.17686866,-4.46555710,band_5.pdf
5,model,0,21,0.19293751,-4.54166351,band_5.pdf
5,model,0,22,0.20903420,-4.62120612,band_5.pdf
5,model,0,23,0.21705470,-4.65391255,band_5.pdf
5,model,0,24,0.22510304,-4.67882271,band_5.pdf
5,model,0,25,0.23315139,-4.69440422,band_5.pdf
5,model,0,26,0.24117188,-4.69984360,band_5.pdf
5,model,0,27,0.25256210,-4.68682487,band_5.pdf
5,model,0,28,0.25824329,-4.67087549,band_5.pdf
5,model,0,29,0.26392447,-4.64809268,band_5.pdf
5,model,0,30,0.26960566,-4.61802907,band_5.pdf
5,model,0,31,0.27528684,-4.58014993,band_5.pdf
5,model,0,32,0.30372062,-4.35096362,band_5.pdf
5,model,0,33,0.30940180,-4.31643549,band_5.pdf
5,model,0,34,0.31508299,-4.29034558,band_5.pdf
5,model,0,35,0.32076417,-4.27507844,band_5.pdf
5,model,0,36,0.32644536,-4.27259619,band_5.pdf
5,model,0,37,0.33212655,-4.28408680,band_5.pdf
5,model,0,38,0.33780773,-4.30967447,band_5.pdf
5,model,0,39,0.34348892,-4.34831239,band_5.pdf
5,model,0,40,0.34919795,-4.39790757,band_5.pdf
5,model,0,41,0.36056032,-4.51840548,band_5.pdf
5,model,0,42,0.37760388,-4.70661885,band_5.pdf
5,model,0,43,0.38328506,-4.76085706,band_5.pdf
5,model,0,44,0.38896625,-4.80755129,band_5.pdf
5,model,0,45,0.39467528,-4.84528775,band_5.pdf
5,model,0,46,0.40035647,-4.87299329,band_5.pdf
5,model,0,47,0.40603765,-4.88991363,band_5.pdf
5,model,0,48,0.41171884,-4.89560274,band_5.pdf
5,model,0,49,0.42308121,-4.88375924,band_5.pdf
5,model,0,50,0.44015261,-4.84458098,band_5.pdf
5,model,0,51,0.44583380,-4.84029871,band_5.pdf
5,model,0,52,0.45151498,-4.85060538,band_5.pdf
5,model,0,53,0.45719617,-4.88412386,band_5.pdf
5,model,0,54,0.46287735,-4.95068553,band_5.pdf
5,model,0,55,0.46855854,-5.05956887,band_5.pdf
5,model,0,56,0.47423972,-5.21631499,band_5.pdf
5,model,0,57,0.47992091,-5.41948308,band_5.pdf
5,model,0,58,0.48562994,-5.66001918,band_5.pdf
5,model,0,59,0.50835468,-6.70753210,band_5.pdf
5,model,0,60,0.51403587,-6.92834329,band_5.pdf
5,model,0,61,0.51971705,-7.11703575,band_5.pdf
5,model,0,62,0.52539824,-7.27059361,band_5.pdf
5,model,0,63,0.53110727,-7.38850208,band_5.pdf
5,model,0,64,0.53678846,-7.47241861,band_5.pdf
5,model,0,65,0.54246965,-7.52588613,band_5.pdf
5,model,0,66,0.54815083,-7.55390965,band_5.pdf
5,model,0,67,0.55383202,-7.56247377,band_5.pdf
5,model,0,68,0.55951320,-7.55798467,band_5.pdf
5,model,0,69,0.57658460,-7.52483554,band_5.pdf
5,model,0,70,0.58226579,-7.52139465,band_5.pdf
5,model,0,71,0.58922803,-7.52649318,band_5.pdf
5,model,0,72,0.61011474,-7.56258824,band_5.pdf
5,model,0,73,0.61707697,-7.55276113,band_5.pdf
5,model,0,74,0.62403921,-7.51482731,band_5.pdf
5,model,0,75,0.63100145,-7.44021561,band_5.pdf
5,model,0,76,0.63796368,-7.32342397,band_5.pdf
5,model,0,77,0.64492592,-7.16281186,band_5.pdf
5,model,0,78,0.65188816,-6.96072054,band_5.pdf
5,model,0,79,0.65885040,-6.72300654,band_5.pdf
5,model,0,80,0.66581263,-6.45797004,band_5.pdf
5,model,0,81,0.67973711,-5.88388124,band_5.pdf
5,model,0,82,0.69366158,-5.30651181,band_5.pdf
5,model,0,83,0.70758605,-4.76709410,band_5.pdf
5,model,0,84,0.71454829,-4.51716239,band_5.pdf
5,model,0,85,0.72151053,-4.28198231,band_5.pdf
5,model,0,86,0.72847276,-4.06348819,band_5.pdf
5,model,0,87,0.73543500,-3.86505886,band_5.pdf
5,model,0,88,0.74239724,-3.69184394,band_5.pdf
5,model,0,89,0.74935947,-3.57492681,band_5.pdf
5,model,0,90,0.76328395,-3.55711088,band_5.pdf
5,model,0,91,0.77720842,-3.51478933,band_5.pdf
5,model,0,92,0.79113290,-3.45749067,band_5.pdf
5,model,0,93,0.79809513,-3.52376422,band_5.pdf
5,model,0,94,0.81201961,-3.68565389,band_5.pdf
5,model,0,95,0.81898184,-3.75733560,band_5.pdf
5,model,0,96,0.82594408,-3.81464410,band_5.pdf
5,model,0,97,0.83290632,-3.85328966,band_5.pdf
5,model,0,98,0.83986855,-3.87045244,band_5.pdf
5,model,0,99,0.84683079,-3.86459969,band_5.pdf
5,model,0,100,0.85379303,-3.83519124,band_5.pdf
5,model,0,101,0.86075526,-3.78235306,band_5.pdf
5,model,0,102,0.86771750,-3.70658152,band_5.pdf
5,model,0,103,0.87467974,-3.60869028,band_5.pdf
5,model,0,104,0.88164197,-3.52399138,band_5.pdf
5,model,0,105,0.88860421,-3.60764870,band_5.pdf
5,model,0,106,0.90252868,-3.79980550,band_5.pdf
5,model,0,107,0.93037763,-4.19643782,band_5.pdf
5,model,0,108,0.94430211,-4.36901198,band_5.pdf
5,model,0,109,0.95126434,-4.44405867,band_5.pdf
5,model,0,110,0.95822658,-4.51043840,band_5.pdf
5,model,0,111,0.96518881,-4.56751815,band_5.pdf
5,model,0,112,0.97215105,-4.61478251,band_5.pdf
5,model,0,113,0.97911329,-4.65184954,band_5.pdf
5,model,0,114,0.98607553,-4.67846847,band_5.pdf
5,model,0,115,0.99303776,-4.69449363,band_5.pdf
5,model,0,116,1.00000000,-4.69984360,band_5.pdf
5,model,0,117,1.00000000,-4.69984360,band_5.pdf
5,model,1,0,0.00000000,-7.14548538,band_5.pdf
5,model,1,1,0.00804834,-7.15086925,band_5.pdf
5,model,1,2,0.02411719,-7.17698013,band_5.pdf
5,model,1,3,0.03216554,-7.17754322,band_5.pdf
5,model,1,4,0.04018603,-7.15226442,band_5.pdf
5,model,1,5,0.04823438,-7.08843325,band_5.pdf
5,model,1,6,0.05628272,-6.97623700,band_5.pdf
5,model,1,7,0.06430322,-6.81019677,band_5.pdf
5,model,1,8,0.07235157,-6.58968299,band_5.pdf
5,model,1,9,0.08039991,-6.31865249,band_5.pdf
5,model,1,10,0.08842041,-6.00462259,band_5.pdf
5,model,1,11,0.09646875,-5.65744924,band_5.pdf
5,model,1,12,0.11253760,-4.90736121,band_5.pdf
5,model,1,13,0.12863429,-4.15669676,band_5.pdf
5,model,1,14,0.13665478,-3.80963522,band_5.pdf
5,model,1,15,0.14470313,-3.55405629,band_5.pdf
5,model,1,16,0.16079982,-3.87455252,band_5.pdf
5,model,1,17,0.16882032,-4.02075955,band_5.pdf
5,model,1,18,0.17686866,-4.15565951,band_5.pdf
5,model,1,19,0.18491701,-4.27795191,band_5.pdf
5,model,1,20,0.19293751,-4.38644421,band_5.pdf
5,model,1,21,0.20098585,-4.48009389,band_5.pdf
5,model,1,22,0.20903420,-4.55798722,band_5.pdf
5,model,1,23,0.21705470,-4.61937329,band_5.pdf
5,model,1,24,0.22510304,-4.66364931,band_5.pdf
5,model,1,25,0.23315139,-4.69037625,band_5.pdf
5,model,1,26,0.24117188,-4.69917203,band_5.pdf
5,model,1,27,0.24685307,-4.69554007,band_5.pdf
5,model,1,28,0.25256210,-4.68371061,band_5.pdf
5,model,1,29,0.25824329,-4.66422134,band_5.pdf
5,model,1,30,0.26960566,-4.60494285,band_5.pdf
5,model,1,31,0.28096803,-4.52499462,band_5.pdf
5,model,1,32,0.28664922,-4.47849343,band_5.pdf
5,model,1,33,0.29233040,-4.41351663,band_5.pdf
5,model,1,34,0.29801159,-4.33822370,band_5.pdf
5,model,1,35,0.30372062,-4.25209165,band_5.pdf
5,model,1,36,0.30940180,-4.15464477,band_5.pdf
5,model,1,37,0.31508299,-4.04552686,band_5.pdf
5,model,1,38,0.32076417,-3.92449573,band_5.pdf
5,model,1,39,0.32644536,-3.79146919,band_5.pdf
5,model,1,40,0.33212655,-3.64650448,band_5.pdf
5,model,1,41,0.34348892,-3.32192938,band_5.pdf
5,model,1,42,0.35487914,-2.95994504,band_5.pdf
5,model,1,43,0.36056032,-3.00922201,band_5.pdf
5,model,1,44,0.36624151,-3.11346226,band_5.pdf
5,model,1,45,0.37192269,-3.20635356,band_5.pdf
5,model,1,46,0.37760388,-3.28729757,band_5.pdf
5,model,1,47,0.38328506,-3.35601054,band_5.pdf
5,model,1,48,0.38896625,-3.41233387,band_5.pdf
5,model,1,49,0.39467528,-3.45618508,band_5.pdf
5,model,1,50,0.40035647,-3.48752389,band_5.pdf
5,model,1,51,0.40603765,-3.50633151,band_5.pdf
5,model,1,52,0.41171884,-3.51260107,band_5.pdf
5,model,1,53,0.42308121,-3.50937342,band_5.pdf
5,model,1,54,0.42876239,-3.53082255,band_5.pdf
5,model,1,55,0.43444358,-3.56928344,band_5.pdf
5,model,1,56,0.44015261,-3.63236323,band_5.pdf
5,model,1,57,0.44583380,-3.72873920,band_5.pdf
5,model,1,58,0.45151498,-3.86608735,band_5.pdf
5,model,1,59,0.45719617,-4.04848500,band_5.pdf
5,model,1,60,0.46287735,-4.27450480,band_5.pdf
5,model,1,61,0.46855854,-4.53710384,band_5.pdf
5,model,1,62,0.47992091,-5.12750492,band_5.pdf
5,model,1,63,0.49131113,-5.72677709,band_5.pdf
5,model,1,64,0.49699231,-6.00494128,band_5.pdf
5,model,1,65,0.50267350,-6.25903130,band_5.pdf
5,model,1,66,0.50835468,-6.48405652,band_5.pdf
5,model,1,67,0.51403587,-6.67676367,band_5.pdf
5,model,1,68,0.51971705,-6.83565557,band_5.pdf
5,model,1,69,0.52539824,-6.96087909,band_5.pdf
5,model,1,70,0.53110727,-7.05412351,band_5.pdf
5,model,1,71,0.53678846,-7.11837670,band_5.pdf
5,model,1,72,0.54246965,-7.15770724,band_5.pdf
5,model,1,73,0.54815083,-7.17694269,band_5.pdf
5,model,1,74,0.55383202,-7.18131868,band_5.pdf
5,model,1,75,0.56519439,-7.16618805,band_5.pdf
5,model,1,76,0.57658460,-7.14824373,band_5.pdf
5,model,1,77,0.58226579,-7.14548538,band_5.pdf
5,model,1,78,0.58922803,-7.14958244,band_5.pdf
5,model,1,79,0.61011474,-7.18229876,band_5.pdf
5,model,1,80,0.61707697,-7.17868150,band_5.pdf
5,model,1,81,0.62403921,-7.15397734,band_5.pdf
5,model,1,82,0.63100145,-7.10001451,band_5.pdf
5,model,1,83,0.63796368,-7.00998317,band_5.pdf
5,model,1,84,0.64492592,-6.87915034,band_5.pdf
5,model,1,85,0.65188816,-6.70526675,band_5.pdf
5,model,1,86,0.65885040,-6.48870482,band_5.pdf
5,model,1,87,0.66581263,-6.23223083,band_5.pdf
5,model,1,88,0.67277487,-5.94069958,band_5.pdf
5,model,1,89,0.67973711,-5.62044976,band_5.pdf
5,model,1,90,0.69366158,-4.92306217,band_5.pdf
5,model,1,91,0.71454829,-3.84472584,band_5.pdf
5,model,1,92,0.72151053,-3.50675548,band_5.pdf
5,model,1,93,0.73543500,-3.55490857,band_5.pdf
5,model,1,94,0.74239724,-3.56780609,band_5.pdf
5,model,1,95,0.74935947,-3.57198035,band_5.pdf
5,model,1,96,0.75632171,-3.56693787,band_5.pdf
5,model,1,97,0.76328395,-3.55396084,band_5.pdf
5,model,1,98,0.77720842,-3.50800704,band_5.pdf
5,model,1,99,0.82594408,-3.29697602,band_5.pdf
5,model,1,100,0.83290632,-3.28021915,band_5.pdf
5,model,1,101,0.83986855,-3.27355624,band_5.pdf
5,model,1,102,0.84683079,-3.27911163,band_5.pdf
5,model,1,103,0.85379303,-3.29854989,band_5.pdf
5,model,1,104,0.86075526,-3.33281756,band_5.pdf
5,model,1,105,0.86771750,-3.38196536,band_5.pdf
5,model,1,106,0.88164197,-3.50227693,band_5.pdf
5,model,1,107,0.88860421,-3.58731651,band_5.pdf
5,model,1,108,0.90252868,-3.78567397,band_5.pdf
5,model,1,109,0.92341540,-4.09466507,band_5.pdf
5,model,1,110,0.93733987,-4.28283999,band_5.pdf
5,model,1,111,0.94430211,-4.36684954,band_5.pdf
5,model,1,112,0.95126434,-4.44268708,band_5.pdf
5,model,1,113,0.95822658,-4.50954654,band_5.pdf
5,model,1,114,0.96518881,-4.56683555,band_5.pdf
5,model,1,115,0.97215105,-4.61414424,band_5.pdf
5,model,1,116,0.97911329,-4.65120290,band_5.pdf
5,model,1,117,0.98607553,-4.67780868,band_5.pdf
5,model,1,118,0.99303776,-4.69382507,band_5.pdf
5,model,1,119,1.00000000,-4.69917203,band_5.pdf
5,model,1,120,1.00000000,-4.69917203,band_5.pdf
5,model,2,0,0.00000000,-2.55975654,band_5.pdf
5,model,2,1,0.01606884,-2.54850316,band_5.pdf
5,model,2,2,0.04823438,-2.51024661,band_5.pdf
5,model,2,3,0.06430322,-2.47568258,band_5.pdf
5,model,2,4,0.07235157,-2.44998306,band_5.pdf
5,model,2,5,0.08842041,-2.38330401,band_5.pdf
5,model,2,6,0.09646875,-2.49335294,band_5.pdf
5,model,2,7,0.11253760,-2.84733980,band_5.pdf
5,model,2,8,0.13665478,-3.38294610,band_5.pdf
5,model,2,9,0.14470313,-3.49762893,band_5.pdf
5,model,2,10,0.15275148,-3.23213207,band_5.pdf
5,model,2,11,0.16079982,-3.02148421,band_5.pdf
5,model,2,12,0.16882032,-2.86853779,band_5.pdf
5,model,2,13,0.17686866,-2.76998344,band_5.pdf
5,model,2,14,0.18491701,-2.71756947,band_5.pdf
5,model,2,15,0.19293751,-2.70043756,band_5.pdf
5,model,2,16,0.20098585,-2.70724356,band_5.pdf
5,model,2,17,0.21705470,-2.75257893,band_5.pdf
5,model,2,18,0.22510304,-2.77538798,band_5.pdf
5,model,2,19,0.23315139,-2.79105777,band_5.pdf
5,model,2,20,0.24117188,-2.79713952,band_5.pdf
5,model,2,21,0.24685307,-2.79340370,band_5.pdf
5,model,2,22,0.25256210,-2.78257536,band_5.pdf
5,model,2,23,0.25824329,-2.76463501,band_5.pdf
5,model,2,24,0.26392447,-2.73963230,band_5.pdf
5,model,2,25,0.26960566,-2.70764751,band_5.pdf
5,model,2,26,0.28096803,-2.62298338,band_5.pdf
5,model,2,27,0.29233040,-2.51071183,band_5.pdf
5,model,2,28,0.29801159,-2.45282169,band_5.pdf
5,model,2,29,0.30372062,-2.42447141,band_5.pdf
5,model,2,30,0.30940180,-2.40988645,band_5.pdf
5,model,2,31,0.31508299,-2.41212306,band_5.pdf
5,model,2,32,0.32076417,-2.43322465,band_5.pdf
5,model,2,33,0.32644536,-2.47373806,band_5.pdf
5,model,2,34,0.33212655,-2.53251876,band_5.pdf
5,model,2,35,0.33780773,-2.60691924,band_5.pdf
5,model,2,36,0.34919795,-2.78838936,band_5.pdf
5,model,2,37,0.35487914,-2.89492992,band_5.pdf
5,model,2,38,0.37760388,-3.24913440,band_5.pdf
5,model,2,39,0.38328506,-3.32126521,band_5.pdf
5,model,2,40,0.38896625,-3.38229366,band_5.pdf
5,model,2,41,0.39467528,-3.43101055,band_5.pdf
5,model,2,42,0.40035647,-3.46647930,band_5.pdf
5,model,2,43,0.40603765,-3.48802803,band_5.pdf
5,model,2,44,0.41740002,-3.49835448,band_5.pdf
5,model,2,45,0.42308121,-3.50181142,band_5.pdf
5,model,2,46,0.43444358,-3.47110781,band_5.pdf
5,model,2,47,0.44583380,-3.42097838,band_5.pdf
5,model,2,48,0.45719617,-3.35368014,band_5.pdf
5,model,2,49,0.46855854,-3.27199476,band_5.pdf
5,model,2,50,0.48562994,-3.13010354,band_5.pdf
5,model,2,51,0.52539824,-2.78236070,band_5.pdf
5,model,2,52,0.53678846,-2.69895755,band_5.pdf
5,model,2,53,0.54815083,-2.63072455,band_5.pdf
5,model,2,54,0.55951320,-2.58248282,band_5.pdf
5,model,2,55,0.56519439,-2.56785533,band_5.pdf
5,model,2,56,0.57658460,-2.55915654,band_5.pdf
5,model,2,57,0.59619027,-2.56240030,band_5.pdf
5,model,2,58,0.60315250,-2.57372870,band_5.pdf
5,model,2,59,0.61011474,-2.59212638,band_5.pdf
5,model,2,60,0.61707697,-2.61758009,band_5.pdf
5,model,2,61,0.62403921,-2.65048867,band_5.pdf
5,model,2,62,0.63100145,-2.69121354,band_5.pdf
5,model,2,63,0.63796368,-2.73984340,band_5.pdf
5,model,2,64,0.65188816,-2.85893096,band_5.pdf
5,model,2,65,0.66581263,-2.99938133,band_5.pdf
5,model,2,66,0.69366158,-3.29013075,band_5.pdf
5,model,2,67,0.70758605,-3.41112935,band_5.pdf
5,model,2,68,0.71454829,-3.46040602,band_5.pdf
5,model,2,69,0.72847276,-3.53064072,band_5.pdf
5,model,2,70,0.73543500,-3.55332470,band_5.pdf
5,model,2,71,0.74239724,-3.56642028,band_5.pdf
5,model,2,72,0.74935947,-3.54452969,band_5.pdf
5,model,2,73,0.75632171,-3.44001008,band_5.pdf
5,model,2,74,0.76328395,-3.37190636,band_5.pdf
5,model,2,75,0.77024618,-3.34268223,band_5.pdf
5,model,2,76,0.77720842,-3.34943810,band_5.pdf
5,model,2,77,0.78417066,-3.38648498,band_5.pdf
5,model,2,78,0.79113290,-3.43763252,band_5.pdf
5,model,2,79,0.80505737,-3.36774466,band_5.pdf
5,model,2,80,0.81898184,-3.29863663,band_5.pdf
5,model,2,81,0.82594408,-3.27131359,band_5.pdf
5,model,2,82,0.83290632,-3.25210776,band_5.pdf
5,model,2,83,0.83986855,-3.24356971,band_5.pdf
5,model,2,84,0.84683079,-3.24803529,band_5.pdf
5,model,2,85,0.85379303,-3.26731553,band_5.pdf
5,model,2,86,0.86075526,-3.30239662,band_5.pdf
5,model,2,87,0.86771750,-3.35325041,band_5.pdf
5,model,2,88,0.88164197,-3.48020741,band_5.pdf
5,model,2,89,0.88860421,-3.34466775,band_5.pdf
5,model,2,90,0.89556645,-3.18181323,band_5.pdf
5,model,2,91,0.90252868,-2.99793639,band_5.pdf
5,model,2,92,0.90949092,-2.79399126,band_5.pdf
5,model,2,93,0.91645316,-2.57157468,band_5.pdf
5,model,2,94,0.92341540,-2.33562408,band_5.pdf
5,model,2,95,0.93037763,-2.29502949,band_5.pdf
5,model,2,96,0.95126434,-2.51634151,band_5.pdf
5,model,2,97,0.96518881,-2.64397240,band_5.pdf
5,model,2,98,0.97215105,-2.69653170,band_5.pdf
5,model,2,99,0.97911329,-2.73937333,band_5.pdf
5,model,2,100,0.98607553,-2.77108107,band_5.pdf
5,model,2,101,0.99303776,-2.79056631,band_5.pdf
5,model,2,102,1.00000000,-2.79713952,band_5.pdf
5,model,2,103,1.00000000,-2.79713952,band_5.pdf
5,model,3,0,0.00000000,-2.53349884,band_5.pdf
5,model,3,1,0.02411719,-2.52936689,band_5.pdf
5,model,3,2,0.04018603,-2.51869152,band_5.pdf
5,model,3,3,0.05628272,-2.49497017,band_5.pdf
5,model,3,4,0.07235157,-2.44847697,band_5.pdf
5,model,3,5,0.08039991,-2.41410461,band_5.pdf
5,model,3,6,0.08842041,-2.37063205,band_5.pdf
5,model,3,7,0.09646875,-2.31684264,band_5.pdf
5,model,3,8,0.10451710,-2.25165576,band_5.pdf
5,model,3,9,0.11253760,-2.17420312,band_5.pdf
5,model,3,10,0.12058594,-2.08387370,band_5.pdf
5,model,3,11,0.12863429,-1.98040219,band_5.pdf
5,model,3,12,0.13665478,-1.86393564,band_5.pdf
5,model,3,13,0.15275148,-1.60230287,band_5.pdf
5,model,3,14,0.16079982,-1.72467200,band_5.pdf
5,model,3,15,0.16882032,-1.91020150,band_5.pdf
5,model,3,16,0.17686866,-2.08356496,band_5.pdf
5,model,3,17,0.18491701,-2.24196089,band_5.pdf
5,model,3,18,0.19293751,-2.38343993,band_5.pdf
5,model,3,19,0.20098585,-2.50631770,band_5.pdf
5,model,3,20,0.20903420,-2.60908250,band_5.pdf
5,model,3,21,0.21705470,-2.69044592,band_5.pdf
5,model,3,22,0.22510304,-2.74934636,band_5.pdf
5,model,3,23,0.23315139,-2.78499718,band_5.pdf
5,model,3,24,0.24117188,-2.79640401,band_5.pdf
5,model,3,25,0.24685307,-2.79136616,band_5.pdf
5,model,3,26,0.25256210,-2.77610068,band_5.pdf
5,model,3,27,0.25824329,-2.75131073,band_5.pdf
5,model,3,28,0.26392447,-2.71806899,band_5.pdf
5,model,3,29,0.27528684,-2.63255081,band_5.pdf
5,model,3,30,0.29801159,-2.44389681,band_5.pdf
5,model,3,31,0.30372062,-2.36968426,band_5.pdf
5,model,3,32,0.30940180,-2.28761650,band_5.pdf
5,model,3,33,0.32076417,-2.09894882,band_5.pdf
5,model,3,34,0.32644536,-2.16339155,band_5.pdf
5,model,3,35,0.33780773,-2.47940573,band_5.pdf
5,model,3,36,0.34348892,-2.62549402,band_5.pdf
5,model,3,37,0.34919795,-2.76112000,band_5.pdf
5,model,3,38,0.35487914,-2.87404465,band_5.pdf
5,model,3,39,0.36056032,-2.75214873,band_5.pdf
5,model,3,40,0.37192269,-2.33380161,band_5.pdf
5,model,3,41,0.38896625,-1.67737955,band_5.pdf
5,model,3,42,0.39467528,-1.54416632,band_5.pdf
5,model,3,43,0.40035647,-1.57460651,band_5.pdf
5,model,3,44,0.40603765,-1.59432472,band_5.pdf
5,model,3,45,0.41171884,-1.60095812,band_5.pdf
5,model,3,46,0.42308121,-1.58967328,band_5.pdf
5,model,3,47,0.43444358,-1.55665017,band_5.pdf
5,model,3,48,0.44583380,-1.51172811,band_5.pdf
5,model,3,49,0.45151498,-1.57555235,band_5.pdf
5,model,3,50,0.45719617,-1.75082963,band_5.pdf
5,model,3,51,0.46855854,-2.16138985,band_5.pdf
5,model,3,52,0.47423972,-2.33131497,band_5.pdf
5,model,3,53,0.47992091,-2.45776030,band_5.pdf
5,model,3,54,0.48562994,-2.54077283,band_5.pdf
5,model,3,55,0.49131113,-2.58728286,band_5.pdf
5,model,3,56,0.49699231,-2.60672378,band_5.pdf
5,model,3,57,0.50267350,-2.60815355,band_5.pdf
5,model,3,58,0.51403587,-2.58503025,band_5.pdf
5,model,3,59,0.53110727,-2.54559301,band_5.pdf
5,model,3,60,0.54246965,-2.53253695,band_5.pdf
5,model,3,61,0.56519439,-2.52660540,band_5.pdf
5,model,3,62,0.59619027,-2.53270658,band_5.pdf
5,model,3,63,0.60315250,-2.54407259,band_5.pdf
5,model,3,64,0.61011474,-2.56418728,band_5.pdf
5,model,3,65,0.61707697,-2.59218575,band_5.pdf
5,model,3,66,0.62403921,-2.62816776,band_5.pdf
5,model,3,67,0.63100145,-2.67228707,band_5.pdf
5,model,3,68,0.63796368,-2.72442944,band_5.pdf
5,model,3,69,0.65188816,-2.85013175,band_5.pdf
5,model,3,70,0.66581263,-2.99575364,band_5.pdf
5,model,3,71,0.68669934,-3.21953541,band_5.pdf
5,model,3,72,0.70062382,-3.35159704,band_5.pdf
5,model,3,73,0.70758605,-3.40850206,band_5.pdf
5,model,3,74,0.71454829,-3.45780403,band_5.pdf
5,model,3,75,0.72151053,-3.49787540,band_5.pdf
5,model,3,76,0.72847276,-3.18234308,band_5.pdf
5,model,3,77,0.73543500,-2.88760953,band_5.pdf
5,model,3,78,0.74239724,-2.62612347,band_5.pdf
5,model,3,79,0.74935947,-2.40424314,band_5.pdf
5,model,3,80,0.75632171,-2.22696896,band_5.pdf
5,model,3,81,0.76328395,-2.09679361,band_5.pdf
5,model,3,82,0.77024618,-2.01321313,band_5.pdf
5,model,3,83,0.79113290,-1.99004557,band_5.pdf
5,model,3,84,0.79809513,-2.02833843,band_5.pdf
5,model,3,85,0.81898184,-2.17181928,band_5.pdf
5,model,3,86,0.82594408,-2.20332030,band_5.pdf
5,model,3,87,0.83290632,-2.21819712,band_5.pdf
5,model,3,88,0.83986855,-2.21348056,band_5.pdf
5,model,3,89,0.84683079,-2.18735730,band_5.pdf
5,model,3,90,0.85379303,-2.13887746,band_5.pdf
5,model,3,91,0.86075526,-2.06766381,band_5.pdf
5,model,3,92,0.86771750,-1.97364768,band_5.pdf
5,model,3,93,0.87467974,-1.85728849,band_5.pdf
5,model,3,94,0.88164197,-1.84050022,band_5.pdf
5,model,3,95,0.88860421,-1.88688315,band_5.pdf
5,model,3,96,0.90252868,-2.00425235,band_5.pdf
5,model,3,97,0.91645316,-2.14371002,band_5.pdf
5,model,3,98,0.95822658,-2.58205049,band_5.pdf
5,model,3,99,0.96518881,-2.64294391,band_5.pdf
5,model,3,100,0.97215105,-2.69565827,band_5.pdf
5,model,3,101,0.97911329,-2.73858272,band_5.pdf
5,model,3,102,0.98607553,-2.77032779,band_5.pdf
5,model,3,103,0.99303776,-2.78982731,band_5.pdf
5,model,3,104,1.00000000,-2.79640401,band_5.pdf
5,model,3,105,1.00000000,-2.79640401,band_5.pdf
5,model,4,0,0.00000000,-2.50163930,band_5.pdf
5,model,4,1,0.00804834,-2.49806215,band_5.pdf
5,model,4,2,0.01606884,-2.48558002,band_5.pdf
5,model,4,3,0.02411719,-2.46049501,band_5.pdf
5,model,4,4,0.03216554,-2.42112514,band_5.pdf
5,model,4,5,0.04018603,-2.36841132,band_5.pdf
5,model,4,6,0.04823438,-2.30383339,band_5.pdf
5,model,4,7,0.05628272,-2.22868016,band_5.pdf
5,model,4,8,0.06430322,-2.14411492,band_5.pdf
5,model,4,9,0.07235157,-2.05124352,band_5.pdf
5,model,4,10,0.08039991,-2.14610672,band_5.pdf
5,model,4,11,0.08842041,-2.30288246,band_5.pdf
5,model,4,12,0.09646875,-2.31193910,band_5.pdf
5,model,4,13,0.10451710,-2.24947691,band_5.pdf
5,model,4,14,0.11253760,-2.17263263,band_5.pdf
5,model,4,15,0.12058594,-2.08239688,band_5.pdf
5,model,4,16,0.12863429,-1.97876777,band_5.pdf
5,model,4,17,0.13665478,-1.86192192,band_5.pdf
5,model,4,18,0.14470313,-1.73241583,band_5.pdf
5,model,4,19,0.15275148,-1.59122587,band_5.pdf
5,model,4,20,0.16882032,-1.28035140,band_5.pdf
5,model,4,21,0.20098585,-0.62998821,band_5.pdf
5,model,4,22,0.20903420,-0.48893689,band_5.pdf
5,model,4,23,0.21705470,-0.37059568,band_5.pdf
5,model,4,24,0.22510304,-0.28421359,band_5.pdf
5,model,4,25,0.23315139,-0.23629092,band_5.pdf
5,model,4,26,0.24117188,-0.22209771,band_5.pdf
5,model,4,27,0.24685307,-0.23141131,band_5.pdf
5,model,4,28,0.25256210,-0.26496884,band_5.pdf
5,model,4,29,0.25824329,-0.32696380,band_5.pdf
5,model,4,30,0.26392447,-0.41542608,band_5.pdf
5,model,4,31,0.26960566,-0.52664112,band_5.pdf
5,model,4,32,0.27528684,-0.65669543,band_5.pdf
5,model,4,33,0.28096803,-0.80188913,band_5.pdf
5,model,4,34,0.29233040,-1.12447030,band_5.pdf
5,model,4,35,0.32076417,-1.99295364,band_5.pdf
5,model,4,36,0.32644536,-1.98746520,band_5.pdf
5,model,4,37,0.33780773,-1.74323446,band_5.pdf
5,model,4,38,0.34348892,-1.65907115,band_5.pdf
5,model,4,39,0.34919795,-1.64120558,band_5.pdf
5,model,4,40,0.35487914,-1.61388449,band_5.pdf
5,model,4,41,0.36056032,-1.57471097,band_5.pdf
5,model,4,42,0.37760388,-1.43258364,band_5.pdf
5,model,4,43,0.38328506,-1.44347988,band_5.pdf
5,model,4,44,0.38896625,-1.49381069,band_5.pdf
5,model,4,45,0.39467528,-1.46282399,band_5.pdf
5,model,4,46,0.40035647,-1.27947452,band_5.pdf
5,model,4,47,0.40603765,-1.21751114,band_5.pdf
5,model,4,48,0.41171884,-1.21119051,band_5.pdf
5,model,4,49,0.41740002,-1.21575930,band_5.pdf
5,model,4,50,0.42308121,-1.22973466,band_5.pdf
5,model,4,51,0.42876239,-1.25407213,band_5.pdf
5,model,4,52,0.43444358,-1.29094967,band_5.pdf
5,model,4,53,0.44015261,-1.34484620,band_5.pdf
5,model,4,54,0.44583380,-1.42080023,band_5.pdf
5,model,4,55,0.45151498,-1.45211000,band_5.pdf
5,model,4,56,0.45719617,-1.41983383,band_5.pdf
5,model,4,57,0.46855854,-1.34206747,band_5.pdf
5,model,4,58,0.47423972,-1.33312660,band_5.pdf
5,model,4,59,0.50267350,-1.49308609,band_5.pdf
5,model,4,60,0.50835468,-1.59796622,band_5.pdf
5,model,4,61,0.51971705,-1.83796488,band_5.pdf
5,model,4,62,0.53110727,-2.05437093,band_5.pdf
5,model,4,63,0.53678846,-2.15008451,band_5.pdf
5,model,4,64,0.54246965,-2.23621443,band_5.pdf
5,model,4,65,0.54815083,-2.31196008,band_5.pdf
5,model,4,66,0.55383202,-2.37657427,band_5.pdf
5,model,4,67,0.55951320,-2.42919175,band_5.pdf
5,model,4,68,0.56519439,-2.46846873,band_5.pdf
5,model,4,69,0.57087557,-2.49202495,band_5.pdf
5,model,4,70,0.57658460,-2.50033075,band_5.pdf
5,model,4,71,0.58922803,-2.49875233,band_5.pdf
5,model,4,72,0.59619027,-2.47844899,band_5.pdf
5,model,4,73,0.60315250,-2.42976089,band_5.pdf
5,model,4,74,0.61011474,-2.35602138,band_5.pdf
5,model,4,75,0.61707697,-2.25903865,band_5.pdf
5,model,4,76,0.62403921,-2.13915426,band_5.pdf
5,model,4,77,0.63100145,-1.99638131,band_5.pdf
5,model,4,78,0.63796368,-1.83081975,band_5.pdf
5,model,4,79,0.65188816,-1.44637936,band_5.pdf
5,model,4,80,0.65885040,-1.40967890,band_5.pdf
5,model,4,81,0.67277487,-1.39871690,band_5.pdf
5,model,4,82,0.67973711,-1.38935359,band_5.pdf
5,model,4,83,0.68669934,-1.38697288,band_5.pdf
5,model,4,84,0.69366158,-1.42192309,band_5.pdf
5,model,4,85,0.70062382,-1.49597792,band_5.pdf
5,model,4,86,0.71454829,-1.65631695,band_5.pdf
5,model,4,87,0.72847276,-1.79430136,band_5.pdf
5,model,4,88,0.73543500,-1.85129455,band_5.pdf
5,model,4,89,0.74239724,-1.89955618,band_5.pdf
5,model,4,90,0.74935947,-1.93885430,band_5.pdf
5,model,4,91,0.75632171,-1.96909797,band_5.pdf
5,model,4,92,0.76328395,-1.99030543,band_5.pdf
5,model,4,93,0.77024618,-2.00242164,band_5.pdf
5,model,4,94,0.77720842,-2.00462691,band_5.pdf
5,model,4,95,0.78417066,-1.99978813,band_5.pdf
5,model,4,96,0.79809513,-1.96954144,band_5.pdf
5,model,4,97,0.81201961,-1.91436557,band_5.pdf
5,model,4,98,0.83290632,-1.81859558,band_5.pdf
5,model,4,99,0.83986855,-1.79262696,band_5.pdf
5,model,4,100,0.84683079,-1.77381009,band_5.pdf
5,model,4,101,0.85379303,-1.76428858,band_5.pdf
5,model,4,102,0.86075526,-1.76565591,band_5.pdf
5,model,4,103,0.86771750,-1.77877875,band_5.pdf
5,model,4,104,0.88164197,-1.82974647,band_5.pdf
5,model,4,105,0.88860421,-1.87674434,band_5.pdf
5,model,4,106,0.89556645,-1.93270875,band_5.pdf
5,model,4,107,0.90949092,-2.06441352,band_5.pdf
5,model,4,108,0.92341540,-2.20858763,band_5.pdf
5,model,4,109,0.93037763,-2.07417083,band_5.pdf
5,model,4,110,0.95822658,-1.03270536,band_5.pdf
5,model,4,111,0.96518881,-0.79958302,band_5.pdf
5,model,4,112,0.97215105,-0.59424390,band_5.pdf
5,model,4,113,0.97911329,-0.42539218,band_5.pdf
5,model,4,114,0.98607553,-0.30222569,band_5.pdf
5,model,4,115,0.99303776,-0.23667769,band_5.pdf
5,model,4,116,1.00000000,-0.22209771,band_5.pdf
5,model,4,117,1.00000000,-0.22209771,band_5.pdf
5,model,5,0,0.00000000,-1.23772188,band_5.pdf
5,model,5,1,0.00804834,-1.24666850,band_5.pdf
5,model,5,2,0.01606884,-1.27653612,band_5.pdf
5,model,5,3,0.02411719,-1.32659599,band_5.pdf
5,model,5,4,0.03216554,-1.39592395,band_5.pdf
5,model,5,5,0.04018603,-1.48355634,band_5.pdf
5,model,5,6,0.04823438,-1.58829185,band_5.pdf
5,model,5,7,0.05628272,-1.70871155,band_5.pdf
5,model,5,8,0.06430322,-1.84316466,band_5.pdf
5,model,5,9,0.07235157,-1.98977747,band_5.pdf
5,model,5,10,0.08039991,-1.95117919,band_5.pdf
5,model,5,11,0.09646875,-1.73394977,band_5.pdf
5,model,5,12,0.12058594,-1.38335029,band_5.pdf
5,model,5,13,0.12863429,-1.26670250,band_5.pdf
5,model,5,14,0.13665478,-1.17561162,band_5.pdf
5,model,5,15,0.14470313,-1.31810966,band_5.pdf
5,model,5,16,0.15275148,-1.51408624,band_5.pdf
5,model,5,17,0.16079982,-1.43828040,band_5.pdf
5,model,5,18,0.17686866,-1.11537147,band_5.pdf
5,model,5,19,0.19293751,-0.78391851,band_5.pdf
5,model,5,20,0.20098585,-0.62704531,band_5.pdf
5,model,5,21,0.20903420,-0.48408732,band_5.pdf
5,model,5,22,0.21705470,-0.36201520,band_5.pdf
5,model,5,23,0.22510304,-0.26801697,band_5.pdf
5,model,5,24,0.23315139,-0.20854284,band_5.pdf
5,model,5,25,0.24117188,-0.18816562,band_5.pdf
5,model,5,26,0.24685307,-0.19506007,band_5.pdf
5,model,5,27,0.25256210,-0.21998878,band_5.pdf
5,model,5,28,0.25824329,-0.26987226,band_5.pdf
5,model,5,29,0.26392447,-0.34000600,band_5.pdf
5,model,5,30,0.26960566,-0.42682172,band_5.pdf
5,model,5,31,0.27528684,-0.52809963,band_5.pdf
5,model,5,32,0.28664922,-0.76372229,band_5.pdf
5,model,5,33,0.30940180,-1.26888881,band_5.pdf
5,model,5,34,0.31508299,-1.37798816,band_5.pdf
5,model,5,35,0.32076417,-1.47171125,band_5.pdf
5,model,5,36,0.32644536,-1.54648872,band_5.pdf
5,model,5,37,0.33212655,-1.59949351,band_5.pdf
5,model,5,38,0.33780773,-1.62686904,band_5.pdf
5,model,5,39,0.34348892,-1.57903702,band_5.pdf
5,model,5,40,0.34919795,-1.43326470,band_5.pdf
5,model,5,41,0.35487914,-1.26823743,band_5.pdf
5,model,5,42,0.36056032,-1.09071874,band_5.pdf
5,model,5,43,0.36624151,-1.15517628,band_5.pdf
5,model,5,44,0.37192269,-1.25385291,band_5.pdf
5,model,5,45,0.37760388,-1.33060364,band_5.pdf
5,model,5,46,0.38328506,-1.34116341,band_5.pdf
5,model,5,47,0.39467528,-1.26535703,band_5.pdf
5,model,5,48,0.40035647,-1.23583643,band_5.pdf
5,model,5,49,0.40603765,-1.14224031,band_5.pdf
5,model,5,50,0.41171884,-1.08972355,band_5.pdf
5,model,5,51,0.42308121,-1.09824086,band_5.pdf
5,model,5,52,0.43444358,-1.12226681,band_5.pdf
5,model,5,53,0.45151498,-1.17793965,band_5.pdf
5,model,5,54,0.46855854,-1.24291437,band_5.pdf
5,model,5,55,0.47423972,-1.26837062,band_5.pdf
5,model,5,56,0.49131113,-1.30345224,band_5.pdf
5,model,5,57,0.49699231,-1.34000381,band_5.pdf
5,model,5,58,0.50267350,-1.44281441,band_5.pdf
5,model,5,59,0.50835468,-1.47438778,band_5.pdf
5,model,5,60,0.51403587,-1.47746044,band_5.pdf
5,model,5,61,0.51971705,-1.47041798,band_5.pdf
5,model,5,62,0.53110727,-1.43328840,band_5.pdf
5,model,5,63,0.54246965,-1.37632158,band_5.pdf
5,model,5,64,0.55951320,-1.28765341,band_5.pdf
5,model,5,65,0.57087557,-1.24794091,band_5.pdf
5,model,5,66,0.58226579,-1.23772188,band_5.pdf
5,model,5,67,0.58922803,-1.24122782,band_5.pdf
5,model,5,68,0.60315250,-1.26773323,band_5.pdf
5,model,5,69,0.62403921,-1.33691912,band_5.pdf
5,model,5,70,0.63796368,-1.37943020,band_5.pdf
5,model,5,71,0.64492592,-1.39375352,band_5.pdf
5,model,5,72,0.65188816,-1.39769079,band_5.pdf
5,model,5,73,0.65885040,-1.37776835,band_5.pdf
5,model,5,74,0.67277487,-1.35908539,band_5.pdf
5,model,5,75,0.68669934,-1.33782674,band_5.pdf
5,model,5,76,0.69366158,-1.39412021,band_5.pdf
5,model,5,77,0.70758605,-1.56976246,band_5.pdf
5,model,5,78,0.72151053,-1.72517644,band_5.pdf
5,model,5,79,0.72847276,-1.79129115,band_5.pdf
5,model,5,80,0.73543500,-1.84881638,band_5.pdf
5,model,5,81,0.74239724,-1.89741733,band_5.pdf
5,model,5,82,0.74935947,-1.93693828,band_5.pdf
5,model,5,83,0.75632171,-1.96733433,band_5.pdf
5,model,5,84,0.76328395,-1.98865105,band_5.pdf
5,model,5,85,0.77024618,-2.00097996,band_5.pdf
5,model,5,86,0.77720842,-1.97151659,band_5.pdf
5,model,5,87,0.78417066,-1.96600060,band_5.pdf
5,model,5,88,0.79113290,-1.98667163,band_5.pdf
5,model,5,89,0.80505737,-1.94098776,band_5.pdf
5,model,5,90,0.82594408,-1.84302602,band_5.pdf
5,model,5,91,0.83986855,-1.78402077,band_5.pdf
5,model,5,92,0.84683079,-1.76413164,band_5.pdf
5,model,5,93,0.85379303,-1.75374582,band_5.pdf
5,model,5,94,0.86075526,-1.75453429,band_5.pdf
5,model,5,95,0.86771750,-1.76740781,band_5.pdf
5,model,5,96,0.87467974,-1.79223201,band_5.pdf
5,model,5,97,0.88164197,-1.71596077,band_5.pdf
5,model,5,98,0.88860421,-1.55315999,band_5.pdf
5,model,5,99,0.89556645,-1.36692449,band_5.pdf
5,model,5,100,0.90252868,-1.15775647,band_5.pdf
5,model,5,101,0.91645316,-0.70131473,band_5.pdf
5,model,5,102,0.92341540,-0.60187445,band_5.pdf
5,model,5,103,0.93733987,-0.49311678,band_5.pdf
5,model,5,104,0.95126434,-0.39373634,band_5.pdf
5,model,5,105,0.96518881,-0.30830981,band_5.pdf
5,model,5,106,0.97911329,-0.24384285,band_5.pdf
5,model,5,107,0.99303776,-0.19935282,band_5.pdf
5,model,5,108,1.00000000,-0.18816562,band_5.pdf
5,model,5,109,1.00000000,-0.18816562,band_5.pdf
5,model,6,0,0.00000000,-1.23004820,band_5.pdf
5,model,6,1,0.01606884,-1.22815528,band_5.pdf
5,model,6,2,0.03216554,-1.21140167,band_5.pdf
5,model,6,3,0.04018603,-1.19395776,band_5.pdf
5,model,6,4,0.04823438,-1.16834106,band_5.pdf
5,model,6,5,0.05628272,-1.13306179,band_5.pdf
5,model,6,6,0.06430322,-1.08648381,band_5.pdf
5,model,6,7,0.07235157,-1.02638431,band_5.pdf
5,model,6,8,0.08039991,-0.94938996,band_5.pdf
5,model,6,9,0.08842041,-0.85031690,band_5.pdf
5,model,6,10,0.09646875,-0.72168490,band_5.pdf
5,model,6,11,0.10451710,-0.55380289,band_5.pdf
5,model,6,12,0.11253760,-0.41136812,band_5.pdf
5,model,6,13,0.12863429,-0.86108303,band_5.pdf
5,model,6,14,0.13665478,-1.05546636,band_5.pdf
5,model,6,15,0.14470313,-1.01170948,band_5.pdf
5,model,6,16,0.16882032,-0.68978952,band_5.pdf
5,model,6,17,0.18491701,-0.50234204,band_5.pdf
5,model,6,18,0.19293751,-0.42136296,band_5.pdf
5,model,6,19,0.20098585,-0.35020222,band_5.pdf
5,model,6,20,0.20903420,-0.28945965,band_5.pdf
5,model,6,21,0.21705470,-0.23900430,band_5.pdf
5,model,6,22,0.22510304,-0.19748764,band_5.pdf
5,model,6,23,0.23315139,-0.16538062,band_5.pdf
5,model,6,24,0.24117188,-0.15230897,band_5.pdf
5,model,6,25,0.25824329,-0.17637616,band_5.pdf
5,model,6,26,0.26960566,-0.17093553,band_5.pdf
5,model,6,27,0.28664922,-0.15030473,band_5.pdf
5,model,6,28,0.32076417,-0.09028101,band_5.pdf
5,model,6,29,0.32644536,-0.12577826,band_5.pdf
5,model,6,30,0.34348892,-0.62503615,band_5.pdf
5,model,6,31,0.35487914,-0.91483173,band_5.pdf
5,model,6,32,0.36056032,-1.04111194,band_5.pdf
5,model,6,33,0.36624151,-0.90063917,band_5.pdf
5,model,6,34,0.37760388,-0.49308982,band_5.pdf
5,model,6,35,0.38896625,-0.06656606,band_5.pdf
5,model,6,36,0.39467528,0.04334583,band_5.pdf
5,model,6,37,0.41171884,0.05103337,band_5.pdf
5,model,6,38,0.41740002,0.04284163,band_5.pdf
5,model,6,39,0.42308121,0.01831711,band_5.pdf
5,model,6,40,0.42876239,-0.02318089,band_5.pdf
5,model,6,41,0.43444358,-0.20528971,band_5.pdf
5,model,6,42,0.44583380,-0.70216790,band_5.pdf
5,model,6,43,0.45151498,-0.91278264,band_5.pdf
5,model,6,44,0.45719617,-1.06517427,band_5.pdf
5,model,6,45,0.46287735,-1.16586705,band_5.pdf
5,model,6,46,0.46855854,-1.22626237,band_5.pdf
5,model,6,47,0.47423972,-1.23388154,band_5.pdf
5,model,6,48,0.47992091,-1.20005509,band_5.pdf
5,model,6,49,0.48562994,-1.15296870,band_5.pdf
5,model,6,50,0.49131113,-1.19225438,band_5.pdf
5,model,6,51,0.49699231,-1.28957169,band_5.pdf
5,model,6,52,0.50267350,-1.30530291,band_5.pdf
5,model,6,53,0.51403587,-1.30741007,band_5.pdf
5,model,6,54,0.53110727,-1.29171320,band_5.pdf
5,model,6,55,0.57658460,-1.23287575,band_5.pdf
5,model,6,56,0.58226579,-1.23004820,band_5.pdf
5,model,6,57,0.58922803,-1.23356830,band_5.pdf
5,model,6,58,0.60315250,-1.25945078,band_5.pdf
5,model,6,59,0.63796368,-1.35698440,band_5.pdf
5,model,6,60,0.64492592,-1.36706728,band_5.pdf
5,model,6,61,0.65188816,-1.36392554,band_5.pdf
5,model,6,62,0.66581263,-1.01334839,band_5.pdf
5,model,6,63,0.67277487,-1.09013076,band_5.pdf
5,model,6,64,0.68669934,-1.27292099,band_5.pdf
5,model,6,65,0.69366158,-1.30114015,band_5.pdf
5,model,6,66,0.70062382,-1.29038421,band_5.pdf
5,model,6,67,0.71454829,-1.24338012,band_5.pdf
5,model,6,68,0.74239724,-1.14339055,band_5.pdf
5,model,6,69,0.75632171,-1.10544435,band_5.pdf
5,model,6,70,0.77024618,-1.07927736,band_5.pdf
5,model,6,71,0.78417066,-1.06453362,band_5.pdf
5,model,6,72,0.79809513,-1.06453166,band_5.pdf
5,model,6,73,0.83290632,-1.08727613,band_5.pdf
5,model,6,74,0.84683079,-1.07605599,band_5.pdf
5,model,6,75,0.85379303,-1.06073961,band_5.pdf
5,model,6,76,0.86075526,-1.03779299,band_5.pdf
5,model,6,77,0.86771750,-1.00703238,band_5.pdf
5,model,6,78,0.88164197,-0.92411577,band_5.pdf
5,model,6,79,0.89556645,-0.81934217,band_5.pdf
5,model,6,80,0.91645316,-0.65267290,band_5.pdf
5,model,6,81,0.95126434,-0.36721593,band_5.pdf
5,model,6,82,0.96518881,-0.27516489,band_5.pdf
5,model,6,83,0.97911329,-0.20616575,band_5.pdf
5,model,6,84,0.99303776,-0.16235725,band_5.pdf
5,model,6,85,1.00000000,-0.15230897,band_5.pdf
5,model,6,86,1.00000000,-0.15230897,band_5.pdf
5,model,7,0,0.00000000,-0.42699780,band_5.pdf
5,model,7,1,0.04823438,-0.40301730,band_5.pdf
5,model,7,2,0.06430322,-0.38464420,band_5.pdf
5,model,7,3,0.07235157,-0.36690980,band_5.pdf
5,model,7,4,0.08039991,-0.34135561,band_5.pdf
5,model,7,5,0.08842041,-0.30634426,band_5.pdf
5,model,7,6,0.10451710,-0.21676421,band_5.pdf
5,model,7,7,0.11253760,-0.33707583,band_5.pdf
5,model,7,8,0.12058594,-0.08780865,band_5.pdf
5,model,7,9,0.12863429,0.06292705,band_5.pdf
5,model,7,10,0.13665478,0.19296032,band_5.pdf
5,model,7,11,0.14470313,0.33674440,band_5.pdf
5,model,7,12,0.15275148,0.49651163,band_5.pdf
5,model,7,13,0.16079982,0.67167113,band_5.pdf
5,model,7,14,0.17686866,1.06034781,band_5.pdf
5,model,7,15,0.20098585,1.68026114,band_5.pdf
5,model,7,16,0.20903420,1.87037388,band_5.pdf
5,model,7,17,0.21705470,2.03528934,band_5.pdf
5,model,7,18,0.22510304,2.16090005,band_5.pdf
5,model,7,19,0.23315139,2.23261654,band_5.pdf
5,model,7,20,0.24117188,2.25303807,band_5.pdf
5,model,7,21,0.24685307,2.23955454,band_5.pdf
5,model,7,22,0.25256210,2.19139090,band_5.pdf
5,model,7,23,0.25824329,2.10533575,band_5.pdf
5,model,7,24,0.26392447,1.98599135,band_5.pdf
5,model,7,25,0.26960566,1.83956872,band_5.pdf
5,model,7,26,0.27528684,1.67211347,band_5.pdf
5,model,7,27,0.28664922,1.29498227,band_5.pdf
5,model,7,28,0.32076417,0.08684244,band_5.pdf
5,model,7,29,0.32644536,-0.05451881,band_5.pdf
5,model,7,30,0.33212655,-0.05586510,band_5.pdf
5,model,7,31,0.38328506,0.03441692,band_5.pdf
5,model,7,32,0.38896625,0.04131640,band_5.pdf
5,model,7,33,0.39467528,0.14338611,band_5.pdf
5,model,7,34,0.40035647,0.32839079,band_5.pdf
5,model,7,35,0.40603765,0.42940339,band_5.pdf
5,model,7,36,0.41171884,0.36792987,band_5.pdf
5,model,7,37,0.41740002,0.32631308,band_5.pdf
5,model,7,38,0.42308121,0.20687293,band_5.pdf
5,model,7,39,0.42876239,0.02458039,band_5.pdf
5,model,7,40,0.44015261,-0.17730605,band_5.pdf
5,model,7,41,0.44583380,-0.35576063,band_5.pdf
5,model,7,42,0.45151498,-0.51836317,band_5.pdf
5,model,7,43,0.45719617,-0.64564230,band_5.pdf
5,model,7,44,0.46287735,-0.73269169,band_5.pdf
5,model,7,45,0.46855854,-0.78268153,band_5.pdf
5,model,7,46,0.47423972,-0.81867308,band_5.pdf
5,model,7,47,0.47992091,-0.92173851,band_5.pdf
5,model,7,48,0.48562994,-1.04562510,band_5.pdf
5,model,7,49,0.49131113,-1.07914767,band_5.pdf
5,model,7,50,0.50267350,-0.96325606,band_5.pdf
5,model,7,51,0.52539824,-0.72373855,band_5.pdf
5,model,7,52,0.53678846,-0.61803878,band_5.pdf
5,model,7,53,0.54815083,-0.52984342,band_5.pdf
5,model,7,54,0.55951320,-0.46508892,band_5.pdf
5,model,7,55,0.56519439,-0.44369448,band_5.pdf
5,model,7,56,0.57087557,-0.43093862,band_5.pdf
5,model,7,57,0.58226579,-0.42699780,band_5.pdf
5,model,7,58,0.58922803,-0.42683155,band_5.pdf
5,model,7,59,0.59619027,-0.43433792,band_5.pdf
5,model,7,60,0.60315250,-0.45137699,band_5.pdf
5,model,7,61,0.61011474,-0.47683608,band_5.pdf
5,model,7,62,0.61707697,-0.51074145,band_5.pdf
5,model,7,63,0.62403921,-0.55342068,band_5.pdf
5,model,7,64,0.63100145,-0.60516426,band_5.pdf
5,model,7,65,0.63796368,-0.66606070,band_5.pdf
5,model,7,66,0.64492592,-0.73583421,band_5.pdf
5,model,7,67,0.65885040,-0.89830540,band_5.pdf
5,model,7,68,0.68669934,-1.25027386,band_5.pdf
5,model,7,69,0.69366158,-1.27799872,band_5.pdf
5,model,7,70,0.70062382,-1.26144939,band_5.pdf
5,model,7,71,0.74239724,-1.11528426,band_5.pdf
5,model,7,72,0.75632171,-1.08281085,band_5.pdf
5,model,7,73,0.77024618,-1.06411195,band_5.pdf
5,model,7,74,0.78417066,-1.05880908,band_5.pdf
5,model,7,75,0.81898184,-1.05730554,band_5.pdf
5,model,7,76,0.83290632,-1.05299246,band_5.pdf
5,model,7,77,0.84683079,-1.03664174,band_5.pdf
5,model,7,78,0.86075526,-1.00016228,band_5.pdf
5,model,7,79,0.87467974,-0.93951871,band_5.pdf
5,model,7,80,0.88860421,-0.85695640,band_5.pdf
5,model,7,81,0.90252868,-0.75857820,band_5.pdf
5,model,7,82,0.90949092,-0.69823229,band_5.pdf
5,model,7,83,0.91645316,-0.60886743,band_5.pdf
5,model,7,84,0.92341540,-0.37382653,band_5.pdf
5,model,7,85,0.93037763,-0.08258162,band_5.pdf
5,model,7,86,0.94430211,0.54505706,band_5.pdf
5,model,7,87,0.95822658,1.17951411,band_5.pdf
5,model,7,88,0.96518881,1.47581968,band_5.pdf
5,model,7,89,0.97215105,1.74280189,band_5.pdf
5,model,7,90,0.97911329,1.96761049,band_5.pdf
5,model,7,91,0.98607553,2.13642068,band_5.pdf
5,model,7,92,0.99303776,2.23150226,band_5.pdf
5,model,7,93,1.00000000,2.25303807,band_5.pdf
5,model,7,94,1.00000000,2.25303807,band_5.pdf
5,model,8,0,0.00000000,-0.40660411,band_5.pdf
5,model,8,1,0.04018603,-0.40490843,band_5.pdf
5,model,8,2,0.05628272,-0.39293116,band_5.pdf
5,model,8,3,0.07235157,-0.36263310,band_5.pdf
5,model,8,4,0.08039991,-0.33647275,band_5.pdf
5,model,8,5,0.08842041,-0.30055638,band_5.pdf
5,model,8,6,0.09646875,-0.25294535,band_5.pdf
5,model,8,7,0.10451710,-0.19142396,band_5.pdf
5,model,8,8,0.11253760,-0.12204504,band_5.pdf
5,model,8,9,0.12058594,-0.03292914,band_5.pdf
5,model,8,10,0.12863429,0.07385332,band_5.pdf
5,model,8,11,0.13665478,0.19825845,band_5.pdf
5,model,8,12,0.14470313,0.34022492,band_5.pdf
5,model,8,13,0.15275148,0.49921837,band_5.pdf
5,model,8,14,0.16079982,0.67405284,band_5.pdf
5,model,8,15,0.16882032,0.86282444,band_5.pdf
5,model,8,16,0.18491701,1.26993637,band_5.pdf
5,model,8,17,0.20098585,1.68396088,band_5.pdf
5,model,8,18,0.20903420,1.87535948,band_5.pdf
5,model,8,19,0.21705470,2.04296083,band_5.pdf
5,model,8,20,0.22510304,2.17498531,band_5.pdf
5,model,8,21,0.23315139,2.26000605,band_5.pdf
5,model,8,22,0.24117188,2.28942143,band_5.pdf
5,model,8,23,0.24685307,2.27948957,band_5.pdf
5,model,8,24,0.25256210,2.24052768,band_5.pdf
5,model,8,25,0.25824329,2.16713341,band_5.pdf
5,model,8,26,0.26392447,2.06734298,band_5.pdf
5,model,8,27,0.26960566,1.94544220,band_5.pdf
5,model,8,28,0.27528684,1.80523273,band_5.pdf
5,model,8,29,0.28664922,1.48922910,band_5.pdf
5,model,8,30,0.29801159,1.16541824,band_5.pdf
5,model,8,31,0.30372062,1.01709595,band_5.pdf
5,model,8,32,0.30940180,0.88660084,band_5.pdf
5,model,8,33,0.31508299,0.77968648,band_5.pdf
5,model,8,34,0.32076417,0.70070377,band_5.pdf
5,model,8,35,0.32644536,0.65209944,band_5.pdf
5,model,8,36,0.33212655,0.63414778,band_5.pdf
5,model,8,37,0.33780773,0.64512222,band_5.pdf
5,model,8,38,0.34348892,0.68177682,band_5.pdf
5,model,8,39,0.34919795,0.73993612,band_5.pdf
5,model,8,40,0.35487914,0.81499692,band_5.pdf
5,model,8,41,0.36624151,0.99688859,band_5.pdf
5,model,8,42,0.37760388,1.18997298,band_5.pdf
5,model,8,43,0.38328506,1.27764293,band_5.pdf
5,model,8,44,0.38896625,1.09509876,band_5.pdf
5,model,8,45,0.39467528,0.82370940,band_5.pdf
5,model,8,46,0.40035647,0.59331940,band_5.pdf
5,model,8,47,0.40603765,0.46682175,band_5.pdf
5,model,8,48,0.41171884,0.52026533,band_5.pdf
5,model,8,49,0.41740002,0.48322770,band_5.pdf
5,model,8,50,0.42308121,0.37879548,band_5.pdf
5,model,8,51,0.42876239,0.22353038,band_5.pdf
5,model,8,52,0.43444358,0.03879286,band_5.pdf
5,model,8,53,0.44015261,-0.12919438,band_5.pdf
5,model,8,54,0.45151498,-0.31675905,band_5.pdf
5,model,8,55,0.46287735,-0.53336144,band_5.pdf
5,model,8,56,0.46855854,-0.65075386,band_5.pdf
5,model,8,57,0.47423972,-0.75443636,band_5.pdf
5,model,8,58,0.47992091,-0.76892332,band_5.pdf
5,model,8,59,0.48562994,-0.74272036,band_5.pdf
5,model,8,60,0.49699231,-0.65736777,band_5.pdf
5,model,8,61,0.50835468,-0.56634592,band_5.pdf
5,model,8,62,0.51971705,-0.49332012,band_5.pdf
5,model,8,63,0.53110727,-0.44536906,band_5.pdf
5,model,8,64,0.54246965,-0.41886092,band_5.pdf
5,model,8,65,0.55951320,-0.40258331,band_5.pdf
5,model,8,66,0.57087557,-0.40049316,band_5.pdf
5,model,8,67,0.58226579,-0.40660411,band_5.pdf
5,model,8,68,0.59619027,-0.40807696,band_5.pdf
5,model,8,69,0.60315250,-0.42456389,band_5.pdf
5,model,8,70,0.61011474,-0.45109017,band_5.pdf
5,model,8,71,0.61707697,-0.48678915,band_5.pdf
5,model,8,72,0.62403921,-0.53171257,band_5.pdf
5,model,8,73,0.63100145,-0.58598450,band_5.pdf
5,model,8,74,0.63796368,-0.64953371,band_5.pdf
5,model,8,75,0.64492592,-0.72189339,band_5.pdf
5,model,8,76,0.65885040,-0.88718668,band_5.pdf
5,model,8,77,0.66581263,-0.91294871,band_5.pdf
5,model,8,78,0.67277487,-0.66633970,band_5.pdf
5,model,8,79,0.68669934,-0.10395006,band_5.pdf
5,model,8,80,0.71454829,1.06448823,band_5.pdf
5,model,8,81,0.72847276,1.67791255,band_5.pdf
5,model,8,82,0.74239724,1.76488906,band_5.pdf
5,model,8,83,0.75632171,1.83594979,band_5.pdf
5,model,8,84,0.77024618,1.88913268,band_5.pdf
5,model,8,85,0.78417066,1.91995325,band_5.pdf
5,model,8,86,0.79113290,1.92576192,band_5.pdf
5,model,8,87,0.79809513,1.91971833,band_5.pdf
5,model,8,88,0.80505737,1.90633895,band_5.pdf
5,model,8,89,0.81201961,1.88582943,band_5.pdf
5,model,8,90,0.82594408,1.82513567,band_5.pdf
5,model,8,91,0.83986855,1.74557173,band_5.pdf
5,model,8,92,0.85379303,1.66318421,band_5.pdf
5,model,8,93,0.86075526,1.62749553,band_5.pdf
5,model,8,94,0.86771750,1.59893386,band_5.pdf
5,model,8,95,0.87467974,1.57959164,band_5.pdf
5,model,8,96,0.88164197,1.57094108,band_5.pdf
5,model,8,97,0.88860421,1.57379624,band_5.pdf
5,model,8,98,0.89556645,1.58836283,band_5.pdf
5,model,8,99,0.90252868,1.61434041,band_5.pdf
5,model,8,100,0.90949092,1.65103008,band_5.pdf
5,model,8,101,0.92341540,1.74897227,band_5.pdf
5,model,8,102,0.93733987,1.86564625,band_5.pdf
5,model,8,103,0.96518881,2.11567908,band_5.pdf
5,model,8,104,0.97215105,2.16782590,band_5.pdf
5,model,8,105,0.97911329,2.21146258,band_5.pdf
5,model,8,106,0.99303776,2.27380040,band_5.pdf
5,model,8,107,1.00000000,2.28942143,band_5.pdf
5,model,8,108,1.00000000,2.28942143,band_5.pdf
5,model,9,0,0.00000000,-0.37499377,band_5.pdf
5,model,9,1,0.00804834,-0.37090270,band_5.pdf
5,model,9,2,0.01606884,-0.35547512,band_5.pdf
5,model,9,3,0.02411719,-0.32353624,band_5.pdf
5,model,9,4,0.03216554,-0.27466904,band_5.pdf
5,model,9,5,0.04018603,-0.21095079,band_5.pdf
5,model,9,6,0.04823438,-0.13429071,band_5.pdf
5,model,9,7,0.05628272,-0.04630503,band_5.pdf
5,model,9,8,0.06430322,0.05150410,band_5.pdf
5,model,9,9,0.08039991,0.27101273,band_5.pdf
5,model,9,10,0.08842041,0.26710402,band_5.pdf
5,model,9,11,0.10451710,-0.16294191,band_5.pdf
5,model,9,12,0.11253760,-0.11214322,band_5.pdf
5,model,9,13,0.12058594,0.01412798,band_5.pdf
5,model,9,14,0.12863429,0.32803945,band_5.pdf
5,model,9,15,0.13665478,0.75625444,band_5.pdf
5,model,9,16,0.14470313,1.26378761,band_5.pdf
5,model,9,17,0.15275148,1.43059072,band_5.pdf
5,model,9,18,0.16882032,1.67804591,band_5.pdf
5,model,9,19,0.18491701,1.90000895,band_5.pdf
5,model,9,20,0.19293751,1.99743107,band_5.pdf
5,model,9,21,0.20098585,2.08372742,band_5.pdf
5,model,9,22,0.20903420,2.15759709,band_5.pdf
5,model,9,23,0.21705470,2.21841136,band_5.pdf
5,model,9,24,0.22510304,2.26727850,band_5.pdf
5,model,9,25,0.23315139,2.30644119,band_5.pdf
5,model,9,26,0.24117188,2.32411960,band_5.pdf
5,model,9,27,0.25824329,2.29765353,band_5.pdf
5,model,9,28,0.27528684,2.30731977,band_5.pdf
5,model,9,29,0.29801159,2.33647920,band_5.pdf
5,model,9,30,0.32644536,2.38881455,band_5.pdf
5,model,9,31,0.36056032,2.45654702,band_5.pdf
5,model,9,32,0.36624151,2.40943036,band_5.pdf
5,model,9,33,0.37760388,1.71907277,band_5.pdf
5,model,9,34,0.38328506,1.39972400,band_5.pdf
5,model,9,35,0.38896625,1.36191294,band_5.pdf
5,model,9,36,0.39467528,1.42754727,band_5.pdf
5,model,9,37,0.40035647,1.47711224,band_5.pdf
5,model,9,38,0.40603765,1.50785448,band_5.pdf
5,model,9,39,0.41171884,1.51826885,band_5.pdf
5,model,9,40,0.43444358,1.52687486,band_5.pdf
5,model,9,41,0.44015261,1.51620838,band_5.pdf
5,model,9,42,0.45151498,1.47401677,band_5.pdf
5,model,9,43,0.46287735,1.41350443,band_5.pdf
5,model,9,44,0.47992091,1.31689632,band_5.pdf
5,model,9,45,0.48562994,1.26668928,band_5.pdf
5,model,9,46,0.49131113,1.12972643,band_5.pdf
5,model,9,47,0.51403587,0.54473469,band_5.pdf
5,model,9,48,0.52539824,0.27918332,band_5.pdf
5,model,9,49,0.53678846,0.04656726,band_5.pdf
5,model,9,50,0.54246965,-0.05443320,band_5.pdf
5,model,9,51,0.54815083,-0.14381969,band_5.pdf
5,model,9,52,0.55383202,-0.22063263,band_5.pdf
5,model,9,53,0.55951320,-0.28386006,band_5.pdf
5,model,9,54,0.56519439,-0.33212264,band_5.pdf
5,model,9,55,0.57087557,-0.36260845,band_5.pdf
5,model,9,56,0.57658460,-0.37356518,band_5.pdf
5,model,9,57,0.58922803,-0.37145619,band_5.pdf
5,model,9,58,0.59619027,-0.34452852,band_5.pdf
5,model,9,59,0.60315250,-0.28472840,band_5.pdf
5,model,9,60,0.61011474,-0.19742430,band_5.pdf
5,model,9,61,0.61707697,-0.08487321,band_5.pdf
5,model,9,62,0.62403921,0.05162520,band_5.pdf
5,model,9,63,0.63100145,0.21070551,band_5.pdf
5,model,9,64,0.63796368,0.39072737,band_5.pdf
5,model,9,65,0.64492592,0.58961912,band_5.pdf
5,model,9,66,0.65188816,0.80487997,band_5.pdf
5,model,9,67,0.66581263,1.27044294,band_5.pdf
5,model,9,68,0.67277487,1.41105790,band_5.pdf
5,model,9,69,0.68669934,1.45214442,band_5.pdf
5,model,9,70,0.70062382,1.51628837,band_5.pdf
5,model,9,71,0.71454829,1.59649953,band_5.pdf
5,model,9,72,0.72151053,1.63957874,band_5.pdf
5,model,9,73,0.72847276,1.69075016,band_5.pdf
5,model,9,74,0.73543500,1.75087994,band_5.pdf
5,model,9,75,0.74935947,1.82621713,band_5.pdf
5,model,9,76,0.76328395,1.88300241,band_5.pdf
5,model,9,77,0.77720842,1.91740588,band_5.pdf
5,model,9,78,0.78417066,1.92507559,band_5.pdf
5,model,9,79,0.79809513,1.92514918,band_5.pdf
5,model,9,80,0.80505737,1.91737697,band_5.pdf
5,model,9,81,0.81201961,1.90250631,band_5.pdf
5,model,9,82,0.82594408,1.85230958,band_5.pdf
5,model,9,83,0.83986855,1.78051228,band_5.pdf
5,model,9,84,0.86075526,1.66534593,band_5.pdf
5,model,9,85,0.86771750,1.63514670,band_5.pdf
5,model,9,86,0.87467974,1.61299601,band_5.pdf
5,model,9,87,0.88164197,1.60054274,band_5.pdf
5,model,9,88,0.88860421,1.59880689,band_5.pdf
5,model,9,89,0.89556645,1.60820309,band_5.pdf
5,model,9,90,0.90252868,1.62862456,band_5.pdf
5,model,9,91,0.90949092,1.65954022,band_5.pdf
5,model,9,92,0.91645316,1.70005855,band_5.pdf
5,model,9,93,0.92341540,1.75211923,band_5.pdf
5,model,9,94,0.93733987,1.87988170,band_5.pdf
5,model,9,95,0.95822658,2.08531017,band_5.pdf
5,model,9,96,0.97215105,2.20295368,band_5.pdf
5,model,9,97,0.97911329,2.24897034,band_5.pdf
5,model,9,98,0.98607553,2.28447109,band_5.pdf
5,model,9,99,0.99303776,2.31047467,band_5.pdf
5,model,9,100,1.00000000,2.32411960,band_5.pdf
5,model,9,101,1.00000000,2.32411960,band_5.pdf
5,model,10,0,0.00000000,1.68507160,band_5.pdf
5,model,10,1,0.00804834,1.67151246,band_5.pdf
5,model,10,2,0.01606884,1.63029340,band_5.pdf
5,model,10,3,0.02411719,1.56237690,band_5.pdf
5,model,10,4,0.03216554,1.46894496,band_5.pdf
5,model,10,5,0.04018603,1.35156368,band_5.pdf
5,model,10,6,0.04823438,1.21215566,band_5.pdf
5,model,10,7,0.05628272,1.05290093,band_5.pdf
5,model,10,8,0.06430322,0.87620353,band_5.pdf
5,model,10,9,0.07235157,0.68458061,band_5.pdf
5,model,10,10,0.08039991,0.48065693,band_5.pdf
5,model,10,11,0.08842041,0.39013596,band_5.pdf
5,model,10,12,0.10451710,0.64142693,band_5.pdf
5,model,10,13,0.14470313,1.30104180,band_5.pdf
5,model,10,14,0.15275148,1.84488362,band_5.pdf
5,model,10,15,0.16079982,2.49474384,band_5.pdf
5,model,10,16,0.16882032,3.20867561,band_5.pdf
5,model,10,17,0.17686866,3.98047192,band_5.pdf
5,model,10,18,0.19293751,5.65305636,band_5.pdf
5,model,10,19,0.20903420,7.34435830,band_5.pdf
5,model,10,20,0.21705470,8.09519836,band_5.pdf
5,model,10,21,0.21956333,8.28298041,band_5.pdf
5,model,11,0,0.27894617,8.28298041,band_5.pdf
5,model,11,1,0.28096803,8.18636081,band_5.pdf
5,model,11,2,0.28664922,7.88229126,band_5.pdf
5,model,11,3,0.29233040,7.54978238,band_5.pdf
5,model,11,4,0.30372062,6.81639867,band_5.pdf
5,model,11,5,0.31508299,6.02019047,band_5.pdf
5,model,11,6,0.35487914,3.16258589,band_5.pdf
5,model,11,7,0.36056032,2.78208401,band_5.pdf
5,model,11,8,0.36624151,2.47073307,band_5.pdf
5,model,11,9,0.38896625,2.49258597,band_5.pdf
5,model,11,10,0.39467528,2.31220702,band_5.pdf
5,model,11,11,0.40035647,2.09639013,band_5.pdf
5,model,11,12,0.40603765,1.93982360,band_5.pdf
5,model,11,13,0.41171884,1.88039609,band_5.pdf
5,model,11,14,0.41740002,1.87700177,band_5.pdf
5,model,11,15,0.42876239,1.85079971,band_5.pdf
5,model,11,16,0.44015261,1.80331618,band_5.pdf
5,model,11,17,0.45719617,1.71125702,band_5.pdf
5,model,11,18,0.46855854,1.64638948,band_5.pdf
5,model,11,19,0.47423972,1.57111053,band_5.pdf
5,model,11,20,0.47992091,1.43423009,band_5.pdf
5,model,11,21,0.48562994,1.31239792,band_5.pdf
5,model,11,22,0.49131113,1.28091141,band_5.pdf
5,model,11,23,0.49699231,1.26830592,band_5.pdf
5,model,11,24,0.50267350,1.26545177,band_5.pdf
5,model,11,25,0.50835468,1.27234954,band_5.pdf
5,model,11,26,0.51403587,1.28897387,band_5.pdf
5,model,11,27,0.51971705,1.31476156,band_5.pdf
5,model,11,28,0.53110727,1.38868645,band_5.pdf
5,model,11,29,0.55951320,1.60858802,band_5.pdf
5,model,11,30,0.56519439,1.64113655,band_5.pdf
5,model,11,31,0.57087557,1.66558452,band_5.pdf
5,model,11,32,0.57658460,1.68069726,band_5.pdf
5,model,11,33,0.58226579,1.68507160,band_5.pdf
5,model,11,34,0.58922803,1.67997438,band_5.pdf
5,model,11,35,0.59619027,1.66493167,band_5.pdf
5,model,11,36,0.60315250,1.64097635,band_5.pdf
5,model,11,37,0.61707697,1.57452369,band_5.pdf
5,model,11,38,0.63796368,1.46812325,band_5.pdf
5,model,11,39,0.64492592,1.44119457,band_5.pdf
5,model,11,40,0.65188816,1.42179731,band_5.pdf
5,model,11,41,0.65885040,1.41112621,band_5.pdf
5,model,11,42,0.66581263,1.41062604,band_5.pdf
5,model,11,43,0.67277487,1.44061589,band_5.pdf
5,model,11,44,0.68669934,1.48500194,band_5.pdf
5,model,11,45,0.70062382,1.55079937,band_5.pdf
5,model,11,46,0.71454829,1.63160616,band_5.pdf
5,model,11,47,0.72151053,1.67580172,band_5.pdf
5,model,11,48,0.72847276,1.76131351,band_5.pdf
5,model,11,49,0.73543500,2.14171253,band_5.pdf
5,model,11,50,0.74239724,2.62116246,band_5.pdf
5,model,11,51,0.74935947,3.20270916,band_5.pdf
5,model,11,52,0.75632171,3.90642178,band_5.pdf
5,model,11,53,0.76328395,4.74713671,band_5.pdf
5,model,11,54,0.77024618,5.73128029,band_5.pdf
5,model,11,55,0.77720842,6.85487603,band_5.pdf
5,model,11,56,0.78520619,8.28298041,band_5.pdf
5,model,12,0,0.00000000,1.68620282,band_5.pdf
5,model,12,1,0.02411719,1.69204361,band_5.pdf
5,model,12,2,0.03216554,1.70181336,band_5.pdf
5,model,12,3,0.04018603,1.71936421,band_5.pdf
5,model,12,4,0.04823438,1.74660993,band_5.pdf
5,model,12,5,0.05628272,1.78464240,band_5.pdf
5,model,12,6,0.06430322,1.83363041,band_5.pdf
5,model,12,7,0.07235157,1.89294950,band_5.pdf
5,model,12,8,0.08039991,1.96148312,band_5.pdf
5,model,12,9,0.08842041,2.03814889,band_5.pdf
5,model,12,10,0.09646875,2.12259172,band_5.pdf
5,model,12,11,0.10451710,2.21610436,band_5.pdf
5,model,12,12,0.11253760,2.32261855,band_5.pdf
5,model,12,13,0.12058594,2.44970418,band_5.pdf
5,model,12,14,0.12863429,2.60919792,band_5.pdf
5,model,12,15,0.13665478,2.81718607,band_5.pdf
5,model,12,16,0.14470313,3.09268879,band_5.pdf
5,model,12,17,0.15275148,3.45488743,band_5.pdf
5,model,12,18,0.16079982,3.91896588,band_5.pdf
5,model,12,19,0.16882032,4.49218540,band_5.pdf
5,model,12,20,0.17686866,5.17130216,band_5.pdf
5,model,12,21,0.18491701,5.94222237,band_5.pdf
5,model,12,22,0.20098585,7.65005965,band_5.pdf
5,model,12,23,0.20694945,8.28298041,band_5.pdf
5,model,13,0,0.29656289,8.28298041,band_5.pdf
5,model,13,1,0.29801159,8.22611857,band_5.pdf
5,model,13,2,0.30372062,7.85446917,band_5.pdf
5,model,13,3,0.33780773,5.49407855,band_5.pdf
5,model,13,4,0.34919795,4.76306979,band_5.pdf
5,model,13,5,0.36056032,4.07676602,band_5.pdf
5,model,13,6,0.37192269,3.43560221,band_5.pdf
5,model,13,7,0.38328506,2.84267450,band_5.pdf
5,model,13,8,0.38896625,2.57314285,band_5.pdf
5,model,13,9,0.39467528,2.50616887,band_5.pdf
5,model,13,10,0.41171884,2.51095285,band_5.pdf
5,model,13,11,0.41740002,2.50184412,band_5.pdf
5,model,13,12,0.42308121,2.47468982,band_5.pdf
5,model,13,13,0.42876239,2.43000156,band_5.pdf
5,model,13,14,0.43444358,2.36860974,band_5.pdf
5,model,13,15,0.44015261,2.29160241,band_5.pdf
5,model,13,16,0.44583380,2.20030055,band_5.pdf
5,model,13,17,0.45151498,2.09619805,band_5.pdf
5,model,13,18,0.46287735,1.85659695,band_5.pdf
5,model,13,19,0.46855854,1.72724615,band_5.pdf
5,model,13,20,0.47423972,1.63662802,band_5.pdf
5,model,13,21,0.47992091,1.60761689,band_5.pdf
5,model,13,22,0.49131113,1.57293483,band_5.pdf
5,model,13,23,0.50267350,1.55798117,band_5.pdf
5,model,13,24,0.51403587,1.56085867,band_5.pdf
5,model,13,25,0.52539824,1.57809468,band_5.pdf
5,model,13,26,0.54815083,1.63406732,band_5.pdf
5,model,13,27,0.56519439,1.67102443,band_5.pdf
5,model,13,28,0.57658460,1.68378876,band_5.pdf
5,model,13,29,0.58226579,1.68620282,band_5.pdf
5,model,13,30,0.58922803,1.68114316,band_5.pdf
5,model,13,31,0.59619027,1.66653640,band_5.pdf
5,model,13,32,0.61011474,1.61459262,band_5.pdf
5,model,13,33,0.63796368,1.48390620,band_5.pdf
5,model,13,34,0.64492592,1.46017845,band_5.pdf
5,model,13,35,0.65188816,1.44387518,band_5.pdf
5,model,13,36,0.65885040,1.43607613,band_5.pdf
5,model,13,37,0.66581263,1.43813441,band_5.pdf
5,model,13,38,0.67277487,1.53132148,band_5.pdf
5,model,13,39,0.68669934,2.03476648,band_5.pdf
5,model,13,40,0.70062382,2.55776865,band_5.pdf
5,model,13,41,0.70758605,2.82996492,band_5.pdf
5,model,13,42,0.71454829,3.11740539,band_5.pdf
5,model,13,43,0.72151053,3.43027736,band_5.pdf
5,model,13,44,0.72847276,3.78199342,band_5.pdf
5,model,13,45,0.73543500,4.18884004,band_5.pdf
5,model,13,46,0.74239724,4.66892054,band_5.pdf
5,model,13,47,0.74935947,5.24066378,band_5.pdf
5,model,13,48,0.75632171,5.92054039,band_5.pdf
5,model,13,49,0.76328395,6.72108193,band_5.pdf
5,model,13,50,0.77024618,7.64915873,band_5.pdf
5,model,13,51,0.77442426,8.28298041,band_5.pdf
5,model,14,0,0.30292389,8.28298041,band_5.pdf
5,model,14,1,0.30372062,8.26622371,band_5.pdf
5,model,14,2,0.30940180,8.16703678,band_5.pdf
5,model,14,3,0.32076417,7.99350133,band_5.pdf
5,model,14,4,0.33212655,7.84313006,band_5.pdf
5,model,14,5,0.34348892,7.70868020,band_5.pdf
5,model,14,6,0.35487914,7.58604345,band_5.pdf
5,model,14,7,0.36624151,7.47504739,band_5.pdf
5,model,14,8,0.37760388,7.37917893,band_5.pdf
5,model,14,9,0.38896625,7.30419521,band_5.pdf
5,model,14,10,0.39467528,7.27647521,band_5.pdf
5,model,14,11,0.40035647,7.25616832,band_5.pdf
5,model,14,12,0.40603765,7.24377471,band_5.pdf
5,model,14,13,0.41171884,7.23960804,band_5.pdf
5,model,14,14,0.41740002,7.33073345,band_5.pdf
5,model,14,15,0.42308121,7.59916007,band_5.pdf
5,model,14,16,0.42876239,8.03215003,band_5.pdf
5,model,14,17,0.43121308,8.28298041,band_5.pdf
5,model,14,18,0.43121308,8.28298041,band_5.pdf
10,DFT,0,0,0.00000000,-8.50769996,band_10.pdf
10,DFT,0,1,0.00804834,-8.48509993,band_10.pdf
10,DFT,0,2,0.01606884,-8.41769996,band_10.pdf
10,DFT,0,3,0.02411719,-8.30599997,band_10.pdf
10,DFT,0,4,0.03216554,-8.15109996,band_10.pdf
10,DFT,0,5,0.04018603,-7.95449998,band_10.pdf
10,DFT,0,6,0.04823438,-7.71859997,band_10.pdf
10,DFT,0,7,0.05628272,-7.44629997,band_10.pdf
10,DFT,0,8,0.06430322,-7.14119998,band_10.pdf
10,DFT,0,9,0.07235157,-6.80849996,band_10.pdf
10,DFT,0,10,0.08842041,-6.08909996,band_10.pdf
10,DFT,0,11,0.10451710,-5.36899995,band_10.pdf
10,DFT,0,12,0.11253760,-5.04529994,band_10.pdf
10,DFT,0,13,0.12058594,-4.76800000,band_10.pdf
10,DFT,0,14,0.12863429,-4.55019996,band_10.pdf
10,DFT,0,15,0.13665478,-4.39800000,band_10.pdf
10,DFT,0,16,0.14470313,-4.31039996,band_10.pdf
10,DFT,0,17,0.15275148,-4.27840000,band_10.pdf
10,DFT,0,18,0.16079982,-4.29120000,band_10.pdf
10,DFT,0,19,0.16882032,-4.33699999,band_10.pdf
10,DFT,0,20,0.17686866,-4.40470000,band_10.pdf
10,DFT,0,21,0.20903420,-4.72509995,band_10.pdf
10,DFT,0,22,0.21705470,-4.78769995,band_10.pdf
10,DFT,0,23,0.22510304,-4.83450000,band_10.pdf
10,DFT,0,24,0.23315139,-4.86279997,band_10.pdf
10,DFT,0,25,0.24117188,-4.87239998,band_10.pdf
10,DFT,0,26,0.24685307,-4.86759995,band_10.pdf
10,DFT,0,27,0.25256210,-4.85309995,band_10.pdf
10,DFT,0,28,0.25824329,-4.82979997,band_10.pdf
10,DFT,0,29,0.26392447,-4.79779996,band_10.pdf
10,DFT,0,30,0.27528684,-4.71100000,band_10.pdf
10,DFT,0,31,0.28664922,-4.60159996,band_10.pdf
10,DFT,0,32,0.30372062,-4.42650000,band_10.pdf
10,DFT,0,33,0.30940180,-4.37549999,band_10.pdf
10,DFT,0,34,0.31508299,-4.33359999,band_10.pdf
10,DFT,0,35,0.32076417,-4.30419995,band_10.pdf
10,DFT,0,36,0.32644536,-4.29029996,band_10.pdf
10,DFT,0,37,0.33212655,-4.29419996,band_10.pdf
10,DFT,0,38,0.33780773,-4.31649995,band_10.pdf
10,DFT,0,39,0.34348892,-4.35629997,band_10.pdf
10,DFT,0,40,0.34919795,-4.41089995,band_10.pdf
10,DFT,0,41,0.36056032,-4.55000000,band_10.pdf
10,DFT,0,42,0.37760388,-4.77239999,band_10.pdf
10,DFT,0,43,0.38328506,-4.83679994,band_10.pdf
10,DFT,0,44,0.38896625,-4.89219995,band_10.pdf
10,DFT,0,45,0.39467528,-4.93689995,band_10.pdf
10,DFT,0,46,0.40035647,-4.96969999,band_10.pdf
10,DFT,0,47,0.40603765,-4.98969997,band_10.pdf
10,DFT,0,48,0.41171884,-4.99649998,band_10.pdf
10,DFT,0,49,0.42876239,-5.00049999,band_10.pdf
10,DFT,0,50,0.44015261,-5.01949999,band_10.pdf
10,DFT,0,51,0.44583380,-5.04190000,band_10.pdf
10,DFT,0,52,0.45151498,-5.07849997,band_10.pdf
10,DFT,0,53,0.45719617,-5.13449998,band_10.pdf
10,DFT,0,54,0.46287735,-5.21559998,band_10.pdf
10,DFT,0,55,0.46855854,-5.32609996,band_10.pdf
10,DFT,0,56,0.47423972,-5.46849995,band_10.pdf
10,DFT,0,57,0.47992091,-5.64179995,band_10.pdf
10,DFT,0,58,0.48562994,-5.84139996,band_10.pdf
10,DFT,0,59,0.49699231,-6.29279999,band_10.pdf
10,DFT,0,60,0.51403587,-6.99929999,band_10.pdf
10,DFT,0,61,0.52539824,-7.43189998,band_10.pdf
10,DFT,0,62,0.53110727,-7.62729995,band_10.pdf
10,DFT,0,63,0.53678846,-7.80599994,band_10.pdf
10,DFT,0,64,0.54246965,-7.96649994,band_10.pdf
10,DFT,0,65,0.54815083,-8.10769998,band_10.pdf
10,DFT,0,66,0.55383202,-8.22859994,band_10.pdf
10,DFT,0,67,0.55951320,-8.32839997,band_10.pdf
10,DFT,0,68,0.56519439,-8.40649995,band_10.pdf
10,DFT,0,69,0.57087557,-8.46259998,band_10.pdf
10,DFT,0,70,0.57658460,-8.49639994,band_10.pdf
10,DFT,0,71,0.58226579,-8.50769996,band_10.pdf
10,DFT,0,72,0.58922803,-8.49079994,band_10.pdf
10,DFT,0,73,0.59619027,-8.44019997,band_10.pdf
10,DFT,0,74,0.60315250,-8.35619996,band_10.pdf
10,DFT,0,75,0.61011474,-8.23969993,band_10.pdf
10,DFT,0,76,0.61707697,-8.09119995,band_10.pdf
10,DFT,0,77,0.62403921,-7.91229995,band_10.pdf
10,DFT,0,78,0.63100145,-7.70439995,band_10.pdf
10,DFT,0,79,0.63796368,-7.46929997,band_10.pdf
10,DFT,0,80,0.64492592,-7.20929997,band_10.pdf
10,DFT,0,81,0.65188816,-6.92699996,band_10.pdf
10,DFT,0,82,0.66581263,-6.30779998,band_10.pdf
10,DFT,0,83,0.70062382,-4.65649997,band_10.pdf
10,DFT,0,84,0.70758605,-4.35619996,band_10.pdf
10,DFT,0,85,0.71454829,-4.08149999,band_10.pdf
10,DFT,0,86,0.72151053,-3.83809996,band_10.pdf
10,DFT,0,87,0.72847276,-3.63170001,band_10.pdf
10,DFT,0,88,0.73543500,-3.53100000,band_10.pdf
10,DFT,0,89,0.74239724,-3.53839995,band_10.pdf
10,DFT,0,90,0.74935947,-3.53739996,band_10.pdf
10,DFT,0,91,0.75632171,-3.52859998,band_10.pdf
10,DFT,0,92,0.76328395,-3.51189999,band_10.pdf
10,DFT,0,93,0.77720842,-3.45809997,band_10.pdf
10,DFT,0,94,0.79113290,-3.38910001,band_10.pdf
10,DFT,0,95,0.79809513,-3.46379998,band_10.pdf
10,DFT,0,96,0.81201961,-3.63589998,band_10.pdf
10,DFT,0,97,0.81898184,-3.71349997,band_10.pdf
10,DFT,0,98,0.82594408,-3.77920000,band_10.pdf
10,DFT,0,99,0.83290632,-3.82909996,band_10.pdf
10,DFT,0,100,0.83986855,-3.85979995,band_10.pdf
10,DFT,0,101,0.84683079,-3.86860000,band_10.pdf
10,DFT,0,102,0.85379303,-3.85329997,band_10.pdf
10,DFT,0,103,0.86075526,-3.81229995,band_10.pdf
10,DFT,0,104,0.86771750,-3.74449999,band_10.pdf
10,DFT,0,105,0.87467974,-3.64969996,band_10.pdf
10,DFT,0,106,0.88164197,-3.52930000,band_10.pdf
10,DFT,0,107,0.88860421,-3.55589997,band_10.pdf
10,DFT,0,108,0.90252868,-3.76889997,band_10.pdf
10,DFT,0,109,0.93733987,-4.34079998,band_10.pdf
10,DFT,0,110,0.95126434,-4.53819999,band_10.pdf
10,DFT,0,111,0.95822658,-4.62309998,band_10.pdf
10,DFT,0,112,0.96518881,-4.69709995,band_10.pdf
10,DFT,0,113,0.97215105,-4.75899999,band_10.pdf
10,DFT,0,114,0.97911329,-4.80809998,band_10.pdf
10,DFT,0,115,0.98607553,-4.84369996,band_10.pdf
10,DFT,0,116,0.99303776,-4.86519999,band_10.pdf
10,DFT,0,117,1.00000000,-4.87239998,band_10.pdf
10,DFT,1,0,0.00000000,-8.35509996,band_10.pdf
10,DFT,1,1,0.00804834,-8.33239998,band_10.pdf
10,DFT,1,2,0.01606884,-8.26459996,band_10.pdf
10,DFT,1,3,0.02411719,-8.15209995,band_10.pdf
10,DFT,1,4,0.03216554,-7.99589998,band_10.pdf
10,DFT,1,5,0.04018603,-7.79719995,band_10.pdf
10,DFT,1,6,0.04823438,-7.55779994,band_10.pdf
10,DFT,1,7,0.05628272,-7.27999994,band_10.pdf
10,DFT,1,8,0.06430322,-6.96649994,band_10.pdf
10,DFT,1,9,0.07235157,-6.62059996,band_10.pdf
10,DFT,1,10,0.08039991,-6.24689998,band_10.pdf
10,DFT,1,11,0.09646875,-5.43839996,band_10.pdf
10,DFT,1,12,0.11253760,-4.60179998,band_10.pdf
10,DFT,1,13,0.12058594,-4.20029996,band_10.pdf
10,DFT,1,14,0.12863429,-3.82809997,band_10.pdf
10,DFT,1,15,0.13665478,-3.49959999,band_10.pdf
10,DFT,1,16,0.14470313,-3.65889999,band_10.pdf
10,DFT,1,17,0.16079982,-3.99819999,band_10.pdf
10,DFT,1,18,0.16882032,-4.15329996,band_10.pdf
10,DFT,1,19,0.17686866,-4.29639996,band_10.pdf
10,DFT,1,20,0.18491701,-4.42609996,band_10.pdf
10,DFT,1,21,0.19293751,-4.54110000,band_10.pdf
10,DFT,1,22,0.20098585,-4.64029997,band_10.pdf
10,DFT,1,23,0.20903420,-4.72269999,band_10.pdf
10,DFT,1,24,0.21705470,-4.78700000,band_10.pdf
10,DFT,1,25,0.22510304,-4.83359996,band_10.pdf
10,DFT,1,26,0.23315139,-4.86239999,band_10.pdf
10,DFT,1,27,0.24117188,-4.87199994,band_10.pdf
10,DFT,1,28,0.24685307,-4.86719997,band_10.pdf
10,DFT,1,29,0.25256210,-4.85289999,band_10.pdf
10,DFT,1,30,0.25824329,-4.82859996,band_10.pdf
10,DFT,1,31,0.26392447,-4.79459997,band_10.pdf
10,DFT,1,32,0.26960566,-4.75079995,band_10.pdf
10,DFT,1,33,0.27528684,-4.69739998,band_10.pdf
10,DFT,1,34,0.28096803,-4.63419998,band_10.pdf
10,DFT,1,35,0.28664922,-4.56120000,band_10.pdf
10,DFT,1,36,0.29233040,-4.47859995,band_10.pdf
10,DFT,1,37,0.29801159,-4.38629995,band_10.pdf
10,DFT,1,38,0.30372062,-4.28429998,band_10.pdf
10,DFT,1,39,0.30940180,-4.17270000,band_10.pdf
10,DFT,1,40,0.32076417,-3.92089997,band_10.pdf
10,DFT,1,41,0.33212655,-3.63129996,band_10.pdf
10,DFT,1,42,0.34348892,-3.30520000,band_10.pdf
10,DFT,1,43,0.35487914,-2.94399999,band_10.pdf
10,DFT,1,44,0.36056032,-3.03920001,band_10.pdf
10,DFT,1,45,0.37192269,-3.25089999,band_10.pdf
10,DFT,1,46,0.37760388,-3.34550001,band_10.pdf
10,DFT,1,47,0.38328506,-3.42930000,band_10.pdf
10,DFT,1,48,0.38896625,-3.50019999,band_10.pdf
10,DFT,1,49,0.39467528,-3.55680001,band_10.pdf
10,DFT,1,50,0.40035647,-3.59799999,band_10.pdf
10,DFT,1,51,0.40603765,-3.62289996,band_10.pdf
10,DFT,1,52,0.41740002,-3.63879999,band_10.pdf
10,DFT,1,53,0.42308121,-3.66199996,band_10.pdf
10,DFT,1,54,0.42876239,-3.70289997,band_10.pdf
10,DFT,1,55,0.43444358,-3.76429996,band_10.pdf
10,DFT,1,56,0.44015261,-3.84969995,band_10.pdf
10,DFT,1,57,0.44583380,-3.96289998,band_10.pdf
10,DFT,1,58,0.45151498,-4.10620000,band_10.pdf
10,DFT,1,59,0.45719617,-4.28039998,band_10.pdf
10,DFT,1,60,0.46287735,-4.48379997,band_10.pdf
10,DFT,1,61,0.46855854,-4.71259999,band_10.pdf
10,DFT,1,62,0.47992091,-5.22439997,band_10.pdf
10,DFT,1,63,0.50835468,-6.56629995,band_10.pdf
10,DFT,1,64,0.51971705,-7.04569999,band_10.pdf
10,DFT,1,65,0.52539824,-7.26319993,band_10.pdf
10,DFT,1,66,0.53110727,-7.46369997,band_10.pdf
10,DFT,1,67,0.53678846,-7.64599998,band_10.pdf
10,DFT,1,68,0.54246965,-7.80899996,band_10.pdf
10,DFT,1,69,0.54815083,-7.95199995,band_10.pdf
10,DFT,1,70,0.55383202,-8.07399996,band_10.pdf
10,DFT,1,71,0.55951320,-8.17459996,band_10.pdf
10,DFT,1,72,0.56519439,-8.25329995,band_10.pdf
10,DFT,1,73,0.57087557,-8.30979995,band_10.pdf
10,DFT,1,74,0.57658460,-8.34379994,band_10.pdf
10,DFT,1,75,0.58226579,-8.35509996,band_10.pdf
10,DFT,1,76,0.58922803,-8.33809993,band_10.pdf
10,DFT,1,77,0.59619027,-8.28719993,band_10.pdf
10,DFT,1,78,0.60315250,-8.20269998,band_10.pdf
10,DFT,1,79,0.61011474,-8.08519997,band_10.pdf
10,DFT,1,80,0.61707697,-7.93539997,band_10.pdf
10,DFT,1,81,0.62403921,-7.75429997,band_10.pdf
10,DFT,1,82,0.63100145,-7.54319993,band_10.pdf
10,DFT,1,83,0.63796368,-7.30359995,band_10.pdf
10,DFT,1,84,0.64492592,-7.03709996,band_10.pdf
10,DFT,1,85,0.65188816,-6.74559993,band_10.pdf
10,DFT,1,86,0.65885040,-6.43139999,band_10.pdf
10,DFT,1,87,0.67277487,-5.74579995,band_10.pdf
10,DFT,1,88,0.68669934,-5.00589997,band_10.pdf
10,DFT,1,89,0.70758605,-3.87119997,band_10.pdf
10,DFT,1,90,0.71454829,-3.50980000,band_10.pdf
10,DFT,1,91,0.72151053,-3.48439998,band_10.pdf
10,DFT,1,92,0.72847276,-3.51169997,band_10.pdf
10,DFT,1,93,0.73543500,-3.52880000,band_10.pdf
10,DFT,1,94,0.74239724,-3.53749998,band_10.pdf
10,DFT,1,95,0.74935947,-3.53720000,band_10.pdf
10,DFT,1,96,0.75632171,-3.52719995,band_10.pdf
10,DFT,1,97,0.76328395,-3.50879996,band_10.pdf
10,DFT,1,98,0.77720842,-3.45099999,band_10.pdf
10,DFT,1,99,0.81201961,-3.26869998,band_10.pdf
10,DFT,1,100,0.81898184,-3.23629998,band_10.pdf
10,DFT,1,101,0.82594408,-3.21080001,band_10.pdf
10,DFT,1,102,0.83290632,-3.19450000,band_10.pdf
10,DFT,1,103,0.83986855,-3.18939999,band_10.pdf
10,DFT,1,104,0.84683079,-3.19749996,band_10.pdf
10,DFT,1,105,0.85379303,-3.21999998,band_10.pdf
10,DFT,1,106,0.86075526,-3.25799997,band_10.pdf
10,DFT,1,107,0.86771750,-3.31140001,band_10.pdf
10,DFT,1,108,0.87467974,-3.37950000,band_10.pdf
10,DFT,1,109,0.88860421,-3.53389995,band_10.pdf
10,DFT,1,110,0.90252868,-3.75329998,band_10.pdf
10,DFT,1,111,0.93733987,-4.33599995,band_10.pdf
10,DFT,1,112,0.94430211,-4.43999995,band_10.pdf
10,DFT,1,113,0.95126434,-4.53559995,band_10.pdf
10,DFT,1,114,0.95822658,-4.62129997,band_10.pdf
10,DFT,1,115,0.96518881,-4.69579999,band_10.pdf
10,DFT,1,116,0.97215105,-4.75819997,band_10.pdf
10,DFT,1,117,0.97911329,-4.80749998,band_10.pdf
10,DFT,1,118,0.98607553,-4.84319997,band_10.pdf
10,DFT,1,119,0.99303776,-4.86479995,band_10.pdf
10,DFT,1,120,1.00000000,-4.87199994,band_10.pdf
10,DFT,2,0,0.00000000,-2.53119996,band_10.pdf
10,DFT,2,1,0.01606884,-2.52199999,band_10.pdf
10,DFT,2,2,0.05628272,-2.48559998,band_10.pdf
10,DFT,2,3,0.06430322,-2.46929997,band_10.pdf
10,DFT,2,4,0.07235157,-2.44599999,band_10.pdf
10,DFT,2,5,0.08039991,-2.41519999,band_10.pdf
10,DFT,2,6,0.08842041,-2.39800000,band_10.pdf
10,DFT,2,7,0.09646875,-2.54969997,band_10.pdf
10,DFT,2,8,0.11253760,-2.91680001,band_10.pdf
10,DFT,2,9,0.13665478,-3.47819997,band_10.pdf
10,DFT,2,10,0.14470313,-3.22810000,band_10.pdf
10,DFT,2,11,0.15275148,-3.02049998,band_10.pdf
10,DFT,2,12,0.16079982,-2.87829996,band_10.pdf
10,DFT,2,13,0.16882032,-2.79579998,band_10.pdf
10,DFT,2,14,0.17686866,-2.76240000,band_10.pdf
10,DFT,2,15,0.18491701,-2.76559998,band_10.pdf
10,DFT,2,16,0.19293751,-2.79359999,band_10.pdf
10,DFT,2,17,0.22510304,-2.95810000,band_10.pdf
10,DFT,2,18,0.23315139,-2.98029999,band_10.pdf
10,DFT,2,19,0.24117188,-2.98830000,band_10.pdf
10,DFT,2,20,0.24685307,-2.98339996,band_10.pdf
10,DFT,2,21,0.25256210,-2.97049995,band_10.pdf
10,DFT,2,22,0.25824329,-2.94889998,band_10.pdf
10,DFT,2,23,0.26392447,-2.91859996,band_10.pdf
10,DFT,2,24,0.26960566,-2.87969999,band_10.pdf
10,DFT,2,25,0.27528684,-2.83219999,band_10.pdf
10,DFT,2,26,0.28096803,-2.77590001,band_10.pdf
10,DFT,2,27,0.29233040,-2.64400001,band_10.pdf
10,DFT,2,28,0.29801159,-2.58949998,band_10.pdf
10,DFT,2,29,0.30372062,-2.54259998,band_10.pdf
10,DFT,2,30,0.30940180,-2.50760001,band_10.pdf
10,DFT,2,31,0.31508299,-2.48899999,band_10.pdf
10,DFT,2,32,0.32076417,-2.49080000,band_10.pdf
10,DFT,2,33,0.32644536,-2.51540000,band_10.pdf
10,DFT,2,34,0.33212655,-2.56350001,band_10.pdf
10,DFT,2,35,0.33780773,-2.63309998,band_10.pdf
10,DFT,2,36,0.34348892,-2.72069996,band_10.pdf
10,DFT,2,37,0.35487914,-2.92879998,band_10.pdf
10,DFT,2,38,0.36056032,-2.98959996,band_10.pdf
10,DFT,2,39,0.36624151,-3.09959995,band_10.pdf
10,DFT,2,40,0.37192269,-3.19790000,band_10.pdf
10,DFT,2,41,0.37760388,-3.28400000,band_10.pdf
10,DFT,2,42,0.38328506,-3.35759998,band_10.pdf
10,DFT,2,43,0.38896625,-3.41829996,band_10.pdf
10,DFT,2,44,0.39467528,-3.46579996,band_10.pdf
10,DFT,2,45,0.40035647,-3.49979995,band_10.pdf
10,DFT,2,46,0.40603765,-3.52029999,band_10.pdf
10,DFT,2,47,0.41171884,-3.52719995,band_10.pdf
10,DFT,2,48,0.42308121,-3.51669996,band_10.pdf
10,DFT,2,49,0.43444358,-3.48570000,band_10.pdf
10,DFT,2,50,0.44583380,-3.43519997,band_10.pdf
10,DFT,2,51,0.45719617,-3.36709998,band_10.pdf
10,DFT,2,52,0.46855854,-3.28389999,band_10.pdf
10,DFT,2,53,0.48562994,-3.13799999,band_10.pdf
10,DFT,2,54,0.53110727,-2.72629996,band_10.pdf
10,DFT,2,55,0.54246965,-2.64369998,band_10.pdf
10,DFT,2,56,0.55383202,-2.57899999,band_10.pdf
10,DFT,2,57,0.55951320,-2.55510000,band_10.pdf
10,DFT,2,58,0.56519439,-2.53830000,band_10.pdf
10,DFT,2,59,0.57087557,-2.53039999,band_10.pdf
10,DFT,2,60,0.59619027,-2.53539999,band_10.pdf
10,DFT,2,61,0.60315250,-2.54869998,band_10.pdf
10,DFT,2,62,0.61011474,-2.56989997,band_10.pdf
10,DFT,2,63,0.61707697,-2.59879996,band_10.pdf
10,DFT,2,64,0.62403921,-2.63569996,band_10.pdf
10,DFT,2,65,0.63100145,-2.68080000,band_10.pdf
10,DFT,2,66,0.63796368,-2.73379999,band_10.pdf
10,DFT,2,67,0.65188816,-2.85999997,band_10.pdf
10,DFT,2,68,0.67277487,-3.07770000,band_10.pdf
10,DFT,2,69,0.68669934,-3.22179999,band_10.pdf
10,DFT,2,70,0.70062382,-3.34899996,band_10.pdf
10,DFT,2,71,0.70758605,-3.40239999,band_10.pdf
10,DFT,2,72,0.71454829,-3.44739996,band_10.pdf
10,DFT,2,73,0.72151053,-3.48159998,band_10.pdf
10,DFT,2,74,0.72847276,-3.50889997,band_10.pdf
10,DFT,2,75,0.73543500,-3.46079996,band_10.pdf
10,DFT,2,76,0.74239724,-3.33449997,band_10.pdf
10,DFT,2,77,0.74935947,-3.24710000,band_10.pdf
10,DFT,2,78,0.75632171,-3.19779999,band_10.pdf
10,DFT,2,79,0.76328395,-3.18319998,band_10.pdf
10,DFT,2,80,0.77024618,-3.19900000,band_10.pdf
10,DFT,2,81,0.77720842,-3.24019998,band_10.pdf
10,DFT,2,82,0.79113290,-3.36759998,band_10.pdf
10,DFT,2,83,0.82594408,-3.18209999,band_10.pdf
10,DFT,2,84,0.83290632,-3.16320000,band_10.pdf
10,DFT,2,85,0.83986855,-3.15619997,band_10.pdf
10,DFT,2,86,0.84683079,-3.16330001,band_10.pdf
10,DFT,2,87,0.85379303,-3.18589997,band_10.pdf
10,DFT,2,88,0.86075526,-3.22489996,band_10.pdf
10,DFT,2,89,0.86771750,-3.28029997,band_10.pdf
10,DFT,2,90,0.87467974,-3.35110001,band_10.pdf
10,DFT,2,91,0.88164197,-3.43540000,band_10.pdf
10,DFT,2,92,0.88860421,-3.37709998,band_10.pdf
10,DFT,2,93,0.89556645,-3.20389999,band_10.pdf
10,DFT,2,94,0.90252868,-3.00659999,band_10.pdf
10,DFT,2,95,0.90949092,-2.78829996,band_10.pdf
10,DFT,2,96,0.92341540,-2.31200001,band_10.pdf
10,DFT,2,97,0.93037763,-2.37199997,band_10.pdf
10,DFT,2,98,0.94430211,-2.57020001,band_10.pdf
10,DFT,2,99,0.95126434,-2.66080001,band_10.pdf
10,DFT,2,100,0.95822658,-2.74290000,band_10.pdf
10,DFT,2,101,0.96518881,-2.81519996,band_10.pdf
10,DFT,2,102,0.97215105,-2.87609996,band_10.pdf
10,DFT,2,103,0.97911329,-2.92460001,band_10.pdf
10,DFT,2,104,0.98607553,-2.95980000,band_10.pdf
10,DFT,2,105,0.99303776,-2.98119996,band_10.pdf
10,DFT,2,106,1.00000000,-2.98830000,band_10.pdf
10,DFT,3,0,0.00000000,-2.50489996,band_10.pdf
10,DFT,3,1,0.04018603,-2.50189999,band_10.pdf
10,DFT,3,2,0.05628272,-2.48549997,band_10.pdf
10,DFT,3,3,0.06430322,-2.46859996,band_10.pdf
10,DFT,3,4,0.07235157,-2.44429999,band_10.pdf
10,DFT,3,5,0.08039991,-2.41140000,band_10.pdf
10,DFT,3,6,0.08842041,-2.36850001,band_10.pdf
10,DFT,3,7,0.09646875,-2.31439997,band_10.pdf
10,DFT,3,8,0.10451710,-2.24820000,band_10.pdf
10,DFT,3,9,0.11253760,-2.16899996,band_10.pdf
10,DFT,3,10,0.12058594,-2.07649999,band_10.pdf
10,DFT,3,11,0.12863429,-1.97050001,band_10.pdf
10,DFT,3,12,0.13665478,-1.85149996,band_10.pdf
10,DFT,3,13,0.14470313,-1.72129996,band_10.pdf
10,DFT,3,14,0.15275148,-1.71809998,band_10.pdf
10,DFT,3,15,0.16882032,-2.11049998,band_10.pdf
10,DFT,3,16,0.17686866,-2.28649997,band_10.pdf
10,DFT,3,17,0.18491701,-2.44550000,band_10.pdf
10,DFT,3,18,0.19293751,-2.58599996,band_10.pdf
10,DFT,3,19,0.20098585,-2.70689998,band_10.pdf
10,DFT,3,20,0.20903420,-2.80709999,band_10.pdf
10,DFT,3,21,0.21705470,-2.88589999,band_10.pdf
10,DFT,3,22,0.22510304,-2.94259996,band_10.pdf
10,DFT,3,23,0.23315139,-2.97669996,band_10.pdf
10,DFT,3,24,0.24117188,-2.98770000,band_10.pdf
10,DFT,3,25,0.24685307,-2.98309999,band_10.pdf
10,DFT,3,26,0.25256210,-2.96749999,band_10.pdf
10,DFT,3,27,0.25824329,-2.94199995,band_10.pdf
10,DFT,3,28,0.26392447,-2.90720000,band_10.pdf
10,DFT,3,29,0.27528684,-2.81440000,band_10.pdf
10,DFT,3,30,0.28664922,-2.70160001,band_10.pdf
10,DFT,3,31,0.29233040,-2.63679995,band_10.pdf
10,DFT,3,32,0.29801159,-2.55439999,band_10.pdf
10,DFT,3,33,0.30372062,-2.46309997,band_10.pdf
10,DFT,3,34,0.31508299,-2.25430000,band_10.pdf
10,DFT,3,35,0.32076417,-2.13760001,band_10.pdf
10,DFT,3,36,0.32644536,-2.13030001,band_10.pdf
10,DFT,3,37,0.33780773,-2.44849996,band_10.pdf
10,DFT,3,38,0.34919795,-2.73780000,band_10.pdf
10,DFT,3,39,0.35487914,-2.86879996,band_10.pdf
10,DFT,3,40,0.36056032,-2.75109998,band_10.pdf
10,DFT,3,41,0.37192269,-2.34459997,band_10.pdf
10,DFT,3,42,0.38896625,-1.70990000,band_10.pdf
10,DFT,3,43,0.39467528,-1.57300001,band_10.pdf
10,DFT,3,44,0.40603765,-1.61789997,band_10.pdf
10,DFT,3,45,0.41171884,-1.62479999,band_10.pdf
10,DFT,3,46,0.42308121,-1.61289997,band_10.pdf
10,DFT,3,47,0.43444358,-1.57829998,band_10.pdf
10,DFT,3,48,0.44583380,-1.52890001,band_10.pdf
10,DFT,3,49,0.45151498,-1.55219999,band_10.pdf
10,DFT,3,50,0.45719617,-1.73740001,band_10.pdf
10,DFT,3,51,0.46287735,-1.95889997,band_10.pdf
10,DFT,3,52,0.46855854,-2.16160001,band_10.pdf
10,DFT,3,53,0.47423972,-2.32810000,band_10.pdf
10,DFT,3,54,0.47992091,-2.45400001,band_10.pdf
10,DFT,3,55,0.48562994,-2.54089998,band_10.pdf
10,DFT,3,56,0.49131113,-2.59399998,band_10.pdf
10,DFT,3,57,0.49699231,-2.62039999,band_10.pdf
10,DFT,3,58,0.50267350,-2.62709999,band_10.pdf
10,DFT,3,59,0.50835468,-2.62039999,band_10.pdf
10,DFT,3,60,0.51971705,-2.58729998,band_10.pdf
10,DFT,3,61,0.53678846,-2.53649999,band_10.pdf
10,DFT,3,62,0.54815083,-2.51699999,band_10.pdf
10,DFT,3,63,0.56519439,-2.50629999,band_10.pdf
10,DFT,3,64,0.59619027,-2.50559997,band_10.pdf
10,DFT,3,65,0.60315250,-2.51899997,band_10.pdf
10,DFT,3,66,0.61011474,-2.54199998,band_10.pdf
10,DFT,3,67,0.61707697,-2.57369996,band_10.pdf
10,DFT,3,68,0.62403921,-2.61380001,band_10.pdf
10,DFT,3,69,0.63100145,-2.66229999,band_10.pdf
10,DFT,3,70,0.64492592,-2.78210001,band_10.pdf
10,DFT,3,71,0.65885040,-2.92439999,band_10.pdf
10,DFT,3,72,0.68669934,-3.22069999,band_10.pdf
10,DFT,3,73,0.70062382,-3.34669996,band_10.pdf
10,DFT,3,74,0.70758605,-3.39979996,band_10.pdf
10,DFT,3,75,0.71454829,-3.44500001,band_10.pdf
10,DFT,3,76,0.72151053,-3.16699999,band_10.pdf
10,DFT,3,77,0.72847276,-2.85199995,band_10.pdf
10,DFT,3,78,0.73543500,-2.57089996,band_10.pdf
10,DFT,3,79,0.74239724,-2.32949997,band_10.pdf
10,DFT,3,80,0.74935947,-2.13250000,band_10.pdf
10,DFT,3,81,0.75632171,-1.98210000,band_10.pdf
10,DFT,3,82,0.76328395,-1.88619997,band_10.pdf
10,DFT,3,83,0.77024618,-1.88479999,band_10.pdf
10,DFT,3,84,0.78417066,-1.86229998,band_10.pdf
10,DFT,3,85,0.79113290,-1.84420002,band_10.pdf
10,DFT,3,86,0.79809513,-1.89359998,band_10.pdf
10,DFT,3,87,0.82594408,-2.14210001,band_10.pdf
10,DFT,3,88,0.83290632,-2.18209999,band_10.pdf
10,DFT,3,89,0.83986855,-2.20329998,band_10.pdf
10,DFT,3,90,0.84683079,-2.20209997,band_10.pdf
10,DFT,3,91,0.85379303,-2.17569996,band_10.pdf
10,DFT,3,92,0.86075526,-2.12200002,band_10.pdf
10,DFT,3,93,0.86771750,-2.03939997,band_10.pdf
10,DFT,3,94,0.87467974,-1.92719999,band_10.pdf
10,DFT,3,95,0.88164197,-1.78629998,band_10.pdf
10,DFT,3,96,0.88860421,-1.81440000,band_10.pdf
10,DFT,3,97,0.89556645,-1.88789997,band_10.pdf
10,DFT,3,98,0.90252868,-1.97260000,band_10.pdf
10,DFT,3,99,0.91645316,-2.16529998,band_10.pdf
10,DFT,3,100,0.94430211,-2.56860001,band_10.pdf
10,DFT,3,101,0.95126434,-2.65960000,band_10.pdf
10,DFT,3,102,0.95822658,-2.74199997,band_10.pdf
10,DFT,3,103,0.96518881,-2.81440000,band_10.pdf
10,DFT,3,104,0.97215105,-2.87540001,band_10.pdf
10,DFT,3,105,0.97911329,-2.92389999,band_10.pdf
10,DFT,3,106,0.98607553,-2.95920000,band_10.pdf
10,DFT,3,107,0.99303776,-2.98059996,band_10.pdf
10,DFT,3,108,1.00000000,-2.98770000,band_10.pdf
10,DFT,4,0,0.00000000,-2.47249996,band_10.pdf
10,DFT,4,1,0.00804834,-2.46939999,band_10.pdf
10,DFT,4,2,0.01606884,-2.45829999,band_10.pdf
10,DFT,4,3,0.02411719,-2.43509996,band_10.pdf
10,DFT,4,4,0.03216554,-2.39800000,band_10.pdf
10,DFT,4,5,0.04018603,-2.34789996,band_10.pdf
10,DFT,4,6,0.04823438,-2.28620000,band_10.pdf
10,DFT,4,7,0.05628272,-2.21379997,band_10.pdf
10,DFT,4,8,0.06430322,-2.13169998,band_10.pdf
10,DFT,4,9,0.07235157,-2.04099996,band_10.pdf
10,DFT,4,10,0.08039991,-2.19690002,band_10.pdf
10,DFT,4,11,0.08842041,-2.33999996,band_10.pdf
10,DFT,4,12,0.09646875,-2.31080000,band_10.pdf
10,DFT,4,13,0.10451710,-2.24639999,band_10.pdf
10,DFT,4,14,0.11253760,-2.16759999,band_10.pdf
10,DFT,4,15,0.12058594,-2.07509996,band_10.pdf
10,DFT,4,16,0.12863429,-1.96880001,band_10.pdf
10,DFT,4,17,0.13665478,-1.84920001,band_10.pdf
10,DFT,4,18,0.14470313,-1.71699998,band_10.pdf
10,DFT,4,19,0.15275148,-1.57329998,band_10.pdf
10,DFT,4,20,0.16882032,-1.25950001,band_10.pdf
10,DFT,4,21,0.19293751,-0.76829997,band_10.pdf
10,DFT,4,22,0.20098585,-0.61689998,band_10.pdf
10,DFT,4,23,0.20903420,-0.48169999,band_10.pdf
10,DFT,4,24,0.21705470,-0.37000000,band_10.pdf
10,DFT,4,25,0.22510304,-0.28989998,band_10.pdf
10,DFT,4,26,0.23315139,-0.24579998,band_10.pdf
10,DFT,4,27,0.24117188,-0.23260001,band_10.pdf
10,DFT,4,28,0.24685307,-0.23969999,band_10.pdf
10,DFT,4,29,0.25256210,-0.26749997,band_10.pdf
10,DFT,4,30,0.25824329,-0.32469999,band_10.pdf
10,DFT,4,31,0.26392447,-0.40899998,band_10.pdf
10,DFT,4,32,0.26960566,-0.51579999,band_10.pdf
10,DFT,4,33,0.27528684,-0.64130002,band_10.pdf
10,DFT,4,34,0.28096803,-0.78220002,band_10.pdf
10,DFT,4,35,0.29233040,-1.09740001,band_10.pdf
10,DFT,4,36,0.30940180,-1.61339996,band_10.pdf
10,DFT,4,37,0.32076417,-1.95860000,band_10.pdf
10,DFT,4,38,0.32644536,-2.00790001,band_10.pdf
10,DFT,4,39,0.33780773,-1.73149998,band_10.pdf
10,DFT,4,40,0.34348892,-1.65049998,band_10.pdf
10,DFT,4,41,0.34919795,-1.64319998,band_10.pdf
10,DFT,4,42,0.35487914,-1.61930000,band_10.pdf
10,DFT,4,43,0.36056032,-1.58300000,band_10.pdf
10,DFT,4,44,0.37760388,-1.45749997,band_10.pdf
10,DFT,4,45,0.38328506,-1.46390000,band_10.pdf
10,DFT,4,46,0.38896625,-1.50829996,band_10.pdf
10,DFT,4,47,0.39467528,-1.48800000,band_10.pdf
10,DFT,4,48,0.40035647,-1.32619997,band_10.pdf
10,DFT,4,49,0.40603765,-1.26440000,band_10.pdf
10,DFT,4,50,0.41171884,-1.25579998,band_10.pdf
10,DFT,4,51,0.42308121,-1.26529998,band_10.pdf
10,DFT,4,52,0.42876239,-1.27800002,band_10.pdf
10,DFT,4,53,0.43444358,-1.29779999,band_10.pdf
10,DFT,4,54,0.44015261,-1.32899998,band_10.pdf
10,DFT,4,55,0.44583380,-1.38420002,band_10.pdf
10,DFT,4,56,0.45151498,-1.45419997,band_10.pdf
10,DFT,4,57,0.45719617,-1.43809999,band_10.pdf
10,DFT,4,58,0.46287735,-1.40899998,band_10.pdf
10,DFT,4,59,0.46855854,-1.39499998,band_10.pdf
10,DFT,4,60,0.47423972,-1.40320002,band_10.pdf
10,DFT,4,61,0.50267350,-1.49080000,band_10.pdf
10,DFT,4,62,0.50835468,-1.59409999,band_10.pdf
10,DFT,4,63,0.51971705,-1.83149997,band_10.pdf
10,DFT,4,64,0.53110727,-2.04140000,band_10.pdf
10,DFT,4,65,0.53678846,-2.13379996,band_10.pdf
10,DFT,4,66,0.54246965,-2.21679999,band_10.pdf
10,DFT,4,67,0.54815083,-2.28960001,band_10.pdf
10,DFT,4,68,0.55383202,-2.35160000,band_10.pdf
10,DFT,4,69,0.55951320,-2.40190000,band_10.pdf
10,DFT,4,70,0.56519439,-2.43909997,band_10.pdf
10,DFT,4,71,0.57087557,-2.46170000,band_10.pdf
10,DFT,4,72,0.57658460,-2.47070000,band_10.pdf
10,DFT,4,73,0.58922803,-2.46999999,band_10.pdf
10,DFT,4,74,0.59619027,-2.45099999,band_10.pdf
10,DFT,4,75,0.60315250,-2.40470000,band_10.pdf
10,DFT,4,76,0.61011474,-2.33490001,band_10.pdf
10,DFT,4,77,0.61707697,-2.24380001,band_10.pdf
10,DFT,4,78,0.62403921,-2.13250000,band_10.pdf
10,DFT,4,79,0.63100145,-2.00159999,band_10.pdf
10,DFT,4,80,0.63796368,-1.85140001,band_10.pdf
10,DFT,4,81,0.64492592,-1.68279997,band_10.pdf
10,DFT,4,82,0.65188816,-1.49860000,band_10.pdf
10,DFT,4,83,0.65885040,-1.38180000,band_10.pdf
10,DFT,4,84,0.67973711,-1.34959997,band_10.pdf
10,DFT,4,85,0.68669934,-1.35929999,band_10.pdf
10,DFT,4,86,0.69366158,-1.41289998,band_10.pdf
10,DFT,4,87,0.71454829,-1.63489999,band_10.pdf
10,DFT,4,88,0.72151053,-1.69809999,band_10.pdf
10,DFT,4,89,0.72847276,-1.75269998,band_10.pdf
10,DFT,4,90,0.73543500,-1.79809999,band_10.pdf
10,DFT,4,91,0.74239724,-1.83379998,band_10.pdf
10,DFT,4,92,0.74935947,-1.85999997,band_10.pdf
10,DFT,4,93,0.75632171,-1.87679998,band_10.pdf
10,DFT,4,94,0.77024618,-1.88220002,band_10.pdf
10,DFT,4,95,0.77720842,-1.87389996,band_10.pdf
10,DFT,4,96,0.79113290,-1.83809996,band_10.pdf
10,DFT,4,97,0.79809513,-1.81749997,band_10.pdf
10,DFT,4,98,0.83290632,-1.67920001,band_10.pdf
10,DFT,4,99,0.83986855,-1.65979996,band_10.pdf
10,DFT,4,100,0.84683079,-1.64769998,band_10.pdf
10,DFT,4,101,0.85379303,-1.64439999,band_10.pdf
10,DFT,4,102,0.86075526,-1.65219999,band_10.pdf
10,DFT,4,103,0.86771750,-1.67219997,band_10.pdf
10,DFT,4,104,0.87467974,-1.70559996,band_10.pdf
10,DFT,4,105,0.88860421,-1.80249998,band_10.pdf
10,DFT,4,106,0.89556645,-1.87749999,band_10.pdf
10,DFT,4,107,0.90252868,-1.96359999,band_10.pdf
10,DFT,4,108,0.92341540,-2.25179997,band_10.pdf
10,DFT,4,109,0.93037763,-2.03640001,band_10.pdf
10,DFT,4,110,0.95126434,-1.24660001,band_10.pdf
10,DFT,4,111,0.95822658,-1.00149998,band_10.pdf
10,DFT,4,112,0.96518881,-0.77750000,band_10.pdf
10,DFT,4,113,0.97215105,-0.58190000,band_10.pdf
10,DFT,4,114,0.97911329,-0.42229997,band_10.pdf
10,DFT,4,115,0.98607553,-0.30679999,band_10.pdf
10,DFT,4,116,0.99303776,-0.24610002,band_10.pdf
10,DFT,4,117,1.00000000,-0.23260001,band_10.pdf
10,DFT,5,0,0.00000000,-1.30630000,band_10.pdf
10,DFT,5,1,0.00804834,-1.31470000,band_10.pdf
10,DFT,5,2,0.01606884,-1.34330001,band_10.pdf
10,DFT,5,3,0.02411719,-1.39109998,band_10.pdf
10,DFT,5,4,0.03216554,-1.45759998,band_10.pdf
10,DFT,5,5,0.04018603,-1.54209999,band_10.pdf
10,DFT,5,6,0.04823438,-1.64379999,band_10.pdf
10,DFT,5,7,0.05628272,-1.76169998,band_10.pdf
10,DFT,5,8,0.06430322,-1.89440000,band_10.pdf
10,DFT,5,9,0.07235157,-2.04030001,band_10.pdf
10,DFT,5,10,0.08842041,-1.83769998,band_10.pdf
10,DFT,5,11,0.10451710,-1.61260000,band_10.pdf
10,DFT,5,12,0.12863429,-1.26359998,band_10.pdf
10,DFT,5,13,0.13665478,-1.28190002,band_10.pdf
10,DFT,5,14,0.14470313,-1.49439997,band_10.pdf
10,DFT,5,15,0.15275148,-1.56929997,band_10.pdf
10,DFT,5,16,0.16079982,-1.41959998,band_10.pdf
10,DFT,5,17,0.18491701,-0.92800001,band_10.pdf
10,DFT,5,18,0.19293751,-0.76619998,band_10.pdf
10,DFT,5,19,0.20098585,-0.61359998,band_10.pdf
10,DFT,5,20,0.20903420,-0.47640002,band_10.pdf
10,DFT,5,21,0.21705470,-0.36079997,band_10.pdf
10,DFT,5,22,0.22510304,-0.27290001,band_10.pdf
10,DFT,5,23,0.23315139,-0.21779998,band_10.pdf
10,DFT,5,24,0.24117188,-0.19900000,band_10.pdf
10,DFT,5,25,0.24685307,-0.20839999,band_10.pdf
10,DFT,5,26,0.25256210,-0.23660002,band_10.pdf
10,DFT,5,27,0.25824329,-0.28290001,band_10.pdf
10,DFT,5,28,0.26392447,-0.34680003,band_10.pdf
10,DFT,5,29,0.26960566,-0.42689998,band_10.pdf
10,DFT,5,30,0.27528684,-0.52170002,band_10.pdf
10,DFT,5,31,0.28096803,-0.62909997,band_10.pdf
10,DFT,5,32,0.29233040,-0.87129999,band_10.pdf
10,DFT,5,33,0.30940180,-1.25019998,band_10.pdf
10,DFT,5,34,0.31508299,-1.36340001,band_10.pdf
10,DFT,5,35,0.32076417,-1.46240001,band_10.pdf
10,DFT,5,36,0.32644536,-1.54280000,band_10.pdf
10,DFT,5,37,0.33212655,-1.60160002,band_10.pdf
10,DFT,5,38,0.33780773,-1.63730001,band_10.pdf
10,DFT,5,39,0.34348892,-1.58030001,band_10.pdf
10,DFT,5,40,0.35487914,-1.25359998,band_10.pdf
10,DFT,5,41,0.36056032,-1.07919998,band_10.pdf
10,DFT,5,42,0.36624151,-1.13949997,band_10.pdf
10,DFT,5,43,0.37192269,-1.24200000,band_10.pdf
10,DFT,5,44,0.37760388,-1.32100002,band_10.pdf
10,DFT,5,45,0.38328506,-1.34560002,band_10.pdf
10,DFT,5,46,0.38896625,-1.32079999,band_10.pdf
10,DFT,5,47,0.40035647,-1.25249998,band_10.pdf
10,DFT,5,48,0.40603765,-1.16359998,band_10.pdf
10,DFT,5,49,0.41171884,-1.11470001,band_10.pdf
10,DFT,5,50,0.42876239,-1.12350000,band_10.pdf
10,DFT,5,51,0.44015261,-1.13970000,band_10.pdf
10,DFT,5,52,0.44583380,-1.15359999,band_10.pdf
10,DFT,5,53,0.45151498,-1.18390000,band_10.pdf
10,DFT,5,54,0.45719617,-1.23770001,band_10.pdf
10,DFT,5,55,0.46287735,-1.27039998,band_10.pdf
10,DFT,5,56,0.46855854,-1.27099999,band_10.pdf
10,DFT,5,57,0.47992091,-1.21080001,band_10.pdf
10,DFT,5,58,0.49131113,-1.22279998,band_10.pdf
10,DFT,5,59,0.49699231,-1.33799998,band_10.pdf
10,DFT,5,60,0.50267350,-1.46769998,band_10.pdf
10,DFT,5,61,0.50835468,-1.49849999,band_10.pdf
10,DFT,5,62,0.51971705,-1.49629999,band_10.pdf
10,DFT,5,63,0.53110727,-1.47020001,band_10.pdf
10,DFT,5,64,0.54246965,-1.42600001,band_10.pdf
10,DFT,5,65,0.55951320,-1.35299997,band_10.pdf
10,DFT,5,66,0.57087557,-1.31870001,band_10.pdf
10,DFT,5,67,0.58226579,-1.30630000,band_10.pdf
10,DFT,5,68,0.59619027,-1.31480001,band_10.pdf
10,DFT,5,69,0.61707697,-1.35029998,band_10.pdf
10,DFT,5,70,0.63100145,-1.37340000,band_10.pdf
10,DFT,5,71,0.64492592,-1.38300001,band_10.pdf
10,DFT,5,72,0.65188816,-1.37989998,band_10.pdf
10,DFT,5,73,0.65885040,-1.35050000,band_10.pdf
10,DFT,5,74,0.67973711,-1.30300000,band_10.pdf
10,DFT,5,75,0.68669934,-1.31519999,band_10.pdf
10,DFT,5,76,0.69366158,-1.39219998,band_10.pdf
10,DFT,5,77,0.70758605,-1.55709998,band_10.pdf
10,DFT,5,78,0.71454829,-1.62979998,band_10.pdf
10,DFT,5,79,0.72151053,-1.69420000,band_10.pdf
10,DFT,5,80,0.72847276,-1.74960000,band_10.pdf
10,DFT,5,81,0.73543500,-1.79529999,band_10.pdf
10,DFT,5,82,0.74239724,-1.83139996,band_10.pdf
10,DFT,5,83,0.74935947,-1.85769997,band_10.pdf
10,DFT,5,84,0.75632171,-1.87469999,band_10.pdf
10,DFT,5,85,0.76328395,-1.87609996,band_10.pdf
10,DFT,5,86,0.77024618,-1.81629996,band_10.pdf
10,DFT,5,87,0.77720842,-1.79380001,band_10.pdf
10,DFT,5,88,0.78417066,-1.80409997,band_10.pdf
10,DFT,5,89,0.79113290,-1.83759997,band_10.pdf
10,DFT,5,90,0.80505737,-1.78359999,band_10.pdf
10,DFT,5,91,0.83290632,-1.66719998,band_10.pdf
10,DFT,5,92,0.83986855,-1.64659999,band_10.pdf
10,DFT,5,93,0.84683079,-1.63349996,band_10.pdf
10,DFT,5,94,0.85379303,-1.62959996,band_10.pdf
10,DFT,5,95,0.86075526,-1.63709999,band_10.pdf
10,DFT,5,96,0.86771750,-1.65729999,band_10.pdf
10,DFT,5,97,0.87467974,-1.69119997,band_10.pdf
10,DFT,5,98,0.88164197,-1.73910001,band_10.pdf
10,DFT,5,99,0.88860421,-1.61239998,band_10.pdf
10,DFT,5,100,0.89556645,-1.41210001,band_10.pdf
10,DFT,5,101,0.90252868,-1.18529997,band_10.pdf
10,DFT,5,102,0.91645316,-0.70100001,band_10.pdf
10,DFT,5,103,0.92341540,-0.60660001,band_10.pdf
10,DFT,5,104,0.93733987,-0.49380002,band_10.pdf
10,DFT,5,105,0.95126434,-0.39360001,band_10.pdf
10,DFT,5,106,0.96518881,-0.31069999,band_10.pdf
10,DFT,5,107,0.97911329,-0.25060002,band_10.pdf
10,DFT,5,108,0.99303776,-0.20939998,band_10.pdf
10,DFT,5,109,1.00000000,-0.19900000,band_10.pdf
10,DFT,6,0,0.00000000,-1.29910001,band_10.pdf
10,DFT,6,1,0.00804834,-1.29649997,band_10.pdf
10,DFT,6,2,0.01606884,-1.28549999,band_10.pdf
10,DFT,6,3,0.02411719,-1.26680002,band_10.pdf
10,DFT,6,4,0.03216554,-1.24100001,band_10.pdf
10,DFT,6,5,0.04823438,-1.16929999,band_10.pdf
10,DFT,6,6,0.05628272,-1.12360001,band_10.pdf
10,DFT,6,7,0.06430322,-1.07050001,band_10.pdf
10,DFT,6,8,0.07235157,-1.00829999,band_10.pdf
10,DFT,6,9,0.08039991,-0.93379997,band_10.pdf
10,DFT,6,10,0.08842041,-0.84169999,band_10.pdf
10,DFT,6,11,0.09646875,-0.72379999,band_10.pdf
10,DFT,6,12,0.10451710,-0.56889999,band_10.pdf
10,DFT,6,13,0.11253760,-0.54589998,band_10.pdf
10,DFT,6,14,0.12863429,-1.01669999,band_10.pdf
10,DFT,6,15,0.13665478,-1.11279999,band_10.pdf
10,DFT,6,16,0.15275148,-0.89620002,band_10.pdf
10,DFT,6,17,0.16882032,-0.68470000,band_10.pdf
10,DFT,6,18,0.17686866,-0.58870001,band_10.pdf
10,DFT,6,19,0.18491701,-0.50090001,band_10.pdf
10,DFT,6,20,0.19293751,-0.42210001,band_10.pdf
10,DFT,6,21,0.20098585,-0.35330000,band_10.pdf
10,DFT,6,22,0.20903420,-0.29480002,band_10.pdf
10,DFT,6,23,0.21705470,-0.24610002,band_10.pdf
10,DFT,6,24,0.22510304,-0.20599997,band_10.pdf
10,DFT,6,25,0.23315139,-0.17539999,band_10.pdf
10,DFT,6,26,0.24117188,-0.16320000,band_10.pdf
10,DFT,6,27,0.26392447,-0.18170000,band_10.pdf
10,DFT,6,28,0.28096803,-0.16340002,band_10.pdf
10,DFT,6,29,0.30372062,-0.12140001,band_10.pdf
10,DFT,6,30,0.32644536,-0.06950002,band_10.pdf
10,DFT,6,31,0.33780773,-0.42469999,band_10.pdf
10,DFT,6,32,0.34919795,-0.74580001,band_10.pdf
10,DFT,6,33,0.35487914,-0.88969998,band_10.pdf
10,DFT,6,34,0.36056032,-1.02140002,band_10.pdf
10,DFT,6,35,0.36624151,-0.89840001,band_10.pdf
10,DFT,6,36,0.39467528,0.02910000,band_10.pdf
10,DFT,6,37,0.40035647,0.05359999,band_10.pdf
10,DFT,6,38,0.41171884,0.05710001,band_10.pdf
10,DFT,6,39,0.41740002,0.04849999,band_10.pdf
10,DFT,6,40,0.42308121,0.02240000,band_10.pdf
10,DFT,6,41,0.42876239,-0.12300000,band_10.pdf
10,DFT,6,42,0.43444358,-0.38039997,band_10.pdf
10,DFT,6,43,0.44583380,-0.91659999,band_10.pdf
10,DFT,6,44,0.45151498,-1.08929999,band_10.pdf
10,DFT,6,45,0.45719617,-1.14179998,band_10.pdf
10,DFT,6,46,0.46855854,-1.17290002,band_10.pdf
10,DFT,6,47,0.47423972,-1.18280000,band_10.pdf
10,DFT,6,48,0.47992091,-1.17599999,band_10.pdf
10,DFT,6,49,0.48562994,-1.12760002,band_10.pdf
10,DFT,6,50,0.49131113,-1.20640001,band_10.pdf
10,DFT,6,51,0.49699231,-1.23229998,band_10.pdf
10,DFT,6,52,0.52539824,-1.27139997,band_10.pdf
10,DFT,6,53,0.54815083,-1.28979997,band_10.pdf
10,DFT,6,54,0.57658460,-1.29889998,band_10.pdf
10,DFT,6,55,0.58922803,-1.30130000,band_10.pdf
10,DFT,6,56,0.60315250,-1.31650001,band_10.pdf
10,DFT,6,57,0.63100145,-1.35400002,band_10.pdf
10,DFT,6,58,0.64492592,-1.35539999,band_10.pdf
10,DFT,6,59,0.65188816,-1.34770000,band_10.pdf
10,DFT,6,60,0.65885040,-1.27280000,band_10.pdf
10,DFT,6,61,0.66581263,-1.07149999,band_10.pdf
10,DFT,6,62,0.67277487,-1.09809997,band_10.pdf
10,DFT,6,63,0.67973711,-1.18969996,band_10.pdf
10,DFT,6,64,0.68669934,-1.25749998,band_10.pdf
10,DFT,6,65,0.69366158,-1.26419998,band_10.pdf
10,DFT,6,66,0.70758605,-1.23420000,band_10.pdf
10,DFT,6,67,0.73543500,-1.16040000,band_10.pdf
10,DFT,6,68,0.75632171,-1.11960000,band_10.pdf
10,DFT,6,69,0.77720842,-1.09560000,band_10.pdf
10,DFT,6,70,0.79113290,-1.08850002,band_10.pdf
10,DFT,6,71,0.83986855,-1.10159999,band_10.pdf
10,DFT,6,72,0.85379303,-1.07600000,band_10.pdf
10,DFT,6,73,0.86075526,-1.05310000,band_10.pdf
10,DFT,6,74,0.86771750,-1.02259997,band_10.pdf
10,DFT,6,75,0.88164197,-0.94059998,band_10.pdf
10,DFT,6,76,0.89556645,-0.83489998,band_10.pdf
10,DFT,6,77,0.94430211,-0.42030000,band_10.pdf
10,DFT,6,78,0.95822658,-0.31970000,band_10.pdf
10,DFT,6,79,0.97215105,-0.24200000,band_10.pdf
10,DFT,6,80,0.98607553,-0.19039998,band_10.pdf
10,DFT,6,81,0.99303776,-0.17259999,band_10.pdf
10,DFT,6,82,1.00000000,-0.16320000,band_10.pdf
10,DFT,7,0,0.00000000,-0.38360002,band_10.pdf
10,DFT,7,1,0.03216554,-0.37750002,band_10.pdf
10,DFT,7,2,0.04823438,-0.38379998,band_10.pdf
10,DFT,7,3,0.06430322,-0.37429998,band_10.pdf
10,DFT,7,4,0.07235157,-0.35879999,band_10.pdf
10,DFT,7,5,0.08039991,-0.33370000,band_10.pdf
10,DFT,7,6,0.08842041,-0.29750001,band_10.pdf
10,DFT,7,7,0.09646875,-0.25000001,band_10.pdf
10,DFT,7,8,0.11253760,-0.36410002,band_10.pdf
10,DFT,7,9,0.12058594,-0.10570001,band_10.pdf
10,DFT,7,10,0.12863429,0.09089998,band_10.pdf
10,DFT,7,11,0.13665478,0.22870001,band_10.pdf
10,DFT,7,12,0.14470313,0.37659998,band_10.pdf
10,DFT,7,13,0.15275148,0.53879999,band_10.pdf
10,DFT,7,14,0.16079982,0.71469998,band_10.pdf
10,DFT,7,15,0.17686866,1.09860002,band_10.pdf
10,DFT,7,16,0.20098585,1.69349998,band_10.pdf
10,DFT,7,17,0.20903420,1.87079999,band_10.pdf
10,DFT,7,18,0.21705470,2.02219998,band_10.pdf
10,DFT,7,19,0.22510304,2.13519999,band_10.pdf
10,DFT,7,20,0.23315139,2.19850001,band_10.pdf
10,DFT,7,21,0.24117188,2.21649996,band_10.pdf
10,DFT,7,22,0.24685307,2.20690001,band_10.pdf
10,DFT,7,23,0.25256210,2.16770000,band_10.pdf
10,DFT,7,24,0.25824329,2.09000000,band_10.pdf
10,DFT,7,25,0.26392447,1.97940001,band_10.pdf
10,DFT,7,26,0.26960566,1.84240000,band_10.pdf
10,DFT,7,27,0.27528684,1.68430001,band_10.pdf
10,DFT,7,28,0.28664922,1.32289998,band_10.pdf
10,DFT,7,29,0.30372062,0.72419998,band_10.pdf
10,DFT,7,30,0.32076417,0.12470001,band_10.pdf
10,DFT,7,31,0.32644536,-0.06600000,band_10.pdf
10,DFT,7,32,0.34348892,-0.03030001,band_10.pdf
10,DFT,7,33,0.37192269,0.02499998,band_10.pdf
10,DFT,7,34,0.39467528,0.06009997,band_10.pdf
10,DFT,7,35,0.40035647,0.19549999,band_10.pdf
10,DFT,7,36,0.40603765,0.30750001,band_10.pdf
10,DFT,7,37,0.41171884,0.27470003,band_10.pdf
10,DFT,7,38,0.41740002,0.22629999,band_10.pdf
10,DFT,7,39,0.42308121,0.08749997,band_10.pdf
10,DFT,7,40,0.42876239,-0.02159998,band_10.pdf
10,DFT,7,41,0.43444358,-0.08970003,band_10.pdf
10,DFT,7,42,0.44015261,-0.21339999,band_10.pdf
10,DFT,7,43,0.44583380,-0.36369998,band_10.pdf
10,DFT,7,44,0.45151498,-0.50179998,band_10.pdf
10,DFT,7,45,0.45719617,-0.61620002,band_10.pdf
10,DFT,7,46,0.46287735,-0.70419999,band_10.pdf
10,DFT,7,47,0.47423972,-0.83819997,band_10.pdf
10,DFT,7,48,0.47992091,-0.94779998,band_10.pdf
10,DFT,7,49,0.48562994,-1.07500001,band_10.pdf
10,DFT,7,50,0.49131113,-1.06830001,band_10.pdf
10,DFT,7,51,0.53110727,-0.63440000,band_10.pdf
10,DFT,7,52,0.54246965,-0.53230002,band_10.pdf
10,DFT,7,53,0.55383202,-0.45120001,band_10.pdf
10,DFT,7,54,0.55951320,-0.42040001,band_10.pdf
10,DFT,7,55,0.56519439,-0.39779998,band_10.pdf
10,DFT,7,56,0.57087557,-0.38520001,band_10.pdf
10,DFT,7,57,0.58226579,-0.38360002,band_10.pdf
10,DFT,7,58,0.58922803,-0.38400000,band_10.pdf
10,DFT,7,59,0.59619027,-0.39250001,band_10.pdf
10,DFT,7,60,0.60315250,-0.41150001,band_10.pdf
10,DFT,7,61,0.61011474,-0.44010002,band_10.pdf
10,DFT,7,62,0.61707697,-0.47819997,band_10.pdf
10,DFT,7,63,0.62403921,-0.52610001,band_10.pdf
10,DFT,7,64,0.63100145,-0.58389998,band_10.pdf
10,DFT,7,65,0.63796368,-0.65130001,band_10.pdf
10,DFT,7,66,0.65188816,-0.81120001,band_10.pdf
10,DFT,7,67,0.67973711,-1.17189997,band_10.pdf
10,DFT,7,68,0.68669934,-1.23380002,band_10.pdf
10,DFT,7,69,0.69366158,-1.23889996,band_10.pdf
10,DFT,7,70,0.71454829,-1.18259998,band_10.pdf
10,DFT,7,71,0.73543500,-1.13080000,band_10.pdf
10,DFT,7,72,0.74935947,-1.10630001,band_10.pdf
10,DFT,7,73,0.76328395,-1.09099999,band_10.pdf
10,DFT,7,74,0.78417066,-1.08510001,band_10.pdf
10,DFT,7,75,0.80505737,-1.08319999,band_10.pdf
10,DFT,7,76,0.83290632,-1.07189998,band_10.pdf
10,DFT,7,77,0.84683079,-1.05260001,band_10.pdf
10,DFT,7,78,0.86075526,-1.01470002,band_10.pdf
10,DFT,7,79,0.87467974,-0.95380002,band_10.pdf
10,DFT,7,80,0.88860421,-0.87069998,band_10.pdf
10,DFT,7,81,0.90252868,-0.77009998,band_10.pdf
10,DFT,7,82,0.90949092,-0.70940001,band_10.pdf
10,DFT,7,83,0.91645316,-0.60720002,band_10.pdf
10,DFT,7,84,0.92341540,-0.34680003,band_10.pdf
10,DFT,7,85,0.93733987,0.27500000,band_10.pdf
10,DFT,7,86,0.95126434,0.91209999,band_10.pdf
10,DFT,7,87,0.95822658,1.21650002,band_10.pdf
10,DFT,7,88,0.96518881,1.49920000,band_10.pdf
10,DFT,7,89,0.97215105,1.74999999,band_10.pdf
10,DFT,7,90,0.97911329,1.95829996,band_10.pdf
10,DFT,7,91,0.98607553,2.11250002,band_10.pdf
10,DFT,7,92,0.99303776,2.19759997,band_10.pdf
10,DFT,7,93,1.00000000,2.21649996,band_10.pdf
10,DFT,8,0,0.00000000,-0.36240002,band_10.pdf
10,DFT,8,1,0.02411719,-0.37170000,band_10.pdf
10,DFT,8,2,0.04823438,-0.38140002,band_10.pdf
10,DFT,8,3,0.06430322,-0.37049999,band_10.pdf
10,DFT,8,4,0.07235157,-0.35440000,band_10.pdf
10,DFT,8,5,0.08039991,-0.32870000,band_10.pdf
10,DFT,8,6,0.08842041,-0.29149997,band_10.pdf
10,DFT,8,7,0.09646875,-0.24110002,band_10.pdf
10,DFT,8,8,0.10451710,-0.17759998,band_10.pdf
10,DFT,8,9,0.11253760,-0.10170000,band_10.pdf
10,DFT,8,10,0.12058594,-0.00670000,band_10.pdf
10,DFT,8,11,0.12863429,0.10549998,band_10.pdf
10,DFT,8,12,0.13665478,0.23459998,band_10.pdf
10,DFT,8,13,0.14470313,0.38020001,band_10.pdf
10,DFT,8,14,0.15275148,0.54160000,band_10.pdf
10,DFT,8,15,0.16079982,0.71709999,band_10.pdf
10,DFT,8,16,0.17686866,1.10109999,band_10.pdf
10,DFT,8,17,0.20098585,1.69729997,band_10.pdf
10,DFT,8,18,0.20903420,1.87609996,band_10.pdf
10,DFT,8,19,0.21705470,2.03039996,band_10.pdf
10,DFT,8,20,0.22510304,2.15029999,band_10.pdf
10,DFT,8,21,0.23315139,2.22659996,band_10.pdf
10,DFT,8,22,0.24117188,2.25289997,band_10.pdf
10,DFT,8,23,0.24685307,2.23969999,band_10.pdf
10,DFT,8,24,0.25256210,2.20039997,band_10.pdf
10,DFT,8,25,0.25824329,2.13590001,band_10.pdf
10,DFT,8,26,0.26392447,2.04779997,band_10.pdf
10,DFT,8,27,0.26960566,1.93839999,band_10.pdf
10,DFT,8,28,0.27528684,1.81069996,band_10.pdf
10,DFT,8,29,0.28664922,1.51619997,band_10.pdf
10,DFT,8,30,0.30372062,1.05509997,band_10.pdf
10,DFT,8,31,0.30940180,0.92109999,band_10.pdf
10,DFT,8,32,0.31508299,0.80799997,band_10.pdf
10,DFT,8,33,0.32076417,0.72149999,band_10.pdf
10,DFT,8,34,0.32644536,0.66559999,band_10.pdf
10,DFT,8,35,0.33212655,0.64180001,band_10.pdf
10,DFT,8,36,0.33780773,0.64879998,band_10.pdf
10,DFT,8,37,0.34348892,0.68310000,band_10.pdf
10,DFT,8,38,0.34919795,0.73979997,band_10.pdf
10,DFT,8,39,0.35487914,0.81309998,band_10.pdf
10,DFT,8,40,0.36624151,0.98710000,band_10.pdf
10,DFT,8,41,0.37760388,1.16479999,band_10.pdf
10,DFT,8,42,0.38328506,1.24480000,band_10.pdf
10,DFT,8,43,0.39467528,0.72209999,band_10.pdf
10,DFT,8,44,0.40035647,0.49710002,band_10.pdf
10,DFT,8,45,0.40603765,0.33560002,band_10.pdf
10,DFT,8,46,0.41171884,0.34960003,band_10.pdf
10,DFT,8,47,0.41740002,0.32110003,band_10.pdf
10,DFT,8,48,0.42308121,0.23940002,band_10.pdf
10,DFT,8,49,0.42876239,0.11719998,band_10.pdf
10,DFT,8,50,0.43444358,-0.02229999,band_10.pdf
10,DFT,8,51,0.44015261,-0.13080000,band_10.pdf
10,DFT,8,52,0.45151498,-0.31909999,band_10.pdf
10,DFT,8,53,0.46287735,-0.53780001,band_10.pdf
10,DFT,8,54,0.46855854,-0.65070001,band_10.pdf
10,DFT,8,55,0.47423972,-0.73780000,band_10.pdf
10,DFT,8,56,0.47992091,-0.76490002,band_10.pdf
10,DFT,8,57,0.48562994,-0.75740000,band_10.pdf
10,DFT,8,58,0.49131113,-0.73230001,band_10.pdf
10,DFT,8,59,0.50267350,-0.65420002,band_10.pdf
10,DFT,8,60,0.51971705,-0.52419999,band_10.pdf
10,DFT,8,61,0.53110727,-0.45580003,band_10.pdf
10,DFT,8,62,0.54246965,-0.40920000,band_10.pdf
10,DFT,8,63,0.55383202,-0.38209997,band_10.pdf
10,DFT,8,64,0.56519439,-0.36840000,band_10.pdf
10,DFT,8,65,0.58226579,-0.36240002,band_10.pdf
10,DFT,8,66,0.59619027,-0.36599999,band_10.pdf
10,DFT,8,67,0.60315250,-0.38470001,band_10.pdf
10,DFT,8,68,0.61011474,-0.41440002,band_10.pdf
10,DFT,8,69,0.61707697,-0.45450001,band_10.pdf
10,DFT,8,70,0.62403921,-0.50469999,band_10.pdf
10,DFT,8,71,0.63100145,-0.56520001,band_10.pdf
10,DFT,8,72,0.63796368,-0.63529997,band_10.pdf
10,DFT,8,73,0.65188816,-0.80019997,band_10.pdf
10,DFT,8,74,0.65885040,-0.89100000,band_10.pdf
10,DFT,8,75,0.66581263,-0.97050001,band_10.pdf
10,DFT,8,76,0.67277487,-0.79550001,band_10.pdf
10,DFT,8,77,0.67973711,-0.52900002,band_10.pdf
10,DFT,8,78,0.68669934,-0.23619997,band_10.pdf
10,DFT,8,79,0.69366158,0.08340001,band_10.pdf
10,DFT,8,80,0.70062382,0.43230002,band_10.pdf
10,DFT,8,81,0.70758605,0.81350002,band_10.pdf
10,DFT,8,82,0.72151053,1.66070000,band_10.pdf
10,DFT,8,83,0.72847276,1.70969998,band_10.pdf
10,DFT,8,84,0.74935947,1.78880001,band_10.pdf
10,DFT,8,85,0.76328395,1.82979997,band_10.pdf
10,DFT,8,86,0.77720842,1.85849999,band_10.pdf
10,DFT,8,87,0.79113290,1.87200000,band_10.pdf
10,DFT,8,88,0.80505737,1.85700001,band_10.pdf
10,DFT,8,89,0.81898184,1.82029997,band_10.pdf
10,DFT,8,90,0.83290632,1.76289999,band_10.pdf
10,DFT,8,91,0.86771750,1.59590000,band_10.pdf
10,DFT,8,92,0.87467974,1.57690000,band_10.pdf
10,DFT,8,93,0.88164197,1.56819997,band_10.pdf
10,DFT,8,94,0.88860421,1.57130000,band_10.pdf
10,DFT,8,95,0.89556645,1.58679999,band_10.pdf
10,DFT,8,96,0.90252868,1.61450002,band_10.pdf
10,DFT,8,97,0.90949092,1.65329999,band_10.pdf
10,DFT,8,98,0.92341540,1.75630000,band_10.pdf
10,DFT,8,99,0.93733987,1.87169997,band_10.pdf
10,DFT,8,100,0.95822658,2.04930001,band_10.pdf
10,DFT,8,101,0.97215105,2.14679998,band_10.pdf
10,DFT,8,102,0.97911329,2.18429998,band_10.pdf
10,DFT,8,103,0.99303776,2.23889996,band_10.pdf
10,DFT,8,104,1.00000000,2.25289997,band_10.pdf
10,DFT,9,0,0.00000000,-0.33100001,band_10.pdf
10,DFT,9,1,0.00804834,-0.32789998,band_10.pdf
10,DFT,9,2,0.01606884,-0.31550003,band_10.pdf
10,DFT,9,3,0.02411719,-0.28829999,band_10.pdf
10,DFT,9,4,0.03216554,-0.24540000,band_10.pdf
10,DFT,9,5,0.04018603,-0.18829999,band_10.pdf
10,DFT,9,6,0.04823438,-0.11850000,band_10.pdf
10,DFT,9,7,0.05628272,-0.03679999,band_10.pdf
10,DFT,9,8,0.06430322,0.05560003,band_10.pdf
10,DFT,9,9,0.07235157,0.15780002,band_10.pdf
10,DFT,9,10,0.08039991,0.26879999,band_10.pdf
10,DFT,9,11,0.08842041,0.16359998,band_10.pdf
10,DFT,9,12,0.09646875,-0.06450002,band_10.pdf
10,DFT,9,13,0.10451710,-0.17589998,band_10.pdf
10,DFT,9,14,0.11253760,-0.09329999,band_10.pdf
10,DFT,9,15,0.12058594,0.01879998,band_10.pdf
10,DFT,9,16,0.12863429,0.28929997,band_10.pdf
10,DFT,9,17,0.13665478,0.72130002,band_10.pdf
10,DFT,9,18,0.14470313,1.24419999,band_10.pdf
10,DFT,9,19,0.15275148,1.44979998,band_10.pdf
10,DFT,9,20,0.16882032,1.69270001,band_10.pdf
10,DFT,9,21,0.17686866,1.80259999,band_10.pdf
10,DFT,9,22,0.18491701,1.90309998,band_10.pdf
10,DFT,9,23,0.19293751,1.99309998,band_10.pdf
10,DFT,9,24,0.20098585,2.07160001,band_10.pdf
10,DFT,9,25,0.20903420,2.13799999,band_10.pdf
10,DFT,9,26,0.21705470,2.19230000,band_10.pdf
10,DFT,9,27,0.22510304,2.23619997,band_10.pdf
10,DFT,9,28,0.23315139,2.27170000,band_10.pdf
10,DFT,9,29,0.24117188,2.28749996,band_10.pdf
10,DFT,9,30,0.25824329,2.26629997,band_10.pdf
10,DFT,9,31,0.26960566,2.27400001,band_10.pdf
10,DFT,9,32,0.28664922,2.30059999,band_10.pdf
10,DFT,9,33,0.30940180,2.35209999,band_10.pdf
10,DFT,9,34,0.36056032,2.47869996,band_10.pdf
10,DFT,9,35,0.36624151,2.22389997,band_10.pdf
10,DFT,9,36,0.37760388,1.57789999,band_10.pdf
10,DFT,9,37,0.38328506,1.27269999,band_10.pdf
10,DFT,9,38,0.38896625,1.31439997,band_10.pdf
10,DFT,9,39,0.39467528,1.37099998,band_10.pdf
10,DFT,9,40,0.40035647,1.41250000,band_10.pdf
10,DFT,9,41,0.40603765,1.43749998,band_10.pdf
10,DFT,9,42,0.41171884,1.44560001,band_10.pdf
10,DFT,9,43,0.42876239,1.44069997,band_10.pdf
10,DFT,9,44,0.44015261,1.42299999,band_10.pdf
10,DFT,9,45,0.45151498,1.39119999,band_10.pdf
10,DFT,9,46,0.47992091,1.28809997,band_10.pdf
10,DFT,9,47,0.48562994,1.24409998,band_10.pdf
10,DFT,9,48,0.50267350,0.79450002,band_10.pdf
10,DFT,9,49,0.51403587,0.51509997,band_10.pdf
10,DFT,9,50,0.52539824,0.26380000,band_10.pdf
10,DFT,9,51,0.53678846,0.04849999,band_10.pdf
10,DFT,9,52,0.54246965,-0.04370001,band_10.pdf
10,DFT,9,53,0.54815083,-0.12459999,band_10.pdf
10,DFT,9,54,0.55383202,-0.19350001,band_10.pdf
10,DFT,9,55,0.55951320,-0.24959997,band_10.pdf
10,DFT,9,56,0.56519439,-0.29190001,band_10.pdf
10,DFT,9,57,0.57087557,-0.31839998,band_10.pdf
10,DFT,9,58,0.57658460,-0.32909999,band_10.pdf
10,DFT,9,59,0.58922803,-0.32849998,band_10.pdf
10,DFT,9,60,0.59619027,-0.30580000,band_10.pdf
10,DFT,9,61,0.60315250,-0.25340002,band_10.pdf
10,DFT,9,62,0.61011474,-0.17610000,band_10.pdf
10,DFT,9,63,0.61707697,-0.07629997,band_10.pdf
10,DFT,9,64,0.62403921,0.04509998,band_10.pdf
10,DFT,9,65,0.63100145,0.18690002,band_10.pdf
10,DFT,9,66,0.63796368,0.34869999,band_10.pdf
10,DFT,9,67,0.64492592,0.52940001,band_10.pdf
10,DFT,9,68,0.65188816,0.72800002,band_10.pdf
10,DFT,9,69,0.65885040,0.94360001,band_10.pdf
10,DFT,9,70,0.67277487,1.41590000,band_10.pdf
10,DFT,9,71,0.67973711,1.50719996,band_10.pdf
10,DFT,9,72,0.70062382,1.58920000,band_10.pdf
10,DFT,9,73,0.72151053,1.68299999,band_10.pdf
10,DFT,9,74,0.72847276,1.73780000,band_10.pdf
10,DFT,9,75,0.74239724,1.79040000,band_10.pdf
10,DFT,9,76,0.75632171,1.83139996,band_10.pdf
10,DFT,9,77,0.77024618,1.85949998,band_10.pdf
10,DFT,9,78,0.78417066,1.87229997,band_10.pdf
10,DFT,9,79,0.80505737,1.86739999,band_10.pdf
10,DFT,9,80,0.81898184,1.84119999,band_10.pdf
10,DFT,9,81,0.83290632,1.79289997,band_10.pdf
10,DFT,9,82,0.85379303,1.69380001,band_10.pdf
10,DFT,9,83,0.86771750,1.63280000,band_10.pdf
10,DFT,9,84,0.87467974,1.61160001,band_10.pdf
10,DFT,9,85,0.88164197,1.59949997,band_10.pdf
10,DFT,9,86,0.88860421,1.59829996,band_10.pdf
10,DFT,9,87,0.89556645,1.60880001,band_10.pdf
10,DFT,9,88,0.90252868,1.63079997,band_10.pdf
10,DFT,9,89,0.90949092,1.66369996,band_10.pdf
10,DFT,9,90,0.91645316,1.70610001,band_10.pdf
10,DFT,9,91,0.92341540,1.75800000,band_10.pdf
10,DFT,9,92,0.93733987,1.88479999,band_10.pdf
10,DFT,9,93,0.95822658,2.07710000,band_10.pdf
10,DFT,9,94,0.96518881,2.13300000,band_10.pdf
10,DFT,9,95,0.97215105,2.18159999,band_10.pdf
10,DFT,9,96,0.97911329,2.22159997,band_10.pdf
10,DFT,9,97,0.98607553,2.25229996,band_10.pdf
10,DFT,9,98,0.99303776,2.27529997,band_10.pdf
10,DFT,9,99,1.00000000,2.28749996,band_10.pdf
10,DFT,10,0,0.00000000,1.57630000,band_10.pdf
10,DFT,10,1,0.00804834,1.56360002,band_10.pdf
10,DFT,10,2,0.01606884,1.52450002,band_10.pdf
10,DFT,10,3,0.02411719,1.45979998,band_10.pdf
10,DFT,10,4,0.03216554,1.37020002,band_10.pdf
10,DFT,10,5,0.04018603,1.25660000,band_10.pdf
10,DFT,10,6,0.04823438,1.12040002,band_10.pdf
10,DFT,10,7,0.05628272,0.96289998,band_10.pdf
10,DFT,10,8,0.06430322,0.78619997,band_10.pdf
10,DFT,10,9,0.07235157,0.59239999,band_10.pdf
10,DFT,10,10,0.08039991,0.38389999,band_10.pdf
10,DFT,10,11,0.08842041,0.38750001,band_10.pdf
10,DFT,10,12,0.10451710,0.64269999,band_10.pdf
10,DFT,10,13,0.14470313,1.31970000,band_10.pdf
10,DFT,10,14,0.15275148,1.84619999,band_10.pdf
10,DFT,10,15,0.16079982,2.51590000,band_10.pdf
10,DFT,10,16,0.16882032,3.24150000,band_10.pdf
10,DFT,10,17,0.17686866,4.01239995,band_10.pdf
10,DFT,10,18,0.19293751,5.64529997,band_10.pdf
10,DFT,10,19,0.20903420,7.30119993,band_10.pdf
10,DFT,10,20,0.21705470,8.07499995,band_10.pdf
10,DFT,10,21,0.21956881,8.28298041,band_10.pdf
10,DFT,11,0,0.27268164,8.28298041,band_10.pdf
10,DFT,11,1,0.27528684,8.13279998,band_10.pdf
10,DFT,11,2,0.28664922,7.41649995,band_10.pdf
10,DFT,11,3,0.30940180,5.88869999,band_10.pdf
10,DFT,11,4,0.33212655,4.36419997,band_10.pdf
10,DFT,11,5,0.34919795,3.26519997,band_10.pdf
10,DFT,11,6,0.36056032,2.56850000,band_10.pdf
10,DFT,11,7,0.36624151,2.49669998,band_10.pdf
10,DFT,11,8,0.38328506,2.52479999,band_10.pdf
10,DFT,11,9,0.38896625,2.43809999,band_10.pdf
10,DFT,11,10,0.39467528,2.20699996,band_10.pdf
10,DFT,11,11,0.40035647,2.01359996,band_10.pdf
10,DFT,11,12,0.40603765,1.87919999,band_10.pdf
10,DFT,11,13,0.41171884,1.82999999,band_10.pdf
10,DFT,11,14,0.42308121,1.82560000,band_10.pdf
10,DFT,11,15,0.44015261,1.80309998,band_10.pdf
10,DFT,11,16,0.45719617,1.76580000,band_10.pdf
10,DFT,11,17,0.46287735,1.75130000,band_10.pdf
10,DFT,11,18,0.46855854,1.69339997,band_10.pdf
10,DFT,11,19,0.47992091,1.39619999,band_10.pdf
10,DFT,11,20,0.48562994,1.27120001,band_10.pdf
10,DFT,11,21,0.49699231,1.24979999,band_10.pdf
10,DFT,11,22,0.50267350,1.24720001,band_10.pdf
10,DFT,11,23,0.50835468,1.25129997,band_10.pdf
10,DFT,11,24,0.51403587,1.26239997,band_10.pdf
10,DFT,11,25,0.51971705,1.28049999,band_10.pdf
10,DFT,11,26,0.53110727,1.33569997,band_10.pdf
10,DFT,11,27,0.56519439,1.53929999,band_10.pdf
10,DFT,11,28,0.57087557,1.55950000,band_10.pdf
10,DFT,11,29,0.57658460,1.57209997,band_10.pdf
10,DFT,11,30,0.58226579,1.57630000,band_10.pdf
10,DFT,11,31,0.59619027,1.56449999,band_10.pdf
10,DFT,11,32,0.61011474,1.53309998,band_10.pdf
10,DFT,11,33,0.63100145,1.47910001,band_10.pdf
10,DFT,11,34,0.64492592,1.45969996,band_10.pdf
10,DFT,11,35,0.65885040,1.46340000,band_10.pdf
10,DFT,11,36,0.66581263,1.47449999,band_10.pdf
10,DFT,11,37,0.67277487,1.49370001,band_10.pdf
10,DFT,11,38,0.67973711,1.53890001,band_10.pdf
10,DFT,11,39,0.70062382,1.62349997,band_10.pdf
10,DFT,11,40,0.71454829,1.68530000,band_10.pdf
10,DFT,11,41,0.72151053,1.73690002,band_10.pdf
10,DFT,11,42,0.72847276,2.18620001,band_10.pdf
10,DFT,11,43,0.73543500,2.72079997,band_10.pdf
10,DFT,11,44,0.74239724,3.29719998,band_10.pdf
10,DFT,11,45,0.74935947,3.91280000,band_10.pdf
10,DFT,11,46,0.75632171,4.56519995,band_10.pdf
10,DFT,11,47,0.77024618,5.96539995,band_10.pdf
10,DFT,11,48,0.78417066,7.43909997,band_10.pdf
10,DFT,11,49,0.79113290,8.10769998,band_10.pdf
10,DFT,11,50,0.80505737,7.52399997,band_10.pdf
10,DFT,11,51,0.81201961,7.26639998,band_10.pdf
10,DFT,11,52,0.81898184,7.03759996,band_10.pdf
10,DFT,11,53,0.82594408,6.83859996,band_10.pdf
10,DFT,11,54,0.83290632,6.67079994,band_10.pdf
10,DFT,11,55,0.83986855,6.53529998,band_10.pdf
10,DFT,11,56,0.84683079,6.43219995,band_10.pdf
10,DFT,11,57,0.85379303,6.36239996,band_10.pdf
10,DFT,11,58,0.86075526,6.32529994,band_10.pdf
10,DFT,11,59,0.86771750,6.32079994,band_10.pdf
10,DFT,11,60,0.87467974,6.34799997,band_10.pdf
10,DFT,11,61,0.88164197,6.40499997,band_10.pdf
10,DFT,11,62,0.88860421,6.49059998,band_10.pdf
10,DFT,11,63,0.89556645,6.60309994,band_10.pdf
10,DFT,11,64,0.90252868,6.74009994,band_10.pdf
10,DFT,11,65,0.90949092,6.89979998,band_10.pdf
10,DFT,11,66,0.91645316,7.07979999,band_10.pdf
10,DFT,11,67,0.92341540,7.27809997,band_10.pdf
10,DFT,11,68,0.93037763,7.49129994,band_10.pdf
10,DFT,11,69,0.94430211,7.95249994,band_10.pdf
10,DFT,11,70,0.95391065,8.28298041,band_10.pdf
10,DFT,12,0,0.00000000,1.57750001,band_10.pdf
10,DFT,12,1,0.00804834,1.58229998,band_10.pdf
10,DFT,12,2,0.01606884,1.59719996,band_10.pdf
10,DFT,12,3,0.02411719,1.62160000,band_10.pdf
10,DFT,12,4,0.03216554,1.65460000,band_10.pdf
10,DFT,12,5,0.04823438,1.74190002,band_10.pdf
10,DFT,12,6,0.06430322,1.84929996,band_10.pdf
10,DFT,12,7,0.08039991,1.96940002,band_10.pdf
10,DFT,12,8,0.09646875,2.10630001,band_10.pdf
10,DFT,12,9,0.10451710,2.18919997,band_10.pdf
10,DFT,12,10,0.11253760,2.29089997,band_10.pdf
10,DFT,12,11,0.12058594,2.42160001,band_10.pdf
10,DFT,12,12,0.12863429,2.59489996,band_10.pdf
10,DFT,12,13,0.13665478,2.82539998,band_10.pdf
10,DFT,12,14,0.14470313,3.12659997,band_10.pdf
10,DFT,12,15,0.15275148,3.50779997,band_10.pdf
10,DFT,12,16,0.16079982,3.97159995,band_10.pdf
10,DFT,12,17,0.16882032,4.51329996,band_10.pdf
10,DFT,12,18,0.17686866,5.12339999,band_10.pdf
10,DFT,12,19,0.18491701,5.78829996,band_10.pdf
10,DFT,12,20,0.21336715,8.28298041,band_10.pdf
10,DFT,13,0,0.28374628,8.28298041,band_10.pdf
10,DFT,13,1,0.29233040,7.81139998,band_10.pdf
10,DFT,13,2,0.30940180,6.81899995,band_10.pdf
10,DFT,13,3,0.34348892,4.81199998,band_10.pdf
10,DFT,13,4,0.36056032,3.85630000,band_10.pdf
10,DFT,13,5,0.37192269,3.25369999,band_10.pdf
10,DFT,13,6,0.38328506,2.69409998,band_10.pdf
10,DFT,13,7,0.38896625,2.53170001,band_10.pdf
10,DFT,13,8,0.40603765,2.54369998,band_10.pdf
10,DFT,13,9,0.41171884,2.54450001,band_10.pdf
10,DFT,13,10,0.41740002,2.53450001,band_10.pdf
10,DFT,13,11,0.42308121,2.50480001,band_10.pdf
10,DFT,13,12,0.42876239,2.45589998,band_10.pdf
10,DFT,13,13,0.43444358,2.38879997,band_10.pdf
10,DFT,13,14,0.44015261,2.30480002,band_10.pdf
10,DFT,13,15,0.44583380,2.20549998,band_10.pdf
10,DFT,13,16,0.45151498,2.09280000,band_10.pdf
10,DFT,13,17,0.46287735,1.83470002,band_10.pdf
10,DFT,13,18,0.46855854,1.73630001,band_10.pdf
10,DFT,13,19,0.50267350,1.65099998,band_10.pdf
10,DFT,13,20,0.51971705,1.61940001,band_10.pdf
10,DFT,13,21,0.54246965,1.59250000,band_10.pdf
10,DFT,13,22,0.56519439,1.57999998,band_10.pdf
10,DFT,13,23,0.59619027,1.56620000,band_10.pdf
10,DFT,13,24,0.61011474,1.53819999,band_10.pdf
10,DFT,13,25,0.63100145,1.49279998,band_10.pdf
10,DFT,13,26,0.64492592,1.47980002,band_10.pdf
10,DFT,13,27,0.65885040,1.48920001,band_10.pdf
10,DFT,13,28,0.66581263,1.50260001,band_10.pdf
10,DFT,13,29,0.67277487,1.52359998,band_10.pdf
10,DFT,13,30,0.67973711,1.69220002,band_10.pdf
10,DFT,13,31,0.68669934,1.96700000,band_10.pdf
10,DFT,13,32,0.69366158,2.25899996,band_10.pdf
10,DFT,13,33,0.70062382,2.56740000,band_10.pdf
10,DFT,13,34,0.70758605,2.89369999,band_10.pdf
10,DFT,13,35,0.71454829,3.24029999,band_10.pdf
10,DFT,13,36,0.72151053,3.61029999,band_10.pdf
10,DFT,13,37,0.72847276,4.00730000,band_10.pdf
10,DFT,13,38,0.73543500,4.43540000,band_10.pdf
10,DFT,13,39,0.74239724,4.89869999,band_10.pdf
10,DFT,13,40,0.74935947,5.39999998,band_10.pdf
10,DFT,13,41,0.75632171,5.94119999,band_10.pdf
10,DFT,13,42,0.76328395,6.52209994,band_10.pdf
10,DFT,13,43,0.77720842,7.78999996,band_10.pdf
10,DFT,13,44,0.78256963,8.28298041,band_10.pdf
10,DFT,14,0,0.78768929,8.28298041,band_10.pdf
10,DFT,14,1,0.80505737,7.55619994,band_10.pdf
10,DFT,14,2,0.81201961,7.29639996,band_10.pdf
10,DFT,14,3,0.81898184,7.06539994,band_10.pdf
10,DFT,14,4,0.82594408,6.86459999,band_10.pdf
10,DFT,14,5,0.83290632,6.69529993,band_10.pdf
10,DFT,14,6,0.83986855,6.55859996,band_10.pdf
10,DFT,14,7,0.84683079,6.45459996,band_10.pdf
10,DFT,14,8,0.85379303,6.38459994,band_10.pdf
10,DFT,14,9,0.86075526,6.34789996,band_10.pdf
10,DFT,14,10,0.86771750,6.34429994,band_10.pdf
10,DFT,14,11,0.87467974,6.37309997,band_10.pdf
10,DFT,14,12,0.88164197,6.43219995,band_10.pdf
10,DFT,14,13,0.88860421,6.52039994,band_10.pdf
10,DFT,14,14,0.89556645,6.63599999,band_10.pdf
10,DFT,14,15,0.90252868,6.77659996,band_10.pdf
10,DFT,14,16,0.90949092,6.94019994,band_10.pdf
10,DFT,14,17,0.91645316,7.12449998,band_10.pdf
10,DFT,14,18,0.92341540,7.32729997,band_10.pdf
10,DFT,14,19,0.93037763,7.54529997,band_10.pdf
10,DFT,14,20,0.94430211,8.01689995,band_10.pdf
10,DFT,14,21,0.95186079,8.28298041,band_10.pdf
10,DFT,15,0,0.28780938,8.28298041,band_10.pdf
10,DFT,15,1,0.29801159,7.96889996,band_10.pdf
10,DFT,15,2,0.30372062,7.81029998,band_10.pdf
10,DFT,15,3,0.30940180,7.66499998,band_10.pdf
10,DFT,15,4,0.31508299,7.53339996,band_10.pdf
10,DFT,15,5,0.32076417,7.41509998,band_10.pdf
10,DFT,15,6,0.32644536,7.31019994,band_10.pdf
10,DFT,15,7,0.33212655,7.21759996,band_10.pdf
10,DFT,15,8,0.33780773,7.13639994,band_10.pdf
10,DFT,15,9,0.34348892,7.06609996,band_10.pdf
10,DFT,15,10,0.34919795,7.00559994,band_10.pdf
10,DFT,15,11,0.35487914,6.95399998,band_10.pdf
10,DFT,15,12,0.36056032,6.91029997,band_10.pdf
10,DFT,15,13,0.37192269,6.84339993,band_10.pdf
10,DFT,15,14,0.38328506,6.79879994,band_10.pdf
10,DFT,15,15,0.39467528,6.77189994,band_10.pdf
10,DFT,15,16,0.40603765,6.75929996,band_10.pdf
10,DFT,15,17,0.41171884,6.75769997,band_10.pdf
10,DFT,15,18,0.41740002,6.82769999,band_10.pdf
10,DFT,15,19,0.42308121,7.03099997,band_10.pdf
10,DFT,15,20,0.42876239,7.35079998,band_10.pdf
10,DFT,15,21,0.43444358,7.76649996,band_10.pdf
10,DFT,15,22,0.44040564,8.28298041,band_10.pdf
10,model,0,0,0.00000000,-8.37048476,band_10.pdf
10,model,0,1,0.00804834,-8.34808434,band_10.pdf
10,model,0,2,0.01606884,-8.28170012,band_10.pdf
10,model,0,3,0.02411719,-8.17373624,band_10.pdf
10,model,0,4,0.03216554,-8.02796777,band_10.pdf
10,model,0,5,0.04018603,-7.84879659,band_10.pdf
10,model,0,6,0.04823438,-7.63999549,band_10.pdf
10,model,0,7,0.05628272,-7.40311761,band_10.pdf
10,model,0,8,0.06430322,-7.13655245,band_10.pdf
10,model,0,9,0.07235157,-6.83594286,band_10.pdf
10,model,0,10,0.08039991,-6.49682677,band_10.pdf
10,model,0,11,0.08842041,-6.11900035,band_10.pdf
10,model,0,12,0.11253760,-4.90965524,band_10.pdf
10,model,0,13,0.12058594,-4.58676971,band_10.pdf
10,model,0,14,0.12863429,-4.35577823,band_10.pdf
10,model,0,15,0.13665478,-4.22334079,band_10.pdf
10,model,0,16,0.14470313,-4.17760259,band_10.pdf
10,model,0,17,0.15275148,-4.19750375,band_10.pdf
10,model,0,18,0.16079982,-4.26055202,band_10.pdf
10,model,0,19,0.17686866,-4.43915033,band_10.pdf
10,model,0,20,0.18491701,-4.52681371,band_10.pdf
10,model,0,21,0.19293751,-4.60303708,band_10.pdf
10,model,0,22,0.20098585,-4.66563559,band_10.pdf
10,model,0,23,0.20903420,-4.71506862,band_10.pdf
10,model,0,24,0.21705470,-4.75265335,band_10.pdf
10,model,0,25,0.22510304,-4.77935712,band_10.pdf
10,model,0,26,0.23315139,-4.79548988,band_10.pdf
10,model,0,27,0.24117188,-4.80103608,band_10.pdf
10,model,0,28,0.25256210,-4.78846081,band_10.pdf
10,model,0,29,0.25824329,-4.77291284,band_10.pdf
10,model,0,30,0.26392447,-4.75042065,band_10.pdf
10,model,0,31,0.26960566,-4.72024624,band_10.pdf
10,model,0,32,0.27528684,-4.68150451,band_10.pdf
10,model,0,33,0.28664922,-4.58002391,band_10.pdf
10,model,0,34,0.30940180,-4.37087592,band_10.pdf
10,model,0,35,0.31508299,-4.33021432,band_10.pdf
10,model,0,36,0.32076417,-4.30152200,band_10.pdf
10,model,0,37,0.32644536,-4.28834804,band_10.pdf
10,model,0,38,0.33212655,-4.29323919,band_10.pdf
10,model,0,39,0.33780773,-4.31708408,band_10.pdf
10,model,0,40,0.34348892,-4.35876344,band_10.pdf
10,model,0,41,0.34919795,-4.41530740,band_10.pdf
10,model,0,42,0.36056032,-4.55574770,band_10.pdf
10,model,0,43,0.37192269,-4.70307197,band_10.pdf
10,model,0,44,0.38328506,-4.82982681,band_10.pdf
10,model,0,45,0.38896625,-4.88012592,band_10.pdf
10,model,0,46,0.39467528,-4.92007702,band_10.pdf
10,model,0,47,0.40035647,-4.94899560,band_10.pdf
10,model,0,48,0.40603765,-4.96648063,band_10.pdf
10,model,0,49,0.43444358,-4.99983108,band_10.pdf
10,model,0,50,0.44015261,-5.02155578,band_10.pdf
10,model,0,51,0.44583380,-5.05483946,band_10.pdf
10,model,0,52,0.45151498,-5.10427171,band_10.pdf
10,model,0,53,0.45719617,-5.17524055,band_10.pdf
10,model,0,54,0.46287735,-5.27315087,band_10.pdf
10,model,0,55,0.46855854,-5.40194378,band_10.pdf
10,model,0,56,0.47423972,-5.56242051,band_10.pdf
10,model,0,57,0.47992091,-5.75125752,band_10.pdf
10,model,0,58,0.49131113,-6.18473966,band_10.pdf
10,model,0,59,0.50835468,-6.85267224,band_10.pdf
10,model,0,60,0.51971705,-7.24871392,band_10.pdf
10,model,0,61,0.52539824,-7.42618018,band_10.pdf
10,model,0,62,0.53110727,-7.58979106,band_10.pdf
10,model,0,63,0.53678846,-7.73976774,band_10.pdf
10,model,0,64,0.54246965,-7.87617811,band_10.pdf
10,model,0,65,0.54815083,-7.99866728,band_10.pdf
10,model,0,66,0.55383202,-8.10638432,band_10.pdf
10,model,0,67,0.55951320,-8.19797098,band_10.pdf
10,model,0,68,0.56519439,-8.27176310,band_10.pdf
10,model,0,69,0.57087557,-8.32603165,band_10.pdf
10,model,0,70,0.57658460,-8.35928097,band_10.pdf
10,model,0,71,0.58226579,-8.37048476,band_10.pdf
10,model,0,72,0.58922803,-8.35371237,band_10.pdf
10,model,0,73,0.59619027,-8.30429499,band_10.pdf
10,model,0,74,0.60315250,-8.22456527,band_10.pdf
10,model,0,75,0.61011474,-8.11729022,band_10.pdf
10,model,0,76,0.61707697,-7.98450363,band_10.pdf
10,model,0,77,0.62403921,-7.82653262,band_10.pdf
10,model,0,78,0.63100145,-7.64170581,band_10.pdf
10,model,0,79,0.63796368,-7.42681378,band_10.pdf
10,model,0,80,0.64492592,-7.17843212,band_10.pdf
10,model,0,81,0.65188816,-6.89452982,band_10.pdf
10,model,0,82,0.65885040,-6.57611870,band_10.pdf
10,model,0,83,0.66581263,-6.22826276,band_10.pdf
10,model,0,84,0.69366158,-4.77019685,band_10.pdf
10,model,0,85,0.70062382,-4.45353071,band_10.pdf
10,model,0,86,0.70758605,-4.17355027,band_10.pdf
10,model,0,87,0.71454829,-3.93229999,band_10.pdf
10,model,0,88,0.72151053,-3.72908355,band_10.pdf
10,model,0,89,0.72847276,-3.56356832,band_10.pdf
10,model,0,90,0.73543500,-3.53528517,band_10.pdf
10,model,0,91,0.74239724,-3.54308629,band_10.pdf
10,model,0,92,0.74935947,-3.54227276,band_10.pdf
10,model,0,93,0.75632171,-3.53391559,band_10.pdf
10,model,0,94,0.76328395,-3.51798126,band_10.pdf
10,model,0,95,0.77720842,-3.46667653,band_10.pdf
10,model,0,96,0.79113290,-3.39982016,band_10.pdf
10,model,0,97,0.79809513,-3.47364854,band_10.pdf
10,model,0,98,0.81201961,-3.64298616,band_10.pdf
10,model,0,99,0.81898184,-3.71845784,band_10.pdf
10,model,0,100,0.82594408,-3.78158349,band_10.pdf
10,model,0,101,0.83290632,-3.82865708,band_10.pdf
10,model,0,102,0.83986855,-3.85668203,band_10.pdf
10,model,0,103,0.84683079,-3.86328332,band_10.pdf
10,model,0,104,0.85379303,-3.84659861,band_10.pdf
10,model,0,105,0.86075526,-3.80518640,band_10.pdf
10,model,0,106,0.86771750,-3.73798396,band_10.pdf
10,model,0,107,0.87467974,-3.64439146,band_10.pdf
10,model,0,108,0.88164197,-3.52575329,band_10.pdf
10,model,0,109,0.88860421,-3.56396113,band_10.pdf
10,model,0,110,0.90252868,-3.78084212,band_10.pdf
10,model,0,111,0.93037763,-4.24797136,band_10.pdf
10,model,0,112,0.93733987,-4.35397596,band_10.pdf
10,model,0,113,0.94430211,-4.45051866,band_10.pdf
10,model,0,114,0.95126434,-4.53597635,band_10.pdf
10,model,0,115,0.95822658,-4.60948432,band_10.pdf
10,model,0,116,0.96518881,-4.67059027,band_10.pdf
10,model,0,117,0.97215105,-4.71917172,band_10.pdf
10,model,0,118,0.97911329,-4.75578123,band_10.pdf
10,model,0,119,0.98607553,-4.78118925,band_10.pdf
10,model,0,120,0.99303776,-4.79611548,band_10.pdf
10,model,0,121,1.00000000,-4.80103608,band_10.pdf
10,model,0,122,1.00000000,-4.80103608,band_10.pdf
10,model,1,0,0.00000000,-8.21328161,band_10.pdf
10,model,1,1,0.00804834,-8.19748728,band_10.pdf
10,model,1,2,0.01606884,-8.14909133,band_10.pdf
10,model,1,3,0.02411719,-8.06546920,band_10.pdf
10,model,1,4,0.03216554,-7.94342505,band_10.pdf
10,model,1,5,0.04018603,-7.78022232,band_10.pdf
10,model,1,6,0.04823438,-7.57417720,band_10.pdf
10,model,1,7,0.05628272,-7.32453404,band_10.pdf
10,model,1,8,0.06430322,-7.03112664,band_10.pdf
10,model,1,9,0.07235157,-6.69418376,band_10.pdf
10,model,1,10,0.08039991,-6.31504790,band_10.pdf
10,model,1,11,0.08842041,-5.89755182,band_10.pdf
10,model,1,12,0.10451710,-4.98611855,band_10.pdf
10,model,1,13,0.11253760,-4.52561584,band_10.pdf
10,model,1,14,0.12058594,-4.09151396,band_10.pdf
10,model,1,15,0.12863429,-3.70662092,band_10.pdf
10,model,1,16,0.13665478,-3.47924759,band_10.pdf
10,model,1,17,0.15275148,-3.83682388,band_10.pdf
10,model,1,18,0.16079982,-4.00098719,band_10.pdf
10,model,1,19,0.16882032,-4.15249703,band_10.pdf
10,model,1,20,0.17686866,-4.28962779,band_10.pdf
10,model,1,21,0.18491701,-4.41112420,band_10.pdf
10,model,1,22,0.19293751,-4.51618101,band_10.pdf
10,model,1,23,0.20098585,-4.60444730,band_10.pdf
10,model,1,24,0.20903420,-4.67592472,band_10.pdf
10,model,1,25,0.21705470,-4.73088344,band_10.pdf
10,model,1,26,0.22510304,-4.76971268,band_10.pdf
10,model,1,27,0.23315139,-4.79279445,band_10.pdf
10,model,1,28,0.24117188,-4.80031723,band_10.pdf
10,model,1,29,0.24685307,-4.79707968,band_10.pdf
10,model,1,30,0.25256210,-4.78659154,band_10.pdf
10,model,1,31,0.25824329,-4.76884002,band_10.pdf
10,model,1,32,0.26392447,-4.74398495,band_10.pdf
10,model,1,33,0.27528684,-4.67377769,band_10.pdf
10,model,1,34,0.28096803,-4.62937897,band_10.pdf
10,model,1,35,0.28664922,-4.57430927,band_10.pdf
10,model,1,36,0.29233040,-4.50385796,band_10.pdf
10,model,1,37,0.29801159,-4.42096422,band_10.pdf
10,model,1,38,0.30372062,-4.32500269,band_10.pdf
10,model,1,39,0.30940180,-4.21563535,band_10.pdf
10,model,1,40,0.31508299,-4.09289563,band_10.pdf
10,model,1,41,0.32076417,-3.95717621,band_10.pdf
10,model,1,42,0.32644536,-3.80923891,band_10.pdf
10,model,1,43,0.33780773,-3.48106420,band_10.pdf
10,model,1,44,0.35487914,-2.94320370,band_10.pdf
10,model,1,45,0.36056032,-3.03347422,band_10.pdf
10,model,1,46,0.37192269,-3.24534016,band_10.pdf
10,model,1,47,0.37760388,-3.33963090,band_10.pdf
10,model,1,48,0.38328506,-3.42254609,band_10.pdf
10,model,1,49,0.38896625,-3.49226775,band_10.pdf
10,model,1,50,0.39467528,-3.54752971,band_10.pdf
10,model,1,51,0.40035647,-3.58749556,band_10.pdf
10,model,1,52,0.40603765,-3.61165274,band_10.pdf
10,model,1,53,0.41740002,-3.62891867,band_10.pdf
10,model,1,54,0.42308121,-3.65693408,band_10.pdf
10,model,1,55,0.42876239,-3.70509967,band_10.pdf
10,model,1,56,0.43444358,-3.77544628,band_10.pdf
10,model,1,57,0.44015261,-3.87042027,band_10.pdf
10,model,1,58,0.44583380,-3.99232069,band_10.pdf
10,model,1,59,0.45151498,-4.14261263,band_10.pdf
10,model,1,60,0.45719617,-4.32124453,band_10.pdf
10,model,1,61,0.46287735,-4.52636929,band_10.pdf
10,model,1,62,0.46855854,-4.75444086,band_10.pdf
10,model,1,63,0.47992091,-5.26040183,band_10.pdf
10,model,1,64,0.50835468,-6.59128506,band_10.pdf
10,model,1,65,0.51971705,-7.06433460,band_10.pdf
10,model,1,66,0.52539824,-7.27500515,band_10.pdf
10,model,1,67,0.53110727,-7.46533018,band_10.pdf
10,model,1,68,0.53678846,-7.63371367,band_10.pdf
10,model,1,69,0.54246965,-7.77929426,band_10.pdf
10,model,1,70,0.54815083,-7.90194334,band_10.pdf
10,model,1,71,0.55383202,-8.00224106,band_10.pdf
10,model,1,72,0.55951320,-8.08128539,band_10.pdf
10,model,1,73,0.56519439,-8.14051631,band_10.pdf
10,model,1,74,0.57087557,-8.18144583,band_10.pdf
10,model,1,75,0.57658460,-8.20540228,band_10.pdf
10,model,1,76,0.58226579,-8.21328161,band_10.pdf
10,model,1,77,0.58922803,-8.20143888,band_10.pdf
10,model,1,78,0.59619027,-8.16515868,band_10.pdf
10,model,1,79,0.60315250,-8.10234722,band_10.pdf
10,model,1,80,0.61011474,-8.00998903,band_10.pdf
10,model,1,81,0.61707697,-7.88480930,band_10.pdf
10,model,1,82,0.62403921,-7.72397365,band_10.pdf
10,model,1,83,0.63100145,-7.52577083,band_10.pdf
10,model,1,84,0.63796368,-7.29005456,band_10.pdf
10,model,1,85,0.64492592,-7.01857875,band_10.pdf
10,model,1,86,0.65188816,-6.71491392,band_10.pdf
10,model,1,87,0.65885040,-6.38417644,band_10.pdf
10,model,1,88,0.67277487,-5.66611604,band_10.pdf
10,model,1,89,0.70758605,-3.80952792,band_10.pdf
10,model,1,90,0.71454829,-3.46499294,band_10.pdf
10,model,1,91,0.73543500,-3.53357788,band_10.pdf
10,model,1,92,0.74239724,-3.54230386,band_10.pdf
10,model,1,93,0.74935947,-3.54201467,band_10.pdf
10,model,1,94,0.75632171,-3.53246639,band_10.pdf
10,model,1,95,0.76328395,-3.51506478,band_10.pdf
10,model,1,96,0.77720842,-3.45995692,band_10.pdf
10,model,1,97,0.81898184,-3.24470040,band_10.pdf
10,model,1,98,0.82594408,-3.21761518,band_10.pdf
10,model,1,99,0.83290632,-3.19993008,band_10.pdf
10,model,1,100,0.83986855,-3.19403034,band_10.pdf
10,model,1,101,0.84683079,-3.20183899,band_10.pdf
10,model,1,102,0.85379303,-3.22465337,band_10.pdf
10,model,1,103,0.86075526,-3.26307059,band_10.pdf
10,model,1,104,0.86771750,-3.31701109,band_10.pdf
10,model,1,105,0.87467974,-3.38575332,band_10.pdf
10,model,1,106,0.88860421,-3.54172382,band_10.pdf
10,model,1,107,0.90252868,-3.76496769,band_10.pdf
10,model,1,108,0.93037763,-4.24270457,band_10.pdf
10,model,1,109,0.93733987,-4.35061725,band_10.pdf
10,model,1,110,0.94430211,-4.44867226,band_10.pdf
10,model,1,111,0.95126434,-4.53517295,band_10.pdf
10,model,1,112,0.95822658,-4.60899256,band_10.pdf
10,model,1,113,0.96518881,-4.66990323,band_10.pdf
10,model,1,114,0.97215105,-4.71839391,band_10.pdf
10,model,1,115,0.97911329,-4.75502730,band_10.pdf
10,model,1,116,0.98607553,-4.78047472,band_10.pdf
10,model,1,117,0.99303776,-4.79540403,band_10.pdf
10,model,1,118,1.00000000,-4.80031723,band_10.pdf
10,model,1,119,1.00000000,-4.80031723,band_10.pdf
10,model,2,0,0.00000000,-2.52342342,band_10.pdf
10,model,2,1,0.03216554,-2.50738796,band_10.pdf
10,model,2,2,0.04823438,-2.49829701,band_10.pdf
10,model,2,3,0.06430322,-2.47285041,band_10.pdf
10,model,2,4,0.07235157,-2.45006435,band_10.pdf
10,model,2,5,0.08842041,-2.39476986,band_10.pdf
10,model,2,6,0.09646875,-2.53719295,band_10.pdf
10,model,2,7,0.11253760,-2.90833448,band_10.pdf
10,model,2,8,0.12863429,-3.29085523,band_10.pdf
10,model,2,9,0.13665478,-3.38850942,band_10.pdf
10,model,2,10,0.14470313,-3.14560969,band_10.pdf
10,model,2,11,0.15275148,-2.97586646,band_10.pdf
10,model,2,12,0.16079982,-2.86898179,band_10.pdf
10,model,2,13,0.16882032,-2.81074783,band_10.pdf
10,model,2,14,0.17686866,-2.78745052,band_10.pdf
10,model,2,15,0.18491701,-2.78844541,band_10.pdf
10,model,2,16,0.19293751,-2.80643855,band_10.pdf
10,model,2,17,0.20903420,-2.87251125,band_10.pdf
10,model,2,18,0.22510304,-2.94262443,band_10.pdf
10,model,2,19,0.23315139,-2.96482986,band_10.pdf
10,model,2,20,0.24117188,-2.97315308,band_10.pdf
10,model,2,21,0.24685307,-2.96865894,band_10.pdf
10,model,2,22,0.25256210,-2.95551774,band_10.pdf
10,model,2,23,0.25824329,-2.93397410,band_10.pdf
10,model,2,24,0.26392447,-2.90438726,band_10.pdf
10,model,2,25,0.26960566,-2.86717870,band_10.pdf
10,model,2,26,0.28096803,-2.77120235,band_10.pdf
10,model,2,27,0.29233040,-2.64667719,band_10.pdf
10,model,2,28,0.29801159,-2.57582613,band_10.pdf
10,model,2,29,0.30372062,-2.52948829,band_10.pdf
10,model,2,30,0.30940180,-2.49513459,band_10.pdf
10,model,2,31,0.31508299,-2.47718239,band_10.pdf
10,model,2,32,0.32076417,-2.47950834,band_10.pdf
10,model,2,33,0.32644536,-2.50464021,band_10.pdf
10,model,2,34,0.33212655,-2.55308741,band_10.pdf
10,model,2,35,0.33780773,-2.62308938,band_10.pdf
10,model,2,36,0.34348892,-2.71092843,band_10.pdf
10,model,2,37,0.35487914,-2.90784189,band_10.pdf
10,model,2,38,0.36056032,-2.98182929,band_10.pdf
10,model,2,39,0.36624151,-3.09122288,band_10.pdf
10,model,2,40,0.37192269,-3.18979512,band_10.pdf
10,model,2,41,0.37760388,-3.27663400,band_10.pdf
10,model,2,42,0.38328506,-3.35115007,band_10.pdf
10,model,2,43,0.38896625,-3.41284820,band_10.pdf
10,model,2,44,0.39467528,-3.46130831,band_10.pdf
10,model,2,45,0.40035647,-3.49618481,band_10.pdf
10,model,2,46,0.40603765,-3.51721732,band_10.pdf
10,model,2,47,0.41171884,-3.52424585,band_10.pdf
10,model,2,48,0.42308121,-3.51403789,band_10.pdf
10,model,2,49,0.43444358,-3.48375607,band_10.pdf
10,model,2,50,0.44583380,-3.43445564,band_10.pdf
10,model,2,51,0.45719617,-3.36787056,band_10.pdf
10,model,2,52,0.46855854,-3.28634226,band_10.pdf
10,model,2,53,0.48562994,-3.14257660,band_10.pdf
10,model,2,54,0.53110727,-2.72811017,band_10.pdf
10,model,2,55,0.54246965,-2.64334176,band_10.pdf
10,model,2,56,0.55383202,-2.57681024,band_10.pdf
10,model,2,57,0.55951320,-2.55240754,band_10.pdf
10,model,2,58,0.56519439,-2.53521170,band_10.pdf
10,model,2,59,0.57087557,-2.52584199,band_10.pdf
10,model,2,60,0.58922803,-2.52320427,band_10.pdf
10,model,2,61,0.59619027,-2.52856751,band_10.pdf
10,model,2,62,0.60315250,-2.54288029,band_10.pdf
10,model,2,63,0.61011474,-2.56519509,band_10.pdf
10,model,2,64,0.61707697,-2.59520289,band_10.pdf
10,model,2,65,0.62403921,-2.63294824,band_10.pdf
10,model,2,66,0.63100145,-2.67841082,band_10.pdf
10,model,2,67,0.64492592,-2.79105730,band_10.pdf
10,model,2,68,0.65885040,-2.92672559,band_10.pdf
10,model,2,69,0.69366158,-3.28865174,band_10.pdf
10,model,2,70,0.70062382,-3.35080495,band_10.pdf
10,model,2,71,0.70758605,-3.40558463,band_10.pdf
10,model,2,72,0.71454829,-3.44982155,band_10.pdf
10,model,2,73,0.72151053,-3.48641838,band_10.pdf
10,model,2,74,0.72847276,-3.51248127,band_10.pdf
10,model,2,75,0.73543500,-3.42543798,band_10.pdf
10,model,2,76,0.74239724,-3.32376151,band_10.pdf
10,model,2,77,0.74935947,-3.25249068,band_10.pdf
10,model,2,78,0.75632171,-3.21134870,band_10.pdf
10,model,2,79,0.76328395,-3.19945508,band_10.pdf
10,model,2,80,0.77024618,-3.21498244,band_10.pdf
10,model,2,81,0.77720842,-3.25481611,band_10.pdf
10,model,2,82,0.79113290,-3.37917757,band_10.pdf
10,model,2,83,0.80505737,-3.29823125,band_10.pdf
10,model,2,84,0.81898184,-3.21942397,band_10.pdf
10,model,2,85,0.82594408,-3.18911359,band_10.pdf
10,model,2,86,0.83290632,-3.16870674,band_10.pdf
10,model,2,87,0.83986855,-3.16085082,band_10.pdf
10,model,2,88,0.84683079,-3.16767138,band_10.pdf
10,model,2,89,0.85379303,-3.19055811,band_10.pdf
10,model,2,90,0.86075526,-3.23006852,band_10.pdf
10,model,2,91,0.86771750,-3.28597000,band_10.pdf
10,model,2,92,0.87467974,-3.35732845,band_10.pdf
10,model,2,93,0.88164197,-3.44209828,band_10.pdf
10,model,2,94,0.88860421,-3.37472212,band_10.pdf
10,model,2,95,0.89556645,-3.20240646,band_10.pdf
10,model,2,96,0.90252868,-3.00561381,band_10.pdf
10,model,2,97,0.90949092,-2.78720553,band_10.pdf
10,model,2,98,0.92341540,-2.31219274,band_10.pdf
10,model,2,99,0.93037763,-2.37581993,band_10.pdf
10,model,2,100,0.94430211,-2.56602824,band_10.pdf
10,model,2,101,0.95822658,-2.73187075,band_10.pdf
10,model,2,102,0.96518881,-2.80188742,band_10.pdf
10,model,2,103,0.97215105,-2.86147898,band_10.pdf
10,model,2,104,0.97911329,-2.90938649,band_10.pdf
10,model,2,105,0.98607553,-2.94449761,band_10.pdf
10,model,2,106,0.99303776,-2.96594094,band_10.pdf
10,model,2,107,1.00000000,-2.97315308,band_10.pdf
10,model,2,108,1.00000000,-2.97315308,band_10.pdf
10,model,3,0,0.00000000,-2.49689733,band_10.pdf
10,model,3,1,0.04823438,-2.49721490,band_10.pdf
10,model,3,2,0.05628272,-2.48816773,band_10.pdf
10,model,3,3,0.06430322,-2.47207651,band_10.pdf
10,model,3,4,0.07235157,-2.44838182,band_10.pdf
10,model,3,5,0.08039991,-2.41581812,band_10.pdf
10,model,3,6,0.08842041,-2.37322024,band_10.pdf
10,model,3,7,0.09646875,-2.31955798,band_10.pdf
10,model,3,8,0.10451710,-2.25391536,band_10.pdf
10,model,3,9,0.11253760,-2.17552405,band_10.pdf
10,model,3,10,0.12058594,-2.08380278,band_10.pdf
10,model,3,11,0.12863429,-1.97848581,band_10.pdf
10,model,3,12,0.13665478,-1.85980149,band_10.pdf
10,model,3,13,0.14470313,-1.72951464,band_10.pdf
10,model,3,14,0.15275148,-1.71727389,band_10.pdf
10,model,3,15,0.16882032,-2.10744847,band_10.pdf
10,model,3,16,0.17686866,-2.28155774,band_10.pdf
10,model,3,17,0.18491701,-2.43843278,band_10.pdf
10,model,3,18,0.19293751,-2.57684698,band_10.pdf
10,model,3,19,0.20098585,-2.69581059,band_10.pdf
10,model,3,20,0.20903420,-2.79445665,band_10.pdf
10,model,3,21,0.21705470,-2.87204752,band_10.pdf
10,model,3,22,0.22510304,-2.92795261,band_10.pdf
10,model,3,23,0.23315139,-2.96168231,band_10.pdf
10,model,3,24,0.24117188,-2.97250728,band_10.pdf
10,model,3,25,0.24685307,-2.96738114,band_10.pdf
10,model,3,26,0.25256210,-2.95188643,band_10.pdf
10,model,3,27,0.25824329,-2.92644819,band_10.pdf
10,model,3,28,0.26392447,-2.89178000,band_10.pdf
10,model,3,29,0.27528684,-2.79919104,band_10.pdf
10,model,3,30,0.29233040,-2.62960689,band_10.pdf
10,model,3,31,0.29801159,-2.57271242,band_10.pdf
10,model,3,32,0.30372062,-2.49007653,band_10.pdf
10,model,3,33,0.30940180,-2.39771016,band_10.pdf
10,model,3,34,0.31508299,-2.29479434,band_10.pdf
10,model,3,35,0.32076417,-2.18084891,band_10.pdf
10,model,3,36,0.32644536,-2.12784898,band_10.pdf
10,model,3,37,0.33780773,-2.44253813,band_10.pdf
10,model,3,38,0.34919795,-2.72922421,band_10.pdf
10,model,3,39,0.35487914,-2.85607379,band_10.pdf
10,model,3,40,0.36056032,-2.72674859,band_10.pdf
10,model,3,41,0.37760388,-2.11481543,band_10.pdf
10,model,3,42,0.38896625,-1.69946519,band_10.pdf
10,model,3,43,0.39467528,-1.55315892,band_10.pdf
10,model,3,44,0.40035647,-1.58464419,band_10.pdf
10,model,3,45,0.40603765,-1.60585864,band_10.pdf
10,model,3,46,0.41171884,-1.61301230,band_10.pdf
10,model,3,47,0.42308121,-1.60228800,band_10.pdf
10,model,3,48,0.43444358,-1.57028923,band_10.pdf
10,model,3,49,0.44583380,-1.52045540,band_10.pdf
10,model,3,50,0.45151498,-1.55975559,band_10.pdf
10,model,3,51,0.45719617,-1.77771365,band_10.pdf
10,model,3,52,0.46287735,-2.01092740,band_10.pdf
10,model,3,53,0.46855854,-2.21696476,band_10.pdf
10,model,3,54,0.47423972,-2.38203462,band_10.pdf
10,model,3,55,0.47992091,-2.50297197,band_10.pdf
10,model,3,56,0.48562994,-2.58288968,band_10.pdf
10,model,3,57,0.49131113,-2.62836938,band_10.pdf
10,model,3,58,0.49699231,-2.64724437,band_10.pdf
10,model,3,59,0.50267350,-2.64711503,band_10.pdf
10,model,3,60,0.50835468,-2.63462597,band_10.pdf
10,model,3,61,0.54246965,-2.52178682,band_10.pdf
10,model,3,62,0.55383202,-2.50395797,band_10.pdf
10,model,3,63,0.56519439,-2.49411208,band_10.pdf
10,model,3,64,0.58922803,-2.49592963,band_10.pdf
10,model,3,65,0.59619027,-2.49861167,band_10.pdf
10,model,3,66,0.60315250,-2.51301705,band_10.pdf
10,model,3,67,0.61011474,-2.53719402,band_10.pdf
10,model,3,68,0.61707697,-2.56990685,band_10.pdf
10,model,3,69,0.62403921,-2.61085420,band_10.pdf
10,model,3,70,0.63100145,-2.65978160,band_10.pdf
10,model,3,71,0.64492592,-2.77933621,band_10.pdf
10,model,3,72,0.65885040,-2.92085808,band_10.pdf
10,model,3,73,0.68669934,-3.21923799,band_10.pdf
10,model,3,74,0.70062382,-3.34833259,band_10.pdf
10,model,3,75,0.70758605,-3.40290514,band_10.pdf
10,model,3,76,0.71454829,-3.44909985,band_10.pdf
10,model,3,77,0.72847276,-2.82677963,band_10.pdf
10,model,3,78,0.73543500,-2.54957780,band_10.pdf
10,model,3,79,0.74239724,-2.30867561,band_10.pdf
10,model,3,80,0.74935947,-2.11043439,band_10.pdf
10,model,3,81,0.75632171,-1.95925184,band_10.pdf
10,model,3,82,0.76328395,-1.88868311,band_10.pdf
10,model,3,83,0.77024618,-1.88812576,band_10.pdf
10,model,3,84,0.77720842,-1.87901804,band_10.pdf
10,model,3,85,0.79113290,-1.84191044,band_10.pdf
10,model,3,86,0.79809513,-1.89544099,band_10.pdf
10,model,3,87,0.81898184,-2.09027313,band_10.pdf
10,model,3,88,0.82594408,-2.14184619,band_10.pdf
10,model,3,89,0.83290632,-2.17852473,band_10.pdf
10,model,3,90,0.83986855,-2.19665894,band_10.pdf
10,model,3,91,0.84683079,-2.19325591,band_10.pdf
10,model,3,92,0.85379303,-2.16582694,band_10.pdf
10,model,3,93,0.86075526,-2.11228891,band_10.pdf
10,model,3,94,0.86771750,-2.03094179,band_10.pdf
10,model,3,95,0.87467974,-1.92057914,band_10.pdf
10,model,3,96,0.88164197,-1.78218586,band_10.pdf
10,model,3,97,0.88860421,-1.82168631,band_10.pdf
10,model,3,98,0.89556645,-1.89653898,band_10.pdf
10,model,3,99,0.90252868,-1.98214361,band_10.pdf
10,model,3,100,0.91645316,-2.17426746,band_10.pdf
10,model,3,101,0.93733987,-2.47128478,band_10.pdf
10,model,3,102,0.95126434,-2.65160697,band_10.pdf
10,model,3,103,0.95822658,-2.73090069,band_10.pdf
10,model,3,104,0.96518881,-2.80105854,band_10.pdf
10,model,3,105,0.97215105,-2.86074122,band_10.pdf
10,model,3,106,0.97911329,-2.90870170,band_10.pdf
10,model,3,107,0.98607553,-2.94383901,band_10.pdf
10,model,3,108,0.99303776,-2.96529271,band_10.pdf
10,model,3,109,1.00000000,-2.97250728,band_10.pdf
10,model,3,110,1.00000000,-2.97250728,band_10.pdf
10,model,4,0,0.00000000,-2.46426295,band_10.pdf
10,model,4,1,0.00804834,-2.46152397,band_10.pdf
10,model,4,2,0.01606884,-2.45128954,band_10.pdf
10,model,4,3,0.02411719,-2.42929414,band_10.pdf
10,model,4,4,0.03216554,-2.39343897,band_10.pdf
10,model,4,5,0.04018603,-2.34432044,band_10.pdf
10,model,4,6,0.04823438,-2.28303189,band_10.pdf
10,model,4,7,0.05628272,-2.21053155,band_10.pdf
10,model,4,8,0.06430322,-2.12778244,band_10.pdf
10,model,4,9,0.07235157,-2.03584776,band_10.pdf
10,model,4,10,0.08842041,-2.33414246,band_10.pdf
10,model,4,11,0.09646875,-2.31569051,band_10.pdf
10,model,4,12,0.10451710,-2.25201581,band_10.pdf
10,model,4,13,0.11253760,-2.17406744,band_10.pdf
10,model,4,14,0.12058594,-2.08232336,band_10.pdf
10,model,4,15,0.12863429,-1.97672704,band_10.pdf
10,model,4,16,0.13665478,-1.85747553,band_10.pdf
10,model,4,17,0.14470313,-1.72522651,band_10.pdf
10,model,4,18,0.15275148,-1.58117095,band_10.pdf
10,model,4,19,0.16882032,-1.26610557,band_10.pdf
10,model,4,20,0.19293751,-0.77364609,band_10.pdf
10,model,4,21,0.20098585,-0.62189891,band_10.pdf
10,model,4,22,0.20903420,-0.48606520,band_10.pdf
10,model,4,23,0.21705470,-0.37338537,band_10.pdf
10,model,4,24,0.22510304,-0.29207077,band_10.pdf
10,model,4,25,0.23315139,-0.24724682,band_10.pdf
10,model,4,26,0.24117188,-0.23392041,band_10.pdf
10,model,4,27,0.24685307,-0.24265178,band_10.pdf
10,model,4,28,0.25256210,-0.27412277,band_10.pdf
10,model,4,29,0.25824329,-0.33267442,band_10.pdf
10,model,4,30,0.26392447,-0.41681758,band_10.pdf
10,model,4,31,0.26960566,-0.52325883,band_10.pdf
10,model,4,32,0.27528684,-0.64841653,band_10.pdf
10,model,4,33,0.28096803,-0.78883834,band_10.pdf
10,model,4,34,0.29233040,-1.10283679,band_10.pdf
10,model,4,35,0.30940180,-1.61547838,band_10.pdf
10,model,4,36,0.32076417,-1.95823663,band_10.pdf
10,model,4,37,0.32644536,-2.05191433,band_10.pdf
10,model,4,38,0.33212655,-1.91623461,band_10.pdf
10,model,4,39,0.33780773,-1.77001378,band_10.pdf
10,model,4,40,0.34348892,-1.66349864,band_10.pdf
10,model,4,41,0.34919795,-1.64599862,band_10.pdf
10,model,4,42,0.35487914,-1.61975680,band_10.pdf
10,model,4,43,0.36056032,-1.58187565,band_10.pdf
10,model,4,44,0.37760388,-1.44646231,band_10.pdf
10,model,4,45,0.38328506,-1.44787786,band_10.pdf
10,model,4,46,0.38896625,-1.49851545,band_10.pdf
10,model,4,47,0.39467528,-1.49240509,band_10.pdf
10,model,4,48,0.40035647,-1.31542105,band_10.pdf
10,model,4,49,0.40603765,-1.25811486,band_10.pdf
10,model,4,50,0.41171884,-1.25279468,band_10.pdf
10,model,4,51,0.42308121,-1.26225801,band_10.pdf
10,model,4,52,0.42876239,-1.27495450,band_10.pdf
10,model,4,53,0.43444358,-1.29514123,band_10.pdf
10,model,4,54,0.44015261,-1.32843979,band_10.pdf
10,model,4,55,0.44583380,-1.39285354,band_10.pdf
10,model,4,56,0.45151498,-1.46836913,band_10.pdf
10,model,4,57,0.45719617,-1.43843059,band_10.pdf
10,model,4,58,0.46287735,-1.40056965,band_10.pdf
10,model,4,59,0.46855854,-1.37526643,band_10.pdf
10,model,4,60,0.47423972,-1.38298413,band_10.pdf
10,model,4,61,0.49699231,-1.47109181,band_10.pdf
10,model,4,62,0.50267350,-1.50359721,band_10.pdf
10,model,4,63,0.50835468,-1.60622942,band_10.pdf
10,model,4,64,0.51971705,-1.83746565,band_10.pdf
10,model,4,65,0.53110727,-2.04453019,band_10.pdf
10,model,4,66,0.53678846,-2.13562646,band_10.pdf
10,model,4,67,0.54246965,-2.21729536,band_10.pdf
10,model,4,68,0.54815083,-2.28883505,band_10.pdf
10,model,4,69,0.55383202,-2.34960299,band_10.pdf
10,model,4,70,0.55951320,-2.39883765,band_10.pdf
10,model,4,71,0.56519439,-2.43527575,band_10.pdf
10,model,4,72,0.57087557,-2.45658429,band_10.pdf
10,model,4,73,0.58226579,-2.46426295,band_10.pdf
10,model,4,74,0.58922803,-2.46208973,band_10.pdf
10,model,4,75,0.59619027,-2.44414909,band_10.pdf
10,model,4,76,0.60315250,-2.39953488,band_10.pdf
10,model,4,77,0.61011474,-2.33194744,band_10.pdf
10,model,4,78,0.61707697,-2.24383911,band_10.pdf
10,model,4,79,0.62403921,-2.13620478,band_10.pdf
10,model,4,80,0.63100145,-2.00954935,band_10.pdf
10,model,4,81,0.63796368,-1.86401468,band_10.pdf
10,model,4,82,0.64492592,-1.69953634,band_10.pdf
10,model,4,83,0.65188816,-1.51737249,band_10.pdf
10,model,4,84,0.65885040,-1.39097189,band_10.pdf
10,model,4,85,0.67973711,-1.35305181,band_10.pdf
10,model,4,86,0.68669934,-1.35697581,band_10.pdf
10,model,4,87,0.69366158,-1.40303839,band_10.pdf
10,model,4,88,0.72151053,-1.68427400,band_10.pdf
10,model,4,89,0.72847276,-1.74149671,band_10.pdf
10,model,4,90,0.73543500,-1.79029578,band_10.pdf
10,model,4,91,0.74239724,-1.82983356,band_10.pdf
10,model,4,92,0.74935947,-1.85949133,band_10.pdf
10,model,4,93,0.75632171,-1.87888035,band_10.pdf
10,model,4,94,0.76328395,-1.88623214,band_10.pdf
10,model,4,95,0.77024618,-1.88581408,band_10.pdf
10,model,4,96,0.77720842,-1.87645409,band_10.pdf
10,model,4,97,0.79113290,-1.83623756,band_10.pdf
10,model,4,98,0.80505737,-1.78472647,band_10.pdf
10,model,4,99,0.82594408,-1.70096777,band_10.pdf
10,model,4,100,0.83986855,-1.66159583,band_10.pdf
10,model,4,101,0.84683079,-1.65114940,band_10.pdf
10,model,4,102,0.85379303,-1.64910256,band_10.pdf
10,model,4,103,0.86075526,-1.65731386,band_10.pdf
10,model,4,104,0.86771750,-1.67757625,band_10.pdf
10,model,4,105,0.87467974,-1.71130187,band_10.pdf
10,model,4,106,0.88860421,-1.80973712,band_10.pdf
10,model,4,107,0.89556645,-1.88619700,band_10.pdf
10,model,4,108,0.90949092,-2.06844594,band_10.pdf
10,model,4,109,0.91645316,-2.16784474,band_10.pdf
10,model,4,110,0.92341540,-2.25711688,band_10.pdf
10,model,4,111,0.93037763,-2.03451136,band_10.pdf
10,model,4,112,0.95126434,-1.24705853,band_10.pdf
10,model,4,113,0.95822658,-1.00323008,band_10.pdf
10,model,4,114,0.96518881,-0.78007977,band_10.pdf
10,model,4,115,0.97215105,-0.58482762,band_10.pdf
10,model,4,116,0.97911329,-0.42493023,band_10.pdf
10,model,4,117,0.98607553,-0.30875832,band_10.pdf
10,model,4,118,0.99303776,-0.24753192,band_10.pdf
10,model,4,119,1.00000000,-0.23392041,band_10.pdf
10,model,4,120,1.00000000,-0.23392041,band_10.pdf
10,model,5,0,0.00000000,-1.30014656,band_10.pdf
10,model,5,1,0.00804834,-1.30847778,band_10.pdf
10,model,5,2,0.01606884,-1.33666536,band_10.pdf
10,model,5,3,0.02411719,-1.38396759,band_10.pdf
10,model,5,4,0.03216554,-1.44971472,band_10.pdf
10,model,5,5,0.04018603,-1.53327275,band_10.pdf
10,model,5,6,0.04823438,-1.63384935,band_10.pdf
10,model,5,7,0.05628272,-1.75049121,band_10.pdf
10,model,5,8,0.06430322,-1.88203667,band_10.pdf
10,model,5,9,0.07235157,-2.02706969,band_10.pdf
10,model,5,10,0.08039991,-1.93594665,band_10.pdf
10,model,5,11,0.09646875,-1.71767215,band_10.pdf
10,model,5,12,0.12863429,-1.25459553,band_10.pdf
10,model,5,13,0.13665478,-1.27889911,band_10.pdf
10,model,5,14,0.14470313,-1.49299384,band_10.pdf
10,model,5,15,0.15275148,-1.57692033,band_10.pdf
10,model,5,16,0.16079982,-1.42687741,band_10.pdf
10,model,5,17,0.20098585,-0.61868548,band_10.pdf
10,model,5,18,0.20903420,-0.48082762,band_10.pdf
10,model,5,19,0.21705470,-0.36421182,band_10.pdf
10,model,5,20,0.22510304,-0.27509254,band_10.pdf
10,model,5,21,0.23315139,-0.21900265,band_10.pdf
10,model,5,22,0.24117188,-0.19983700,band_10.pdf
10,model,5,23,0.24685307,-0.20632276,band_10.pdf
10,model,5,24,0.25256210,-0.22950489,band_10.pdf
10,model,5,25,0.25824329,-0.27612855,band_10.pdf
10,model,5,26,0.26392447,-0.34195052,band_10.pdf
10,model,5,27,0.26960566,-0.42346639,band_10.pdf
10,model,5,28,0.27528684,-0.51872547,band_10.pdf
10,model,5,29,0.28096803,-0.62575814,band_10.pdf
10,model,5,30,0.29233040,-0.86553830,band_10.pdf
10,model,5,31,0.30940180,-1.24176644,band_10.pdf
10,model,5,32,0.31508299,-1.35541314,band_10.pdf
10,model,5,33,0.32076417,-1.45531698,band_10.pdf
10,model,5,34,0.32644536,-1.53685802,band_10.pdf
10,model,5,35,0.33212655,-1.59616887,band_10.pdf
10,model,5,36,0.33780773,-1.62930526,band_10.pdf
10,model,5,37,0.34348892,-1.58838025,band_10.pdf
10,model,5,38,0.34919795,-1.42740774,band_10.pdf
10,model,5,39,0.36056032,-1.06256101,band_10.pdf
10,model,5,40,0.36624151,-1.13843221,band_10.pdf
10,model,5,41,0.37192269,-1.24308607,band_10.pdf
10,model,5,42,0.37760388,-1.32812980,band_10.pdf
10,model,5,43,0.38328506,-1.35852360,band_10.pdf
10,model,5,44,0.40035647,-1.27351335,band_10.pdf
10,model,5,45,0.40603765,-1.17886280,band_10.pdf
10,model,5,46,0.41171884,-1.12558855,band_10.pdf
10,model,5,47,0.43444358,-1.13394613,band_10.pdf
10,model,5,48,0.44583380,-1.14528400,band_10.pdf
10,model,5,49,0.45151498,-1.16250816,band_10.pdf
10,model,5,50,0.45719617,-1.24424946,band_10.pdf
10,model,5,51,0.46287735,-1.28455480,band_10.pdf
10,model,5,52,0.46855854,-1.29538202,band_10.pdf
10,model,5,53,0.47423972,-1.26551789,band_10.pdf
10,model,5,54,0.47992091,-1.22817329,band_10.pdf
10,model,5,55,0.48562994,-1.22985274,band_10.pdf
10,model,5,56,0.49131113,-1.25088334,band_10.pdf
10,model,5,57,0.49699231,-1.34580010,band_10.pdf
10,model,5,58,0.50267350,-1.45263755,band_10.pdf
10,model,5,59,0.50835468,-1.48322325,band_10.pdf
10,model,5,60,0.51403587,-1.48886028,band_10.pdf
10,model,5,61,0.51971705,-1.48628400,band_10.pdf
10,model,5,62,0.53110727,-1.46124492,band_10.pdf
10,model,5,63,0.54246965,-1.41685070,band_10.pdf
10,model,5,64,0.55951320,-1.34266772,band_10.pdf
10,model,5,65,0.57087557,-1.30839323,band_10.pdf
10,model,5,66,0.58226579,-1.30014656,band_10.pdf
10,model,5,67,0.59619027,-1.30990773,band_10.pdf
10,model,5,68,0.61011474,-1.33553005,band_10.pdf
10,model,5,69,0.63100145,-1.37866875,band_10.pdf
10,model,5,70,0.64492592,-1.39128442,band_10.pdf
10,model,5,71,0.65188816,-1.38895236,band_10.pdf
10,model,5,72,0.65885040,-1.35968759,band_10.pdf
10,model,5,73,0.67973711,-1.30659813,band_10.pdf
10,model,5,74,0.68669934,-1.31036838,band_10.pdf
10,model,5,75,0.69366158,-1.38028278,band_10.pdf
10,model,5,76,0.70758605,-1.54125648,band_10.pdf
10,model,5,77,0.72151053,-1.68008896,band_10.pdf
10,model,5,78,0.72847276,-1.73812989,band_10.pdf
10,model,5,79,0.73543500,-1.78745206,band_10.pdf
10,model,5,80,0.74239724,-1.82733117,band_10.pdf
10,model,5,81,0.74935947,-1.85722379,band_10.pdf
10,model,5,82,0.75632171,-1.87683464,band_10.pdf
10,model,5,83,0.76328395,-1.85558701,band_10.pdf
10,model,5,84,0.77024618,-1.79834261,band_10.pdf
10,model,5,85,0.77720842,-1.78124666,band_10.pdf
10,model,5,86,0.78417066,-1.79716488,band_10.pdf
10,model,5,87,0.79113290,-1.83614028,band_10.pdf
10,model,5,88,0.81201961,-1.74771852,band_10.pdf
10,model,5,89,0.82594408,-1.69022339,band_10.pdf
10,model,5,90,0.83986855,-1.64807206,band_10.pdf
10,model,5,91,0.84683079,-1.63658121,band_10.pdf
10,model,5,92,0.85379303,-1.63384105,band_10.pdf
10,model,5,93,0.86075526,-1.64178804,band_10.pdf
10,model,5,94,0.86771750,-1.66226509,band_10.pdf
10,model,5,95,0.87467974,-1.69668569,band_10.pdf
10,model,5,96,0.88164197,-1.74496106,band_10.pdf
10,model,5,97,0.88860421,-1.60966124,band_10.pdf
10,model,5,98,0.89556645,-1.41091304,band_10.pdf
10,model,5,99,0.90252868,-1.18521519,band_10.pdf
10,model,5,100,0.91645316,-0.70095255,band_10.pdf
10,model,5,101,0.92341540,-0.60528323,band_10.pdf
10,model,5,102,0.93733987,-0.49410367,band_10.pdf
10,model,5,103,0.95126434,-0.39548789,band_10.pdf
10,model,5,104,0.96518881,-0.31324517,band_10.pdf
10,model,5,105,0.97911329,-0.25257428,band_10.pdf
10,model,5,106,0.99303776,-0.21041306,band_10.pdf
10,model,5,107,1.00000000,-0.19983700,band_10.pdf
10,model,5,108,1.00000000,-0.19983700,band_10.pdf
10,model,6,0,0.00000000,-1.29283198,band_10.pdf
10,model,6,1,0.00804834,-1.29118916,band_10.pdf
10,model,6,2,0.01606884,-1.28275603,band_10.pdf
10,model,6,3,0.02411719,-1.26741910,band_10.pdf
10,model,6,4,0.03216554,-1.24463736,band_10.pdf
10,model,6,5,0.04018603,-1.21374268,band_10.pdf
10,model,6,6,0.04823438,-1.17434123,band_10.pdf
10,model,6,7,0.05628272,-1.12639017,band_10.pdf
10,model,6,8,0.06430322,-1.06998556,band_10.pdf
10,model,6,9,0.07235157,-1.00470666,band_10.pdf
10,model,6,10,0.08039991,-0.92849497,band_10.pdf
10,model,6,11,0.08842041,-0.83605650,band_10.pdf
10,model,6,12,0.09646875,-0.71719781,band_10.pdf
10,model,6,13,0.10451710,-0.55602131,band_10.pdf
10,model,6,14,0.11253760,-0.53798664,band_10.pdf
10,model,6,15,0.12863429,-1.01240096,band_10.pdf
10,model,6,16,0.13665478,-1.10548008,band_10.pdf
10,model,6,17,0.15275148,-0.89160854,band_10.pdf
10,model,6,18,0.16882032,-0.68290478,band_10.pdf
10,model,6,19,0.17686866,-0.58790834,band_10.pdf
10,model,6,20,0.18491701,-0.50078056,band_10.pdf
10,model,6,21,0.19293751,-0.42255326,band_10.pdf
10,model,6,22,0.20098585,-0.35403557,band_10.pdf
10,model,6,23,0.20903420,-0.29567523,band_10.pdf
10,model,6,24,0.21705470,-0.24717371,band_10.pdf
10,model,6,25,0.22510304,-0.20714210,band_10.pdf
10,model,6,26,0.23315139,-0.17638297,band_10.pdf
10,model,6,27,0.24117188,-0.16402052,band_10.pdf
10,model,6,28,0.25824329,-0.18737590,band_10.pdf
10,model,6,29,0.26960566,-0.18133172,band_10.pdf
10,model,6,30,0.28664922,-0.15829782,band_10.pdf
10,model,6,31,0.30940180,-0.11233110,band_10.pdf
10,model,6,32,0.32076417,-0.08778353,band_10.pdf
10,model,6,33,0.32644536,-0.09773174,band_10.pdf
10,model,6,34,0.33212655,-0.25185993,band_10.pdf
10,model,6,35,0.34348892,-0.58856220,band_10.pdf
10,model,6,36,0.35487914,-0.88715960,band_10.pdf
10,model,6,37,0.36056032,-1.01855102,band_10.pdf
10,model,6,38,0.36624151,-0.86795194,band_10.pdf
10,model,6,39,0.38896625,-0.06118474,band_10.pdf
10,model,6,40,0.39467528,0.05353559,band_10.pdf
10,model,6,41,0.41171884,0.06115696,band_10.pdf
10,model,6,42,0.41740002,0.05204313,band_10.pdf
10,model,6,43,0.42308121,0.01587194,band_10.pdf
10,model,6,44,0.42876239,-0.18879021,band_10.pdf
10,model,6,45,0.43444358,-0.44661724,band_10.pdf
10,model,6,46,0.44583380,-0.98544644,band_10.pdf
10,model,6,47,0.45151498,-1.15272015,band_10.pdf
10,model,6,48,0.47423972,-1.19401227,band_10.pdf
10,model,6,49,0.47992091,-1.19268760,band_10.pdf
10,model,6,50,0.48562994,-1.15255776,band_10.pdf
10,model,6,51,0.49131113,-1.20123069,band_10.pdf
10,model,6,52,0.49699231,-1.24182071,band_10.pdf
10,model,6,53,0.50835468,-1.26566038,band_10.pdf
10,model,6,54,0.52539824,-1.28819316,band_10.pdf
10,model,6,55,0.54246965,-1.29817194,band_10.pdf
10,model,6,56,0.57087557,-1.29774340,band_10.pdf
10,model,6,57,0.58922803,-1.29532769,band_10.pdf
10,model,6,58,0.60315250,-1.31308650,band_10.pdf
10,model,6,59,0.63100145,-1.35923114,band_10.pdf
10,model,6,60,0.64492592,-1.36366520,band_10.pdf
10,model,6,61,0.65188816,-1.35680861,band_10.pdf
10,model,6,62,0.65885040,-1.29017584,band_10.pdf
10,model,6,63,0.66581263,-1.08150005,band_10.pdf
10,model,6,64,0.67277487,-1.09428132,band_10.pdf
10,model,6,65,0.67973711,-1.18376912,band_10.pdf
10,model,6,66,0.68669934,-1.25448953,band_10.pdf
10,model,6,67,0.69366158,-1.26347994,band_10.pdf
10,model,6,68,0.70758605,-1.23211210,band_10.pdf
10,model,6,69,0.73543500,-1.15698275,band_10.pdf
10,model,6,70,0.75632171,-1.11650595,band_10.pdf
10,model,6,71,0.77720842,-1.09175807,band_10.pdf
10,model,6,72,0.79113290,-1.08427528,band_10.pdf
10,model,6,73,0.81201961,-1.09715212,band_10.pdf
10,model,6,74,0.83290632,-1.10664157,band_10.pdf
10,model,6,75,0.84683079,-1.09347732,band_10.pdf
10,model,6,76,0.85379303,-1.07720178,band_10.pdf
10,model,6,77,0.86075526,-1.05353192,band_10.pdf
10,model,6,78,0.86771750,-1.02236238,band_10.pdf
10,model,6,79,0.88164197,-0.93907778,band_10.pdf
10,model,6,80,0.89556645,-0.83279359,band_10.pdf
10,model,6,81,0.94430211,-0.42150273,band_10.pdf
10,model,6,82,0.95822658,-0.32222864,band_10.pdf
10,model,6,83,0.97215105,-0.24439095,band_10.pdf
10,model,6,84,0.98607553,-0.19184231,band_10.pdf
10,model,6,85,0.99303776,-0.17353374,band_10.pdf
10,model,6,86,1.00000000,-0.16402052,band_10.pdf
10,model,6,87,1.00000000,-0.16402052,band_10.pdf
10,model,7,0,0.00000000,-0.37878546,band_10.pdf
10,model,7,1,0.03216554,-0.37492812,band_10.pdf
10,model,7,2,0.04823438,-0.38153001,band_10.pdf
10,model,7,3,0.06430322,-0.37111688,band_10.pdf
10,model,7,4,0.07235157,-0.35515269,band_10.pdf
10,model,7,5,0.08039991,-0.32988401,band_10.pdf
10,model,7,6,0.08842041,-0.29386479,band_10.pdf
10,model,7,7,0.09646875,-0.24675868,band_10.pdf
10,model,7,8,0.10451710,-0.30030173,band_10.pdf
10,model,7,9,0.11253760,-0.33396946,band_10.pdf
10,model,7,10,0.12058594,-0.06172242,band_10.pdf
10,model,7,11,0.12863429,0.09579025,band_10.pdf
10,model,7,12,0.13665478,0.22911267,band_10.pdf
10,model,7,13,0.14470313,0.37529665,band_10.pdf
10,model,7,14,0.15275148,0.53591521,band_10.pdf
10,model,7,15,0.16079982,0.71008959,band_10.pdf
10,model,7,16,0.17686866,1.09153654,band_10.pdf
10,model,7,17,0.20098585,1.69093668,band_10.pdf
10,model,7,18,0.20903420,1.87207892,band_10.pdf
10,model,7,19,0.21705470,2.02733892,band_10.pdf
10,model,7,20,0.22510304,2.14369130,band_10.pdf
10,model,7,21,0.23315139,2.20896741,band_10.pdf
10,model,7,22,0.24117188,2.22752346,band_10.pdf
10,model,7,23,0.24685307,2.21525540,band_10.pdf
10,model,7,24,0.25256210,2.17132473,band_10.pdf
10,model,7,25,0.25824329,2.09197420,band_10.pdf
10,model,7,26,0.26392447,1.98071869,band_10.pdf
10,model,7,27,0.26960566,1.84280111,band_10.pdf
10,model,7,28,0.27528684,1.68356913,band_10.pdf
10,model,7,29,0.28664922,1.32049593,band_10.pdf
10,model,7,30,0.30372062,0.72271534,band_10.pdf
10,model,7,31,0.32076417,0.12965207,band_10.pdf
10,model,7,32,0.32644536,-0.03583680,band_10.pdf
10,model,7,33,0.33212655,-0.05022523,band_10.pdf
10,model,7,34,0.37760388,0.03813159,band_10.pdf
10,model,7,35,0.38896625,0.05197707,band_10.pdf
10,model,7,36,0.39467528,0.13544652,band_10.pdf
10,model,7,37,0.40035647,0.30697667,band_10.pdf
10,model,7,38,0.40603765,0.27424939,band_10.pdf
10,model,7,39,0.41171884,0.20899265,band_10.pdf
10,model,7,40,0.41740002,0.16064754,band_10.pdf
10,model,7,41,0.42308121,0.03166100,band_10.pdf
10,model,7,42,0.42876239,-0.01786629,band_10.pdf
10,model,7,43,0.43444358,-0.07933519,band_10.pdf
10,model,7,44,0.44015261,-0.16718644,band_10.pdf
10,model,7,45,0.45151498,-0.47507790,band_10.pdf
10,model,7,46,0.45719617,-0.60387810,band_10.pdf
10,model,7,47,0.46287735,-0.70190247,band_10.pdf
10,model,7,48,0.47423972,-0.83293140,band_10.pdf
10,model,7,49,0.48562994,-1.06271761,band_10.pdf
10,model,7,50,0.49131113,-1.07153519,band_10.pdf
10,model,7,51,0.50267350,-0.94351445,band_10.pdf
10,model,7,52,0.51971705,-0.74583716,band_10.pdf
10,model,7,53,0.53110727,-0.62627585,band_10.pdf
10,model,7,54,0.54246965,-0.52448325,band_10.pdf
10,model,7,55,0.55383202,-0.44595171,band_10.pdf
10,model,7,56,0.55951320,-0.41704260,band_10.pdf
10,model,7,57,0.56519439,-0.39602562,band_10.pdf
10,model,7,58,0.57087557,-0.38348632,band_10.pdf
10,model,7,59,0.58226579,-0.37878546,band_10.pdf
10,model,7,60,0.58922803,-0.37915014,band_10.pdf
10,model,7,61,0.59619027,-0.38725864,band_10.pdf
10,model,7,62,0.60315250,-0.40570402,band_10.pdf
10,model,7,63,0.61011474,-0.43378691,band_10.pdf
10,model,7,64,0.61707697,-0.47176185,band_10.pdf
10,model,7,65,0.62403921,-0.52003237,band_10.pdf
10,model,7,66,0.63100145,-0.57868473,band_10.pdf
10,model,7,67,0.63796368,-0.64727583,band_10.pdf
10,model,7,68,0.65188816,-0.80934561,band_10.pdf
10,model,7,69,0.67973711,-1.16679961,band_10.pdf
10,model,7,70,0.68669934,-1.23035113,band_10.pdf
10,model,7,71,0.69366158,-1.23863566,band_10.pdf
10,model,7,72,0.71454829,-1.17981337,band_10.pdf
10,model,7,73,0.73543500,-1.12761548,band_10.pdf
10,model,7,74,0.74935947,-1.10333767,band_10.pdf
10,model,7,75,0.77024618,-1.08349700,band_10.pdf
10,model,7,76,0.79809513,-1.08076756,band_10.pdf
10,model,7,77,0.83290632,-1.07265272,band_10.pdf
10,model,7,78,0.84683079,-1.05397687,band_10.pdf
10,model,7,79,0.86075526,-1.01496320,band_10.pdf
10,model,7,80,0.87467974,-0.95255712,band_10.pdf
10,model,7,81,0.88860421,-0.86844305,band_10.pdf
10,model,7,82,0.90252868,-0.76753176,band_10.pdf
10,model,7,83,0.90949092,-0.70731436,band_10.pdf
10,model,7,84,0.91645316,-0.60739518,band_10.pdf
10,model,7,85,0.92341540,-0.34993276,band_10.pdf
10,model,7,86,0.93733987,0.26938596,band_10.pdf
10,model,7,87,0.95822658,1.21340793,band_10.pdf
10,model,7,88,0.96518881,1.49892160,band_10.pdf
10,model,7,89,0.97215105,1.75306891,band_10.pdf
10,model,7,90,0.97911329,1.96458185,band_10.pdf
10,model,7,91,0.98607553,2.12146815,band_10.pdf
10,model,7,92,0.99303776,2.20809575,band_10.pdf
10,model,7,93,1.00000000,2.22752346,band_10.pdf
10,model,7,94,1.00000000,2.22752346,band_10.pdf
10,model,8,0,0.00000000,-0.35779384,band_10.pdf
10,model,8,1,0.02411719,-0.36845967,band_10.pdf
10,model,8,2,0.04018603,-0.37801613,band_10.pdf
10,model,8,3,0.05628272,-0.37618714,band_10.pdf
10,model,8,4,0.06430322,-0.36730765,band_10.pdf
10,model,8,5,0.07235157,-0.35073652,band_10.pdf
10,model,8,6,0.08039991,-0.32477713,band_10.pdf
10,model,8,7,0.08842041,-0.28773369,band_10.pdf
10,model,8,8,0.09646875,-0.23786117,band_10.pdf
10,model,8,9,0.10451710,-0.17492061,band_10.pdf
10,model,8,10,0.11253760,-0.10020493,band_10.pdf
10,model,8,11,0.12058594,-0.00597101,band_10.pdf
10,model,8,12,0.12863429,0.10544536,band_10.pdf
10,model,8,13,0.13665478,0.23378200,band_10.pdf
10,model,8,14,0.14470313,0.37844894,band_10.pdf
10,model,8,15,0.15275148,0.53846056,band_10.pdf
10,model,8,16,0.16079982,0.71240003,band_10.pdf
10,model,8,17,0.17686866,1.09391161,band_10.pdf
10,model,8,18,0.20098585,1.69474484,band_10.pdf
10,model,8,19,0.20903420,1.87729653,band_10.pdf
10,model,8,20,0.21705470,2.03548054,band_10.pdf
10,model,8,21,0.22510304,2.15863512,band_10.pdf
10,model,8,22,0.23315139,2.23711838,band_10.pdf
10,model,8,23,0.24117188,2.26410269,band_10.pdf
10,model,8,24,0.24685307,2.25508823,band_10.pdf
10,model,8,25,0.25256210,2.22002741,band_10.pdf
10,model,8,26,0.25824329,2.15260835,band_10.pdf
10,model,8,27,0.26392447,2.06003296,band_10.pdf
10,model,8,28,0.26960566,1.94619175,band_10.pdf
10,model,8,29,0.27528684,1.81423570,band_10.pdf
10,model,8,30,0.28664922,1.51243784,band_10.pdf
10,model,8,31,0.29801159,1.19564052,band_10.pdf
10,model,8,32,0.30372062,1.04717668,band_10.pdf
10,model,8,33,0.30940180,0.91415316,band_10.pdf
10,model,8,34,0.31508299,0.80285476,band_10.pdf
10,model,8,35,0.32076417,0.71854399,band_10.pdf
10,model,8,36,0.32644536,0.66474296,band_10.pdf
10,model,8,37,0.33212655,0.64259927,band_10.pdf
10,model,8,38,0.33780773,0.65072797,band_10.pdf
10,model,8,39,0.34348892,0.68559002,band_10.pdf
10,model,8,40,0.34919795,0.74224656,band_10.pdf
10,model,8,41,0.35487914,0.81516175,band_10.pdf
10,model,8,42,0.36624151,0.98789955,band_10.pdf
10,model,8,43,0.37760388,1.16397555,band_10.pdf
10,model,8,44,0.38328506,1.23220879,band_10.pdf
10,model,8,45,0.39467528,0.68320766,band_10.pdf
10,model,8,46,0.40035647,0.44583161,band_10.pdf
10,model,8,47,0.40603765,0.43495801,band_10.pdf
10,model,8,48,0.41171884,0.48421275,band_10.pdf
10,model,8,49,0.41740002,0.45109254,band_10.pdf
10,model,8,50,0.42308121,0.35703920,band_10.pdf
10,model,8,51,0.42876239,0.21603131,band_10.pdf
10,model,8,52,0.44015261,-0.12065497,band_10.pdf
10,model,8,53,0.45151498,-0.33059244,band_10.pdf
10,model,8,54,0.46287735,-0.55379572,band_10.pdf
10,model,8,55,0.46855854,-0.67185361,band_10.pdf
10,model,8,56,0.47423972,-0.77072215,band_10.pdf
10,model,8,57,0.47992091,-0.79748014,band_10.pdf
10,model,8,58,0.48562994,-0.78886809,band_10.pdf
10,model,8,59,0.49131113,-0.76214671,band_10.pdf
10,model,8,60,0.49699231,-0.72352159,band_10.pdf
10,model,8,61,0.52539824,-0.49326484,band_10.pdf
10,model,8,62,0.53678846,-0.42880410,band_10.pdf
10,model,8,63,0.54815083,-0.38750843,band_10.pdf
10,model,8,64,0.55951320,-0.36378702,band_10.pdf
10,model,8,65,0.57087557,-0.35413629,band_10.pdf
10,model,8,66,0.59619027,-0.36117501,band_10.pdf
10,model,8,67,0.60315250,-0.37903999,band_10.pdf
10,model,8,68,0.61011474,-0.40825761,band_10.pdf
10,model,8,69,0.61707697,-0.44814382,band_10.pdf
10,model,8,70,0.62403921,-0.49879493,band_10.pdf
10,model,8,71,0.63100145,-0.56010753,band_10.pdf
10,model,8,72,0.63796368,-0.63146497,band_10.pdf
10,model,8,73,0.65188816,-0.79862131,band_10.pdf
10,model,8,74,0.65885040,-0.88972960,band_10.pdf
10,model,8,75,0.66581263,-0.97121691,band_10.pdf
10,model,8,76,0.67277487,-0.79562704,band_10.pdf
10,model,8,77,0.67973711,-0.50866374,band_10.pdf
10,model,8,78,0.68669934,-0.18858415,band_10.pdf
10,model,8,79,0.69366158,0.16123006,band_10.pdf
10,model,8,80,0.70062382,0.53672857,band_10.pdf
10,model,8,81,0.71454829,1.34419406,band_10.pdf
10,model,8,82,0.72151053,1.68540185,band_10.pdf
10,model,8,83,0.73543500,1.74394626,band_10.pdf
10,model,8,84,0.74935947,1.79275807,band_10.pdf
10,model,8,85,0.76328395,1.83186500,band_10.pdf
10,model,8,86,0.77720842,1.85957694,band_10.pdf
10,model,8,87,0.79113290,1.87281543,band_10.pdf
10,model,8,88,0.80505737,1.85777308,band_10.pdf
10,model,8,89,0.81898184,1.82084458,band_10.pdf
10,model,8,90,0.83290632,1.76356286,band_10.pdf
10,model,8,91,0.86075526,1.62617253,band_10.pdf
10,model,8,92,0.86771750,1.59959992,band_10.pdf
10,model,8,93,0.87467974,1.58119365,band_10.pdf
10,model,8,94,0.88164197,1.57301873,band_10.pdf
10,model,8,95,0.88860421,1.57643070,band_10.pdf
10,model,8,96,0.89556645,1.59193697,band_10.pdf
10,model,8,97,0.90252868,1.61922297,band_10.pdf
10,model,8,98,0.90949092,1.65731291,band_10.pdf
10,model,8,99,0.92341540,1.75804343,band_10.pdf
10,model,8,100,0.93733987,1.87188002,band_10.pdf
10,model,8,101,0.95822658,2.05164919,band_10.pdf
10,model,8,102,0.97215105,2.15291099,band_10.pdf
10,model,8,103,0.97911329,2.19238378,band_10.pdf
10,model,8,104,0.99303776,2.24969761,band_10.pdf
10,model,8,105,1.00000000,2.26410269,band_10.pdf
10,model,8,106,1.00000000,2.26410269,band_10.pdf
10,model,9,0,0.00000000,-0.32658366,band_10.pdf
10,model,9,1,0.00804834,-0.32372110,band_10.pdf
10,model,9,2,0.01606884,-0.31191333,band_10.pdf
10,model,9,3,0.02411719,-0.28562269,band_10.pdf
10,model,9,4,0.03216554,-0.24369449,band_10.pdf
10,model,9,5,0.04018603,-0.18736370,band_10.pdf
10,model,9,6,0.04823438,-0.11770063,band_10.pdf
10,model,9,7,0.05628272,-0.03557409,band_10.pdf
10,model,9,8,0.06430322,0.05807671,band_10.pdf
10,model,9,9,0.07235157,0.16215338,band_10.pdf
10,model,9,10,0.08039991,0.27535347,band_10.pdf
10,model,9,11,0.08842041,0.17494283,band_10.pdf
10,model,9,12,0.09646875,-0.05388693,band_10.pdf
10,model,9,13,0.10451710,-0.17319312,band_10.pdf
10,model,9,14,0.11253760,-0.09032800,band_10.pdf
10,model,9,15,0.12058594,0.04080083,band_10.pdf
10,model,9,16,0.12863429,0.39174347,band_10.pdf
10,model,9,17,0.14470313,1.32780145,band_10.pdf
10,model,9,18,0.16079982,1.57940181,band_10.pdf
10,model,9,19,0.17686866,1.80599792,band_10.pdf
10,model,9,20,0.18491701,1.90680339,band_10.pdf
10,model,9,21,0.19293751,1.99763796,band_10.pdf
10,model,9,22,0.20098585,2.07740115,band_10.pdf
10,model,9,23,0.20903420,2.14525141,band_10.pdf
10,model,9,24,0.21705470,2.20102468,band_10.pdf
10,model,9,25,0.22510304,2.24622396,band_10.pdf
10,model,9,26,0.23315139,2.28273601,band_10.pdf
10,model,9,27,0.24117188,2.29897724,band_10.pdf
10,model,9,28,0.25824329,2.27368197,band_10.pdf
10,model,9,29,0.27528684,2.28635037,band_10.pdf
10,model,9,30,0.29233040,2.31302713,band_10.pdf
10,model,9,31,0.31508299,2.36458911,band_10.pdf
10,model,9,32,0.36056032,2.48707289,band_10.pdf
10,model,9,33,0.36624151,2.23116715,band_10.pdf
10,model,9,34,0.37760388,1.57549441,band_10.pdf
10,model,9,35,0.38328506,1.27186768,band_10.pdf
10,model,9,36,0.38896625,1.31486791,band_10.pdf
10,model,9,37,0.39467528,1.37121926,band_10.pdf
10,model,9,38,0.40035647,1.41314568,band_10.pdf
10,model,9,39,0.40603765,1.43892863,band_10.pdf
10,model,9,40,0.41171884,1.44762588,band_10.pdf
10,model,9,41,0.42876239,1.44406572,band_10.pdf
10,model,9,42,0.44015261,1.42841744,band_10.pdf
10,model,9,43,0.45151498,1.39949021,band_10.pdf
10,model,9,44,0.46855854,1.33994491,band_10.pdf
10,model,9,45,0.47992091,1.29512393,band_10.pdf
10,model,9,46,0.48562994,1.21911919,band_10.pdf
10,model,9,47,0.50835468,0.63308345,band_10.pdf
10,model,9,48,0.51971705,0.36729544,band_10.pdf
10,model,9,49,0.52539824,0.24644946,band_10.pdf
10,model,9,50,0.53110727,0.13504731,band_10.pdf
10,model,9,51,0.53678846,0.03398150,band_10.pdf
10,model,9,52,0.54246965,-0.05602063,band_10.pdf
10,model,9,53,0.54815083,-0.13437153,band_10.pdf
10,model,9,54,0.55383202,-0.20059857,band_10.pdf
10,model,9,55,0.55951320,-0.25418180,band_10.pdf
10,model,9,56,0.56519439,-0.29417863,band_10.pdf
10,model,9,57,0.57087557,-0.31824036,band_10.pdf
10,model,9,58,0.57658460,-0.32586404,band_10.pdf
10,model,9,59,0.58922803,-0.32433947,band_10.pdf
10,model,9,60,0.59619027,-0.30406084,band_10.pdf
10,model,9,61,0.60315250,-0.25540722,band_10.pdf
10,model,9,62,0.61011474,-0.18242093,band_10.pdf
10,model,9,63,0.61707697,-0.08657665,band_10.pdf
10,model,9,64,0.62403921,0.03199255,band_10.pdf
10,model,9,65,0.63100145,0.17339812,band_10.pdf
10,model,9,66,0.63796368,0.33767809,band_10.pdf
10,model,9,67,0.64492592,0.52450583,band_10.pdf
10,model,9,68,0.65188816,0.73299842,band_10.pdf
10,model,9,69,0.65885040,0.96143377,band_10.pdf
10,model,9,70,0.67277487,1.45098423,band_10.pdf
10,model,9,71,0.67973711,1.50158953,band_10.pdf
10,model,9,72,0.70062382,1.59175993,band_10.pdf
10,model,9,73,0.71454829,1.65622346,band_10.pdf
10,model,9,74,0.72151053,1.70401401,band_10.pdf
10,model,9,75,0.72847276,1.74443583,band_10.pdf
10,model,9,76,0.74239724,1.79514357,band_10.pdf
10,model,9,77,0.75632171,1.83403650,band_10.pdf
10,model,9,78,0.77024618,1.86074982,band_10.pdf
10,model,9,79,0.78417066,1.87316476,band_10.pdf
10,model,9,80,0.80505737,1.86823408,band_10.pdf
10,model,9,81,0.81898184,1.84188620,band_10.pdf
10,model,9,82,0.83290632,1.79381245,band_10.pdf
10,model,9,83,0.85379303,1.69629974,band_10.pdf
10,model,9,84,0.86771750,1.63676156,band_10.pdf
10,model,9,85,0.87467974,1.61609723,band_10.pdf
10,model,9,86,0.88164197,1.60451318,band_10.pdf
10,model,9,87,0.88860421,1.60353701,band_10.pdf
10,model,9,88,0.89556645,1.61389611,band_10.pdf
10,model,9,89,0.90252868,1.63551279,band_10.pdf
10,model,9,90,0.90949092,1.66763249,band_10.pdf
10,model,9,91,0.91645316,1.70900115,band_10.pdf
10,model,9,92,0.92341540,1.75985417,band_10.pdf
10,model,9,93,0.93733987,1.88522942,band_10.pdf
10,model,9,94,0.95822658,2.07965667,band_10.pdf
10,model,9,95,0.97215105,2.18801655,band_10.pdf
10,model,9,96,0.97911329,2.22995618,band_10.pdf
10,model,9,97,0.98607553,2.26230606,band_10.pdf
10,model,9,98,0.99303776,2.28635215,band_10.pdf
10,model,9,99,1.00000000,2.29897724,band_10.pdf
10,model,9,100,1.00000000,2.29897724,band_10.pdf
10,model,10,0,0.00000000,1.59465171,band_10.pdf
10,model,10,1,0.00804834,1.58153349,band_10.pdf
10,model,10,2,0.01606884,1.54156516,band_10.pdf
10,model,10,3,0.02411719,1.47558814,band_10.pdf
10,model,10,4,0.03216554,1.38455053,band_10.pdf
10,model,10,5,0.04018603,1.26967562,band_10.pdf
10,model,10,6,0.04823438,1.13243625,band_10.pdf
10,model,10,7,0.05628272,0.97447893,band_10.pdf
10,model,10,8,0.06430322,0.79763928,band_10.pdf
10,model,10,9,0.07235157,0.60390328,band_10.pdf
10,model,10,10,0.08039991,0.39549482,band_10.pdf
10,model,10,11,0.08842041,0.39623074,band_10.pdf
10,model,10,12,0.10451710,0.65473959,band_10.pdf
10,model,10,13,0.13665478,1.19573887,band_10.pdf
10,model,10,14,0.14470313,1.39098622,band_10.pdf
10,model,10,15,0.15275148,1.96159326,band_10.pdf
10,model,10,16,0.16079982,2.56746210,band_10.pdf
10,model,10,17,0.16882032,3.21621148,band_10.pdf
10,model,10,18,0.17686866,3.92314529,band_10.pdf
10,model,10,19,0.18491701,4.70312333,band_10.pdf
10,model,10,20,0.19293751,5.56107753,band_10.pdf
10,model,10,21,0.21658137,8.28298041,band_10.pdf
10,model,11,0,0.27893384,8.28298041,band_10.pdf
10,model,11,1,0.28096803,8.13973051,band_10.pdf
10,model,11,2,0.29233040,7.27208589,band_10.pdf
10,model,11,3,0.30940180,5.94318918,band_10.pdf
10,model,11,4,0.32076417,5.10856364,band_10.pdf
10,model,11,5,0.33212655,4.33226454,band_10.pdf
10,model,11,6,0.34348892,3.60487791,band_10.pdf
10,model,11,7,0.36056032,2.57064188,band_10.pdf
10,model,11,8,0.36624151,2.50387639,band_10.pdf
10,model,11,9,0.38328506,2.53578836,band_10.pdf
10,model,11,10,0.38896625,2.48078028,band_10.pdf
10,model,11,11,0.39467528,2.23947876,band_10.pdf
10,model,11,12,0.40035647,2.02797494,band_10.pdf
10,model,11,13,0.40603765,1.87574530,band_10.pdf
10,model,11,14,0.41171884,1.81830562,band_10.pdf
10,model,11,15,0.42876239,1.81334532,band_10.pdf
10,model,11,16,0.44583380,1.79511561,band_10.pdf
10,model,11,17,0.45719617,1.77215612,band_10.pdf
10,model,11,18,0.46287735,1.75365410,band_10.pdf
10,model,11,19,0.46855854,1.67460704,band_10.pdf
10,model,11,20,0.47992091,1.38522667,band_10.pdf
10,model,11,21,0.48562994,1.29132880,band_10.pdf
10,model,11,22,0.49131113,1.27188450,band_10.pdf
10,model,11,23,0.50267350,1.25660664,band_10.pdf
10,model,11,24,0.50835468,1.25889035,band_10.pdf
10,model,11,25,0.51403587,1.26853314,band_10.pdf
10,model,11,26,0.51971705,1.28572584,band_10.pdf
10,model,11,27,0.53110727,1.34085526,band_10.pdf
10,model,11,28,0.54815083,1.45429744,band_10.pdf
10,model,11,29,0.55951320,1.52659248,band_10.pdf
10,model,11,30,0.56519439,1.55548488,band_10.pdf
10,model,11,31,0.57087557,1.57730810,band_10.pdf
10,model,11,32,0.57658460,1.59084177,band_10.pdf
10,model,11,33,0.58226579,1.59465171,band_10.pdf
10,model,11,34,0.58922803,1.59082162,band_10.pdf
10,model,11,35,0.60315250,1.56195251,band_10.pdf
10,model,11,36,0.63796368,1.45625801,band_10.pdf
10,model,11,37,0.64492592,1.44710455,band_10.pdf
10,model,11,38,0.65188816,1.44513634,band_10.pdf
10,model,11,39,0.65885040,1.45055113,band_10.pdf
10,model,11,40,0.66581263,1.46328281,band_10.pdf
10,model,11,41,0.67277487,1.49009726,band_10.pdf
10,model,11,42,0.67973711,1.53338508,band_10.pdf
10,model,11,43,0.70062382,1.62618698,band_10.pdf
10,model,11,44,0.71454829,1.69209385,band_10.pdf
10,model,11,45,0.72151053,1.79356432,band_10.pdf
10,model,11,46,0.72847276,2.23015135,band_10.pdf
10,model,11,47,0.73543500,2.71108502,band_10.pdf
10,model,11,48,0.74239724,3.24162413,band_10.pdf
10,model,11,49,0.74935947,3.84245398,band_10.pdf
10,model,11,50,0.75632171,4.53601795,band_10.pdf
10,model,11,51,0.76328395,5.34296159,band_10.pdf
10,model,11,52,0.77024618,6.27858658,band_10.pdf
10,model,11,53,0.77720842,7.35007916,band_10.pdf
10,model,11,54,0.78261004,8.28298041,band_10.pdf
10,model,12,0,0.81116048,8.28298041,band_10.pdf
10,model,12,1,0.81201961,8.22330056,band_10.pdf
10,model,12,2,0.81898184,7.78804075,band_10.pdf
10,model,12,3,0.82594408,7.40495808,band_10.pdf
10,model,12,4,0.83290632,7.07765740,band_10.pdf
10,model,12,5,0.83986855,6.80896423,band_10.pdf
10,model,12,6,0.84683079,6.60052330,band_10.pdf
10,model,12,7,0.85379303,6.45259583,band_10.pdf
10,model,12,8,0.86075526,6.36415080,band_10.pdf
10,model,12,9,0.86771750,6.33300194,band_10.pdf
10,model,12,10,0.87467974,6.35608016,band_10.pdf
10,model,12,11,0.88164197,6.42966449,band_10.pdf
10,model,12,12,0.88860421,6.54953135,band_10.pdf
10,model,12,13,0.89556645,6.71102352,band_10.pdf
10,model,12,14,0.90252868,6.90898958,band_10.pdf
10,model,12,15,0.90949092,7.13775026,band_10.pdf
10,model,12,16,0.91645316,7.39095968,band_10.pdf
10,model,12,17,0.93037763,7.94223221,band_10.pdf
10,model,12,18,0.93880599,8.28298041,band_10.pdf
10,model,12,19,0.93880599,8.28298041,band_10.pdf
10,model,13,0,0.00000000,1.59581421,band_10.pdf
10,model,13,1,0.00804834,1.59872359,band_10.pdf
10,model,13,2,0.01606884,1.60860111,band_10.pdf
10,model,13,3,0.02411719,1.62606985,band_10.pdf
10,model,13,4,0.03216554,1.65221818,band_10.pdf
10,model,13,5,0.04018603,1.68793274,band_10.pdf
10,model,13,6,0.04823438,1.73348473,band_10.pdf
10,model,13,7,0.05628272,1.78829285,band_10.pdf
10,model,13,8,0.07235157,1.91935893,band_10.pdf
10,model,13,9,0.08842041,2.06691965,band_10.pdf
10,model,13,10,0.09646875,2.14593194,band_10.pdf
10,model,13,11,0.10451710,2.23241818,band_10.pdf
10,model,13,12,0.11253760,2.33329486,band_10.pdf
10,model,13,13,0.12058594,2.45850576,band_10.pdf
10,model,13,14,0.12863429,2.61998354,band_10.pdf
10,model,13,15,0.13665478,2.83025245,band_10.pdf
10,model,13,16,0.14470313,3.10140358,band_10.pdf
10,model,13,17,0.15275148,3.44545426,band_10.pdf
10,model,13,18,0.16079982,3.87551684,band_10.pdf
10,model,13,19,0.16882032,4.40635995,band_10.pdf
10,model,13,20,0.17686866,5.05209776,band_10.pdf
10,model,13,21,0.18491701,5.82093843,band_10.pdf
10,model,13,22,0.19293751,6.70751734,band_10.pdf
10,model,13,23,0.20571517,8.28298041,band_10.pdf
10,model,14,0,0.29452416,8.28298041,band_10.pdf
10,model,14,1,0.31508299,6.67337273,band_10.pdf
10,model,14,2,0.32644536,5.88574050,band_10.pdf
10,model,14,3,0.33780773,5.17867753,band_10.pdf
10,model,14,4,0.34919795,4.53019411,band_10.pdf
10,model,14,5,0.36624151,3.61787242,band_10.pdf
10,model,14,6,0.37760388,3.03598047,band_10.pdf
10,model,14,7,0.38328506,2.75704048,band_10.pdf
10,model,14,8,0.38896625,2.55305008,band_10.pdf
10,model,14,9,0.41171884,2.56212847,band_10.pdf
10,model,14,10,0.41740002,2.55153476,band_10.pdf
10,model,14,11,0.42308121,2.52001838,band_10.pdf
10,model,14,12,0.42876239,2.46836605,band_10.pdf
10,model,14,13,0.43444358,2.39784613,band_10.pdf
10,model,14,14,0.44015261,2.31011225,band_10.pdf
10,model,14,15,0.44583380,2.20714180,band_10.pdf
10,model,14,16,0.45151498,2.09115338,band_10.pdf
10,model,14,17,0.46287735,1.83313273,band_10.pdf
10,model,14,18,0.46855854,1.75352660,band_10.pdf
10,model,14,19,0.48562994,1.69308459,band_10.pdf
10,model,14,20,0.50267350,1.63920104,band_10.pdf
10,model,14,21,0.51403587,1.61130608,band_10.pdf
10,model,14,22,0.52539824,1.59309153,band_10.pdf
10,model,14,23,0.53678846,1.58484072,band_10.pdf
10,model,14,24,0.55383202,1.58627629,band_10.pdf
10,model,14,25,0.58226579,1.59581421,band_10.pdf
10,model,14,26,0.58922803,1.59202827,band_10.pdf
10,model,14,27,0.60315250,1.56496521,band_10.pdf
10,model,14,28,0.63100145,1.48543125,band_10.pdf
10,model,14,29,0.64492592,1.46719922,band_10.pdf
10,model,14,30,0.65188816,1.46825401,band_10.pdf
10,model,14,31,0.65885040,1.47640339,band_10.pdf
10,model,14,32,0.66581263,1.49150973,band_10.pdf
10,model,14,33,0.67277487,1.52003722,band_10.pdf
10,model,14,34,0.67973711,1.74614057,band_10.pdf
10,model,14,35,0.70062382,2.58882331,band_10.pdf
10,model,14,36,0.71454829,3.17496120,band_10.pdf
10,model,14,37,0.72151053,3.49241119,band_10.pdf
10,model,14,38,0.72847276,3.84424753,band_10.pdf
10,model,14,39,0.73543500,4.24930581,band_10.pdf
10,model,14,40,0.74239724,4.72886653,band_10.pdf
10,model,14,41,0.74935947,5.30432751,band_10.pdf
10,model,14,42,0.75632171,5.99407674,band_10.pdf
10,model,14,43,0.76328395,6.81095538,band_10.pdf
10,model,14,44,0.77024618,7.76036240,band_10.pdf
10,model,14,45,0.77361804,8.28298041,band_10.pdf
10,model,15,0,0.81178675,8.28298041,band_10.pdf
10,model,15,1,0.81201961,8.26666641,band_10.pdf
10,model,15,2,0.81898184,7.82737732,band_10.pdf
10,model,15,3,0.82594408,7.44055842,band_10.pdf
10,model,15,4,0.83290632,7.11000491,band_10.pdf
10,model,15,5,0.83986855,6.83871229,band_10.pdf
10,model,15,6,0.84683079,6.62846033,band_10.pdf
10,model,15,7,0.85379303,6.47959982,band_10.pdf
10,model,15,8,0.86075526,6.39114258,band_10.pdf
10,model,15,9,0.86771750,6.36090282,band_10.pdf
10,model,15,10,0.87467974,6.38578182,band_10.pdf
10,model,15,11,0.88164197,6.46201733,band_10.pdf
10,model,15,12,0.88860421,6.58535084,band_10.pdf
10,model,15,13,0.89556645,6.75111420,band_10.pdf
10,model,15,14,0.90252868,6.95418170,band_10.pdf
10,model,15,15,0.90949092,7.18894111,band_10.pdf
10,model,15,16,0.91645316,7.44914541,band_10.pdf
10,model,15,17,0.93037763,8.01781830,band_10.pdf
10,model,15,18,0.93667686,8.28298041,band_10.pdf
10,model,15,19,0.93667686,8.28298041,band_10.pdf
10,model,16,0,0.30165140,8.28298041,band_10.pdf
10,model,16,1,0.30940180,8.03417228,band_10.pdf
10,model,16,2,0.31508299,7.86764213,band_10.pdf
10,model,16,3,0.32076417,7.71561399,band_10.pdf
10,model,16,4,0.32644536,7.57962743,band_10.pdf
10,model,16,5,0.33212655,7.46084647,band_10.pdf
10,model,16,6,0.33780773,7.36000172,band_10.pdf
10,model,16,7,0.34348892,7.27730261,band_10.pdf
10,model,16,8,0.34919795,7.21243507,band_10.pdf
10,model,16,9,0.35487914,7.16453142,band_10.pdf
10,model,16,10,0.36056032,7.13220566,band_10.pdf
10,model,16,11,0.36624151,7.11358396,band_10.pdf
10,model,16,12,0.37192269,7.10638764,band_10.pdf
10,model,16,13,0.38328506,7.11575593,band_10.pdf
10,model,16,14,0.40603765,7.15555470,band_10.pdf
10,model,16,15,0.41171884,7.15796532,band_10.pdf
10,model,16,16,0.41740002,7.25154467,band_10.pdf
10,model,16,17,0.42308121,7.52606304,band_10.pdf
10,model,16,18,0.42876239,7.96585136,band_10.pdf
10,model,16,19,0.43183652,8.28298041,band_10.pdf
20,DFT,0,0,0.00000000,-8.50769996,band_20.pdf
20,DFT,0,1,0.00804834,-8.48509993,band_20.pdf
20,DFT,0,2,0.01606884,-8.41769996,band_20.pdf
20,DFT,0,3,0.02411719,-8.30599997,band_20.pdf
20,DFT,0,4,0.03216554,-8.15109996,band_20.pdf
20,DFT,0,5,0.04018603,-7.95449998,band_20.pdf
20,DFT,0,6,0.04823438,-7.71859997,band_20.pdf
20,DFT,0,7,0.05628272,-7.44629997,band_20.pdf
20,DFT,0,8,0.06430322,-7.14119998,band_20.pdf
20,DFT,0,9,0.07235157,-6.80849996,band_20.pdf
20,DFT,0,10,0.08842041,-6.08909996,band_20.pdf
20,DFT,0,11,0.10451710,-5.36899995,band_20.pdf
20,DFT,0,12,0.11253760,-5.04529994,band_20.pdf
20,DFT,0,13,0.12058594,-4.76800000,band_20.pdf
20,DFT,0,14,0.12863429,-4.55019996,band_20.pdf
20,DFT,0,15,0.13665478,-4.39800000,band_20.pdf
20,DFT,0,16,0.14470313,-4.31039996,band_20.pdf
20,DFT,0,17,0.15275148,-4.27840000,band_20.pdf
20,DFT,0,18,0.16079982,-4.29120000,band_20.pdf
20,DFT,0,19,0.16882032,-4.33699999,band_20.pdf
20,DFT,0,20,0.17686866,-4.40470000,band_20.pdf
20,DFT,0,21,0.20903420,-4.72509995,band_20.pdf
20,DFT,0,22,0.21705470,-4.78769995,band_20.pdf
20,DFT,0,23,0.22510304,-4.83450000,band_20.pdf
20,DFT,0,24,0.23315139,-4.86279997,band_20.pdf
20,DFT,0,25,0.24117188,-4.87239998,band_20.pdf
20,DFT,0,26,0.24685307,-4.86759995,band_20.pdf
20,DFT,0,27,0.25256210,-4.85309995,band_20.pdf
20,DFT,0,28,0.25824329,-4.82979997,band_20.pdf
20,DFT,0,29,0.26392447,-4.79779996,band_20.pdf
20,DFT,0,30,0.27528684,-4.71100000,band_20.pdf
20,DFT,0,31,0.28664922,-4.60159996,band_20.pdf
20,DFT,0,32,0.30372062,-4.42650000,band_20.pdf
20,DFT,0,33,0.30940180,-4.37549999,band_20.pdf
20,DFT,0,34,0.31508299,-4.33359999,band_20.pdf
20,DFT,0,35,0.32076417,-4.30419995,band_20.pdf
20,DFT,0,36,0.32644536,-4.29029996,band_20.pdf
20,DFT,0,37,0.33212655,-4.29419996,band_20.pdf
20,DFT,0,38,0.33780773,-4.31649995,band_20.pdf
20,DFT,0,39,0.34348892,-4.35629997,band_20.pdf
20,DFT,0,40,0.34919795,-4.41089995,band_20.pdf
20,DFT,0,41,0.36056032,-4.55000000,band_20.pdf
20,DFT,0,42,0.37760388,-4.77239999,band_20.pdf
20,DFT,0,43,0.38328506,-4.83679994,band_20.pdf
20,DFT,0,44,0.38896625,-4.89219995,band_20.pdf
20,DFT,0,45,0.39467528,-4.93689995,band_20.pdf
20,DFT,0,46,0.40035647,-4.96969999,band_20.pdf
20,DFT,0,47,0.40603765,-4.98969997,band_20.pdf
20,DFT,0,48,0.41171884,-4.99649998,band_20.pdf
20,DFT,0,49,0.42876239,-5.00049999,band_20.pdf
20,DFT,0,50,0.44015261,-5.01949999,band_20.pdf
20,DFT,0,51,0.44583380,-5.04190000,band_20.pdf
20,DFT,0,52,0.45151498,-5.07849997,band_20.pdf
20,DFT,0,53,0.45719617,-5.13449998,band_20.pdf
20,DFT,0,54,0.46287735,-5.21559998,band_20.pdf
20,DFT,0,55,0.46855854,-5.32609996,band_20.pdf
20,DFT,0,56,0.47423972,-5.46849995,band_20.pdf
20,DFT,0,57,0.47992091,-5.64179995,band_20.pdf
20,DFT,0,58,0.48562994,-5.84139996,band_20.pdf
20,DFT,0,59,0.49699231,-6.29279999,band_20.pdf
20,DFT,0,60,0.51403587,-6.99929999,band_20.pdf
20,DFT,0,61,0.52539824,-7.43189998,band_20.pdf
20,DFT,0,62,0.53110727,-7.62729995,band_20.pdf
20,DFT,0,63,0.53678846,-7.80599994,band_20.pdf
20,DFT,0,64,0.54246965,-7.96649994,band_20.pdf
20,DFT,0,65,0.54815083,-8.10769998,band_20.pdf
20,DFT,0,66,0.55383202,-8.22859994,band_20.pdf
20,DFT,0,67,0.55951320,-8.32839997,band_20.pdf
20,DFT,0,68,0.56519439,-8.40649995,band_20.pdf
20,DFT,0,69,0.57087557,-8.46259998,band_20.pdf
20,DFT,0,70,0.57658460,-8.49639994,band_20.pdf
20,DFT,0,71,0.58226579,-8.50769996,band_20.pdf
20,DFT,0,72,0.58922803,-8.49079994,band_20.pdf
20,DFT,0,73,0.59619027,-8.44019997,band_20.pdf
20,DFT,0,74,0.60315250,-8.35619996,band_20.pdf
20,DFT,0,75,0.61011474,-8.23969993,band_20.pdf
20,DFT,0,76,0.61707697,-8.09119995,band_20.pdf
20,DFT,0,77,0.62403921,-7.91229995,band_20.pdf
20,DFT,0,78,0.63100145,-7.70439995,band_20.pdf
20,DFT,0,79,0.63796368,-7.46929997,band_20.pdf
20,DFT,0,80,0.64492592,-7.20929997,band_20.pdf
20,DFT,0,81,0.65188816,-6.92699996,band_20.pdf
20,DFT,0,82,0.66581263,-6.30779998,band_20.pdf
20,DFT,0,83,0.70062382,-4.65649997,band_20.pdf
20,DFT,0,84,0.70758605,-4.35619996,band_20.pdf
20,DFT,0,85,0.71454829,-4.08149999,band_20.pdf
20,DFT,0,86,0.72151053,-3.83809996,band_20.pdf
20,DFT,0,87,0.72847276,-3.63170001,band_20.pdf
20,DFT,0,88,0.73543500,-3.53100000,band_20.pdf
20,DFT,0,89,0.74239724,-3.53839995,band_20.pdf
20,DFT,0,90,0.74935947,-3.53739996,band_20.pdf
20,DFT,0,91,0.75632171,-3.52859998,band_20.pdf
20,DFT,0,92,0.76328395,-3.51189999,band_20.pdf
20,DFT,0,93,0.77720842,-3.45809997,band_20.pdf
20,DFT,0,94,0.79113290,-3.38910001,band_20.pdf
20,DFT,0,95,0.79809513,-3.46379998,band_20.pdf
20,DFT,0,96,0.81201961,-3.63589998,band_20.pdf
20,DFT,0,97,0.81898184,-3.71349997,band_20.pdf
20,DFT,0,98,0.82594408,-3.77920000,band_20.pdf
20,DFT,0,99,0.83290632,-3.82909996,band_20.pdf
20,DFT,0,100,0.83986855,-3.85979995,band_20.pdf
20,DFT,0,101,0.84683079,-3.86860000,band_20.pdf
20,DFT,0,102,0.85379303,-3.85329997,band_20.pdf
20,DFT,0,103,0.86075526,-3.81229995,band_20.pdf
20,DFT,0,104,0.86771750,-3.74449999,band_20.pdf
20,DFT,0,105,0.87467974,-3.64969996,band_20.pdf
20,DFT,0,106,0.88164197,-3.52930000,band_20.pdf
20,DFT,0,107,0.88860421,-3.55589997,band_20.pdf
20,DFT,0,108,0.90252868,-3.76889997,band_20.pdf
20,DFT,0,109,0.93733987,-4.34079998,band_20.pdf
20,DFT,0,110,0.95126434,-4.53819999,band_20.pdf
20,DFT,0,111,0.95822658,-4.62309998,band_20.pdf
20,DFT,0,112,0.96518881,-4.69709995,band_20.pdf
20,DFT,0,113,0.97215105,-4.75899999,band_20.pdf
20,DFT,0,114,0.97911329,-4.80809998,band_20.pdf
20,DFT,0,115,0.98607553,-4.84369996,band_20.pdf
20,DFT,0,116,0.99303776,-4.86519999,band_20.pdf
20,DFT,0,117,1.00000000,-4.87239998,band_20.pdf
20,DFT,1,0,0.00000000,-8.35509996,band_20.pdf
20,DFT,1,1,0.00804834,-8.33239998,band_20.pdf
20,DFT,1,2,0.01606884,-8.26459996,band_20.pdf
20,DFT,1,3,0.02411719,-8.15209995,band_20.pdf
20,DFT,1,4,0.03216554,-7.99589998,band_20.pdf
20,DFT,1,5,0.04018603,-7.79719995,band_20.pdf
20,DFT,1,6,0.04823438,-7.55779994,band_20.pdf
20,DFT,1,7,0.05628272,-7.27999994,band_20.pdf
20,DFT,1,8,0.06430322,-6.96649994,band_20.pdf
20,DFT,1,9,0.07235157,-6.62059996,band_20.pdf
20,DFT,1,10,0.08039991,-6.24689998,band_20.pdf
20,DFT,1,11,0.09646875,-5.43839996,band_20.pdf
20,DFT,1,12,0.11253760,-4.60179998,band_20.pdf
20,DFT,1,13,0.12058594,-4.20029996,band_20.pdf
20,DFT,1,14,0.12863429,-3.82809997,band_20.pdf
20,DFT,1,15,0.13665478,-3.49959999,band_20.pdf
20,DFT,1,16,0.14470313,-3.65889999,band_20.pdf
20,DFT,1,17,0.16079982,-3.99819999,band_20.pdf
20,DFT,1,18,0.16882032,-4.15329996,band_20.pdf
20,DFT,1,19,0.17686866,-4.29639996,band_20.pdf
20,DFT,1,20,0.18491701,-4.42609996,band_20.pdf
20,DFT,1,21,0.19293751,-4.54110000,band_20.pdf
20,DFT,1,22,0.20098585,-4.64029997,band_20.pdf
20,DFT,1,23,0.20903420,-4.72269999,band_20.pdf
20,DFT,1,24,0.21705470,-4.78700000,band_20.pdf
20,DFT,1,25,0.22510304,-4.83359996,band_20.pdf
20,DFT,1,26,0.23315139,-4.86239999,band_20.pdf
20,DFT,1,27,0.24117188,-4.87199994,band_20.pdf
20,DFT,1,28,0.24685307,-4.86719997,band_20.pdf
20,DFT,1,29,0.25256210,-4.85289999,band_20.pdf
20,DFT,1,30,0.25824329,-4.82859996,band_20.pdf
20,DFT,1,31,0.26392447,-4.79459997,band_20.pdf
20,DFT,1,32,0.26960566,-4.75079995,band_20.pdf
20,DFT,1,33,0.27528684,-4.69739998,band_20.pdf
20,DFT,1,34,0.28096803,-4.63419998,band_20.pdf
20,DFT,1,35,0.28664922,-4.56120000,band_20.pdf
20,DFT,1,36,0.29233040,-4.47859995,band_20.pdf
20,DFT,1,37,0.29801159,-4.38629995,band_20.pdf
20,DFT,1,38,0.30372062,-4.28429998,band_20.pdf
20,DFT,1,39,0.30940180,-4.17270000,band_20.pdf
20,DFT,1,40,0.32076417,-3.92089997,band_20.pdf
20,DFT,1,41,0.33212655,-3.63129996,band_20.pdf
20,DFT,1,42,0.34348892,-3.30520000,band_20.pdf
20,DFT,1,43,0.35487914,-2.94399999,band_20.pdf
20,DFT,1,44,0.36056032,-3.03920001,band_20.pdf
20,DFT,1,45,0.37192269,-3.25089999,band_20.pdf
20,DFT,1,46,0.37760388,-3.34550001,band_20.pdf
20,DFT,1,47,0.38328506,-3.42930000,band_20.pdf
20,DFT,1,48,0.38896625,-3.50019999,band_20.pdf
20,DFT,1,49,0.39467528,-3.55680001,band_20.pdf
20,DFT,1,50,0.40035647,-3.59799999,band_20.pdf
20,DFT,1,51,0.40603765,-3.62289996,band_20.pdf
20,DFT,1,52,0.41740002,-3.63879999,band_20.pdf
20,DFT,1,53,0.42308121,-3.66199996,band_20.pdf
20,DFT,1,54,0.42876239,-3.70289997,band_20.pdf
20,DFT,1,55,0.43444358,-3.76429996,band_20.pdf
20,DFT,1,56,0.44015261,-3.84969995,band_20.pdf
20,DFT,1,57,0.44583380,-3.96289998,band_20.pdf
20,DFT,1,58,0.45151498,-4.10620000,band_20.pdf
20,DFT,1,59,0.45719617,-4.28039998,band_20.pdf
20,DFT,1,60,0.46287735,-4.48379997,band_20.pdf
20,DFT,1,61,0.46855854,-4.71259999,band_20.pdf
20,DFT,1,62,0.47992091,-5.22439997,band_20.pdf
20,DFT,1,63,0.50835468,-6.56629995,band_20.pdf
20,DFT,1,64,0.51971705,-7.04569999,band_20.pdf
20,DFT,1,65,0.52539824,-7.26319993,band_20.pdf
20,DFT,1,66,0.53110727,-7.46369997,band_20.pdf
20,DFT,1,67,0.53678846,-7.64599998,band_20.pdf
20,DFT,1,68,0.54246965,-7.80899996,band_20.pdf
20,DFT,1,69,0.54815083,-7.95199995,band_20.pdf
20,DFT,1,70,0.55383202,-8.07399996,band_20.pdf
20,DFT,1,71,0.55951320,-8.17459996,band_20.pdf
20,DFT,1,72,0.56519439,-8.25329995,band_20.pdf
20,DFT,1,73,0.57087557,-8.30979995,band_20.pdf
20,DFT,1,74,0.57658460,-8.34379994,band_20.pdf
20,DFT,1,75,0.58226579,-8.35509996,band_20.pdf
20,DFT,1,76,0.58922803,-8.33809993,band_20.pdf
20,DFT,1,77,0.59619027,-8.28719993,band_20.pdf
20,DFT,1,78,0.60315250,-8.20269998,band_20.pdf
20,DFT,1,79,0.61011474,-8.08519997,band_20.pdf
20,DFT,1,80,0.61707697,-7.93539997,band_20.pdf
20,DFT,1,81,0.62403921,-7.75429997,band_20.pdf
20,DFT,1,82,0.63100145,-7.54319993,band_20.pdf
20,DFT,1,83,0.63796368,-7.30359995,band_20.pdf
20,DFT,1,84,0.64492592,-7.03709996,band_20.pdf
20,DFT,1,85,0.65188816,-6.74559993,band_20.pdf
20,DFT,1,86,0.65885040,-6.43139999,band_20.pdf
20,DFT,1,87,0.67277487,-5.74579995,band_20.pdf
20,DFT,1,88,0.68669934,-5.00589997,band_20.pdf
20,DFT,1,89,0.70758605,-3.87119997,band_20.pdf
20,DFT,1,90,0.71454829,-3.50980000,band_20.pdf
20,DFT,1,91,0.72151053,-3.48439998,band_20.pdf
20,DFT,1,92,0.72847276,-3.51169997,band_20.pdf
20,DFT,1,93,0.73543500,-3.52880000,band_20.pdf
20,DFT,1,94,0.74239724,-3.53749998,band_20.pdf
20,DFT,1,95,0.74935947,-3.53720000,band_20.pdf
20,DFT,1,96,0.75632171,-3.52719995,band_20.pdf
20,DFT,1,97,0.76328395,-3.50879996,band_20.pdf
20,DFT,1,98,0.77720842,-3.45099999,band_20.pdf
20,DFT,1,99,0.81201961,-3.26869998,band_20.pdf
20,DFT,1,100,0.81898184,-3.23629998,band_20.pdf
20,DFT,1,101,0.82594408,-3.21080001,band_20.pdf
20,DFT,1,102,0.83290632,-3.19450000,band_20.pdf
20,DFT,1,103,0.83986855,-3.18939999,band_20.pdf
20,DFT,1,104,0.84683079,-3.19749996,band_20.pdf
20,DFT,1,105,0.85379303,-3.21999998,band_20.pdf
20,DFT,1,106,0.86075526,-3.25799997,band_20.pdf
20,DFT,1,107,0.86771750,-3.31140001,band_20.pdf
20,DFT,1,108,0.87467974,-3.37950000,band_20.pdf
20,DFT,1,109,0.88860421,-3.53389995,band_20.pdf
20,DFT,1,110,0.90252868,-3.75329998,band_20.pdf
20,DFT,1,111,0.93733987,-4.33599995,band_20.pdf
20,DFT,1,112,0.94430211,-4.43999995,band_20.pdf
20,DFT,1,113,0.95126434,-4.53559995,band_20.pdf
20,DFT,1,114,0.95822658,-4.62129997,band_20.pdf
20,DFT,1,115,0.96518881,-4.69579999,band_20.pdf
20,DFT,1,116,0.97215105,-4.75819997,band_20.pdf
20,DFT,1,117,0.97911329,-4.80749998,band_20.pdf
20,DFT,1,118,0.98607553,-4.84319997,band_20.pdf
20,DFT,1,119,0.99303776,-4.86479995,band_20.pdf
20,DFT,1,120,1.00000000,-4.87199994,band_20.pdf
20,DFT,2,0,0.00000000,-2.53119996,band_20.pdf
20,DFT,2,1,0.01606884,-2.52199999,band_20.pdf
20,DFT,2,2,0.05628272,-2.48559998,band_20.pdf
20,DFT,2,3,0.06430322,-2.46929997,band_20.pdf
20,DFT,2,4,0.07235157,-2.44599999,band_20.pdf
20,DFT,2,5,0.08039991,-2.41519999,band_20.pdf
20,DFT,2,6,0.08842041,-2.39800000,band_20.pdf
20,DFT,2,7,0.09646875,-2.54969997,band_20.pdf
20,DFT,2,8,0.11253760,-2.91680001,band_20.pdf
20,DFT,2,9,0.13665478,-3.47819997,band_20.pdf
20,DFT,2,10,0.14470313,-3.22810000,band_20.pdf
20,DFT,2,11,0.15275148,-3.02049998,band_20.pdf
20,DFT,2,12,0.16079982,-2.87829996,band_20.pdf
20,DFT,2,13,0.16882032,-2.79579998,band_20.pdf
20,DFT,2,14,0.17686866,-2.76240000,band_20.pdf
20,DFT,2,15,0.18491701,-2.76559998,band_20.pdf
20,DFT,2,16,0.19293751,-2.79359999,band_20.pdf
20,DFT,2,17,0.22510304,-2.95810000,band_20.pdf
20,DFT,2,18,0.23315139,-2.98029999,band_20.pdf
20,DFT,2,19,0.24117188,-2.98830000,band_20.pdf
20,DFT,2,20,0.24685307,-2.98339996,band_20.pdf
20,DFT,2,21,0.25256210,-2.97049995,band_20.pdf
20,DFT,2,22,0.25824329,-2.94889998,band_20.pdf
20,DFT,2,23,0.26392447,-2.91859996,band_20.pdf
20,DFT,2,24,0.26960566,-2.87969999,band_20.pdf
20,DFT,2,25,0.27528684,-2.83219999,band_20.pdf
20,DFT,2,26,0.28096803,-2.77590001,band_20.pdf
20,DFT,2,27,0.29233040,-2.64400001,band_20.pdf
20,DFT,2,28,0.29801159,-2.58949998,band_20.pdf
20,DFT,2,29,0.30372062,-2.54259998,band_20.pdf
20,DFT,2,30,0.30940180,-2.50760001,band_20.pdf
20,DFT,2,31,0.31508299,-2.48899999,band_20.pdf
20,DFT,2,32,0.32076417,-2.49080000,band_20.pdf
20,DFT,2,33,0.32644536,-2.51540000,band_20.pdf
20,DFT,2,34,0.33212655,-2.56350001,band_20.pdf
20,DFT,2,35,0.33780773,-2.63309998,band_20.pdf
20,DFT,2,36,0.34348892,-2.72069996,band_20.pdf
20,DFT,2,37,0.35487914,-2.92879998,band_20.pdf
20,DFT,2,38,0.36056032,-2.98959996,band_20.pdf
20,DFT,2,39,0.36624151,-3.09959995,band_20.pdf
20,DFT,2,40,0.37192269,-3.19790000,band_20.pdf
20,DFT,2,41,0.37760388,-3.28400000,band_20.pdf
20,DFT,2,42,0.38328506,-3.35759998,band_20.pdf
20,DFT,2,43,0.38896625,-3.41829996,band_20.pdf
20,DFT,2,44,0.39467528,-3.46579996,band_20.pdf
20,DFT,2,45,0.40035647,-3.49979995,band_20.pdf
20,DFT,2,46,0.40603765,-3.52029999,band_20.pdf
20,DFT,2,47,0.41171884,-3.52719995,band_20.pdf
20,DFT,2,48,0.42308121,-3.51669996,band_20.pdf
20,DFT,2,49,0.43444358,-3.48570000,band_20.pdf
20,DFT,2,50,0.44583380,-3.43519997,band_20.pdf
20,DFT,2,51,0.45719617,-3.36709998,band_20.pdf
20,DFT,2,52,0.46855854,-3.28389999,band_20.pdf
20,DFT,2,53,0.48562994,-3.13799999,band_20.pdf
20,DFT,2,54,0.53110727,-2.72629996,band_20.pdf
20,DFT,2,55,0.54246965,-2.64369998,band_20.pdf
20,DFT,2,56,0.55383202,-2.57899999,band_20.pdf
20,DFT,2,57,0.55951320,-2.55510000,band_20.pdf
20,DFT,2,58,0.56519439,-2.53830000,band_20.pdf
20,DFT,2,59,0.57087557,-2.53039999,band_20.pdf
20,DFT,2,60,0.59619027,-2.53539999,band_20.pdf
20,DFT,2,61,0.60315250,-2.54869998,band_20.pdf
20,DFT,2,62,0.61011474,-2.56989997,band_20.pdf
20,DFT,2,63,0.61707697,-2.59879996,band_20.pdf
20,DFT,2,64,0.62403921,-2.63569996,band_20.pdf
20,DFT,2,65,0.63100145,-2.68080000,band_20.pdf
20,DFT,2,66,0.63796368,-2.73379999,band_20.pdf
20,DFT,2,67,0.65188816,-2.85999997,band_20.pdf
20,DFT,2,68,0.67277487,-3.07770000,band_20.pdf
20,DFT,2,69,0.68669934,-3.22179999,band_20.pdf
20,DFT,2,70,0.70062382,-3.34899996,band_20.pdf
20,DFT,2,71,0.70758605,-3.40239999,band_20.pdf
20,DFT,2,72,0.71454829,-3.44739996,band_20.pdf
20,DFT,2,73,0.72151053,-3.48159998,band_20.pdf
20,DFT,2,74,0.72847276,-3.50889997,band_20.pdf
20,DFT,2,75,0.73543500,-3.46079996,band_20.pdf
20,DFT,2,76,0.74239724,-3.33449997,band_20.pdf
20,DFT,2,77,0.74935947,-3.24710000,band_20.pdf
20,DFT,2,78,0.75632171,-3.19779999,band_20.pdf
20,DFT,2,79,0.76328395,-3.18319998,band_20.pdf
20,DFT,2,80,0.77024618,-3.19900000,band_20.pdf
20,DFT,2,81,0.77720842,-3.24019998,band_20.pdf
20,DFT,2,82,0.79113290,-3.36759998,band_20.pdf
20,DFT,2,83,0.82594408,-3.18209999,band_20.pdf
20,DFT,2,84,0.83290632,-3.16320000,band_20.pdf
20,DFT,2,85,0.83986855,-3.15619997,band_20.pdf
20,DFT,2,86,0.84683079,-3.16330001,band_20.pdf
20,DFT,2,87,0.85379303,-3.18589997,band_20.pdf
20,DFT,2,88,0.86075526,-3.22489996,band_20.pdf
20,DFT,2,89,0.86771750,-3.28029997,band_20.pdf
20,DFT,2,90,0.87467974,-3.35110001,band_20.pdf
20,DFT,2,91,0.88164197,-3.43540000,band_20.pdf
20,DFT,2,92,0.88860421,-3.37709998,band_20.pdf
20,DFT,2,93,0.89556645,-3.20389999,band_20.pdf
20,DFT,2,94,0.90252868,-3.00659999,band_20.pdf
20,DFT,2,95,0.90949092,-2.78829996,band_20.pdf
20,DFT,2,96,0.92341540,-2.31200001,band_20.pdf
20,DFT,2,97,0.93037763,-2.37199997,band_20.pdf
20,DFT,2,98,0.94430211,-2.57020001,band_20.pdf
20,DFT,2,99,0.95126434,-2.66080001,band_20.pdf
20,DFT,2,100,0.95822658,-2.74290000,band_20.pdf
20,DFT,2,101,0.96518881,-2.81519996,band_20.pdf
20,DFT,2,102,0.97215105,-2.87609996,band_20.pdf
20,DFT,2,103,0.97911329,-2.92460001,band_20.pdf
20,DFT,2,104,0.98607553,-2.95980000,band_20.pdf
20,DFT,2,105,0.99303776,-2.98119996,band_20.pdf
20,DFT,2,106,1.00000000,-2.98830000,band_20.pdf
20,DFT,3,0,0.00000000,-2.50489996,band_20.pdf
20,DFT,3,1,0.04018603,-2.50189999,band_20.pdf
20,DFT,3,2,0.05628272,-2.48549997,band_20.pdf
20,DFT,3,3,0.06430322,-2.46859996,band_20.pdf
20,DFT,3,4,0.07235157,-2.44429999,band_20.pdf
20,DFT,3,5,0.08039991,-2.41140000,band_20.pdf
20,DFT,3,6,0.08842041,-2.36850001,band_20.pdf
20,DFT,3,7,0.09646875,-2.31439997,band_20.pdf
20,DFT,3,8,0.10451710,-2.24820000,band_20.pdf
20,DFT,3,9,0.11253760,-2.16899996,band_20.pdf
20,DFT,3,10,0.12058594,-2.07649999,band_20.pdf
20,DFT,3,11,0.12863429,-1.97050001,band_20.pdf
20,DFT,3,12,0.13665478,-1.85149996,band_20.pdf
20,DFT,3,13,0.14470313,-1.72129996,band_20.pdf
20,DFT,3,14,0.15275148,-1.71809998,band_20.pdf
20,DFT,3,15,0.16882032,-2.11049998,band_20.pdf
20,DFT,3,16,0.17686866,-2.28649997,band_20.pdf
20,DFT,3,17,0.18491701,-2.44550000,band_20.pdf
20,DFT,3,18,0.19293751,-2.58599996,band_20.pdf
20,DFT,3,19,0.20098585,-2.70689998,band_20.pdf
20,DFT,3,20,0.20903420,-2.80709999,band_20.pdf
20,DFT,3,21,0.21705470,-2.88589999,band_20.pdf
20,DFT,3,22,0.22510304,-2.94259996,band_20.pdf
20,DFT,3,23,0.23315139,-2.97669996,band_20.pdf
20,DFT,3,24,0.24117188,-2.98770000,band_20.pdf
20,DFT,3,25,0.24685307,-2.98309999,band_20.pdf
20,DFT,3,26,0.25256210,-2.96749999,band_20.pdf
20,DFT,3,27,0.25824329,-2.94199995,band_20.pdf
20,DFT,3,28,0.26392447,-2.90720000,band_20.pdf
20,DFT,3,29,0.27528684,-2.81440000,band_20.pdf
20,DFT,3,30,0.28664922,-2.70160001,band_20.pdf
20,DFT,3,31,0.29233040,-2.63679995,band_20.pdf
20,DFT,3,32,0.29801159,-2.55439999,band_20.pdf
20,DFT,3,33,0.30372062,-2.46309997,band_20.pdf
20,DFT,3,34,0.31508299,-2.25430000,band_20.pdf
20,DFT,3,35,0.32076417,-2.13760001,band_20.pdf
20,DFT,3,36,0.32644536,-2.13030001,band_20.pdf
20,DFT,3,37,0.33780773,-2.44849996,band_20.pdf
20,DFT,3,38,0.34919795,-2.73780000,band_20.pdf
20,DFT,3,39,0.35487914,-2.86879996,band_20.pdf
20,DFT,3,40,0.36056032,-2.75109998,band_20.pdf
20,DFT,3,41,0.37192269,-2.34459997,band_20.pdf
20,DFT,3,42,0.38896625,-1.70990000,band_20.pdf
20,DFT,3,43,0.39467528,-1.57300001,band_20.pdf
20,DFT,3,44,0.40603765,-1.61789997,band_20.pdf
20,DFT,3,45,0.41171884,-1.62479999,band_20.pdf
20,DFT,3,46,0.42308121,-1.61289997,band_20.pdf
20,DFT,3,47,0.43444358,-1.57829998,band_20.pdf
20,DFT,3,48,0.44583380,-1.52890001,band_20.pdf
20,DFT,3,49,0.45151498,-1.55219999,band_20.pdf
20,DFT,3,50,0.45719617,-1.73740001,band_20.pdf
20,DFT,3,51,0.46287735,-1.95889997,band_20.pdf
20,DFT,3,52,0.46855854,-2.16160001,band_20.pdf
20,DFT,3,53,0.47423972,-2.32810000,band_20.pdf
20,DFT,3,54,0.47992091,-2.45400001,band_20.pdf
20,DFT,3,55,0.48562994,-2.54089998,band_20.pdf
20,DFT,3,56,0.49131113,-2.59399998,band_20.pdf
20,DFT,3,57,0.49699231,-2.62039999,band_20.pdf
20,DFT,3,58,0.50267350,-2.62709999,band_20.pdf
20,DFT,3,59,0.50835468,-2.62039999,band_20.pdf
20,DFT,3,60,0.51971705,-2.58729998,band_20.pdf
20,DFT,3,61,0.53678846,-2.53649999,band_20.pdf
20,DFT,3,62,0.54815083,-2.51699999,band_20.pdf
20,DFT,3,63,0.56519439,-2.50629999,band_20.pdf
20,DFT,3,64,0.59619027,-2.50559997,band_20.pdf
20,DFT,3,65,0.60315250,-2.51899997,band_20.pdf
20,DFT,3,66,0.61011474,-2.54199998,band_20.pdf
20,DFT,3,67,0.61707697,-2.57369996,band_20.pdf
20,DFT,3,68,0.62403921,-2.61380001,band_20.pdf
20,DFT,3,69,0.63100145,-2.66229999,band_20.pdf
20,DFT,3,70,0.64492592,-2.78210001,band_20.pdf
20,DFT,3,71,0.65885040,-2.92439999,band_20.pdf
20,DFT,3,72,0.68669934,-3.22069999,band_20.pdf
20,DFT,3,73,0.70062382,-3.34669996,band_20.pdf
20,DFT,3,74,0.70758605,-3.39979996,band_20.pdf
20,DFT,3,75,0.71454829,-3.44500001,band_20.pdf
20,DFT,3,76,0.72151053,-3.16699999,band_20.pdf
20,DFT,3,77,0.72847276,-2.85199995,band_20.pdf
20,DFT,3,78,0.73543500,-2.57089996,band_20.pdf
20,DFT,3,79,0.74239724,-2.32949997,band_20.pdf
20,DFT,3,80,0.74935947,-2.13250000,band_20.pdf
20,DFT,3,81,0.75632171,-1.98210000,band_20.pdf
20,DFT,3,82,0.76328395,-1.88619997,band_20.pdf
20,DFT,3,83,0.77024618,-1.88479999,band_20.pdf
20,DFT,3,84,0.78417066,-1.86229998,band_20.pdf
20,DFT,3,85,0.79113290,-1.84420002,band_20.pdf
20,DFT,3,86,0.79809513,-1.89359998,band_20.pdf
20,DFT,3,87,0.82594408,-2.14210001,band_20.pdf
20,DFT,3,88,0.83290632,-2.18209999,band_20.pdf
20,DFT,3,89,0.83986855,-2.20329998,band_20.pdf
20,DFT,3,90,0.84683079,-2.20209997,band_20.pdf
20,DFT,3,91,0.85379303,-2.17569996,band_20.pdf
20,DFT,3,92,0.86075526,-2.12200002,band_20.pdf
20,DFT,3,93,0.86771750,-2.03939997,band_20.pdf
20,DFT,3,94,0.87467974,-1.92719999,band_20.pdf
20,DFT,3,95,0.88164197,-1.78629998,band_20.pdf
20,DFT,3,96,0.88860421,-1.81440000,band_20.pdf
20,DFT,3,97,0.89556645,-1.88789997,band_20.pdf
20,DFT,3,98,0.90252868,-1.97260000,band_20.pdf
20,DFT,3,99,0.91645316,-2.16529998,band_20.pdf
20,DFT,3,100,0.94430211,-2.56860001,band_20.pdf
20,DFT,3,101,0.95126434,-2.65960000,band_20.pdf
20,DFT,3,102,0.95822658,-2.74199997,band_20.pdf
20,DFT,3,103,0.96518881,-2.81440000,band_20.pdf
20,DFT,3,104,0.97215105,-2.87540001,band_20.pdf
20,DFT,3,105,0.97911329,-2.92389999,band_20.pdf
20,DFT,3,106,0.98607553,-2.95920000,band_20.pdf
20,DFT,3,107,0.99303776,-2.98059996,band_20.pdf
20,DFT,3,108,1.00000000,-2.98770000,band_20.pdf
20,DFT,4,0,0.00000000,-2.47249996,band_20.pdf
20,DFT,4,1,0.00804834,-2.46939999,band_20.pdf
20,DFT,4,2,0.01606884,-2.45829999,band_20.pdf
20,DFT,4,3,0.02411719,-2.43509996,band_20.pdf
20,DFT,4,4,0.03216554,-2.39800000,band_20.pdf
20,DFT,4,5,0.04018603,-2.34789996,band_20.pdf
20,DFT,4,6,0.04823438,-2.28620000,band_20.pdf
20,DFT,4,7,0.05628272,-2.21379997,band_20.pdf
20,DFT,4,8,0.06430322,-2.13169998,band_20.pdf
20,DFT,4,9,0.07235157,-2.04099996,band_20.pdf
20,DFT,4,10,0.08039991,-2.19690002,band_20.pdf
20,DFT,4,11,0.08842041,-2.33999996,band_20.pdf
20,DFT,4,12,0.09646875,-2.31080000,band_20.pdf
20,DFT,4,13,0.10451710,-2.24639999,band_20.pdf
20,DFT,4,14,0.11253760,-2.16759999,band_20.pdf
20,DFT,4,15,0.12058594,-2.07509996,band_20.pdf
20,DFT,4,16,0.12863429,-1.96880001,band_20.pdf
20,DFT,4,17,0.13665478,-1.84920001,band_20.pdf
20,DFT,4,18,0.14470313,-1.71699998,band_20.pdf
20,DFT,4,19,0.15275148,-1.57329998,band_20.pdf
20,DFT,4,20,0.16882032,-1.25950001,band_20.pdf
20,DFT,4,21,0.19293751,-0.76829997,band_20.pdf
20,DFT,4,22,0.20098585,-0.61689998,band_20.pdf
20,DFT,4,23,0.20903420,-0.48169999,band_20.pdf
20,DFT,4,24,0.21705470,-0.37000000,band_20.pdf
20,DFT,4,25,0.22510304,-0.28989998,band_20.pdf
20,DFT,4,26,0.23315139,-0.24579998,band_20.pdf
20,DFT,4,27,0.24117188,-0.23260001,band_20.pdf
20,DFT,4,28,0.24685307,-0.23969999,band_20.pdf
20,DFT,4,29,0.25256210,-0.26749997,band_20.pdf
20,DFT,4,30,0.25824329,-0.32469999,band_20.pdf
20,DFT,4,31,0.26392447,-0.40899998,band_20.pdf
20,DFT,4,32,0.26960566,-0.51579999,band_20.pdf
20,DFT,4,33,0.27528684,-0.64130002,band_20.pdf
20,DFT,4,34,0.28096803,-0.78220002,band_20.pdf
20,DFT,4,35,0.29233040,-1.09740001,band_20.pdf
20,DFT,4,36,0.30940180,-1.61339996,band_20.pdf
20,DFT,4,37,0.32076417,-1.95860000,band_20.pdf
20,DFT,4,38,0.32644536,-2.00790001,band_20.pdf
20,DFT,4,39,0.33780773,-1.73149998,band_20.pdf
20,DFT,4,40,0.34348892,-1.65049998,band_20.pdf
20,DFT,4,41,0.34919795,-1.64319998,band_20.pdf
20,DFT,4,42,0.35487914,-1.61930000,band_20.pdf
20,DFT,4,43,0.36056032,-1.58300000,band_20.pdf
20,DFT,4,44,0.37760388,-1.45749997,band_20.pdf
20,DFT,4,45,0.38328506,-1.46390000,band_20.pdf
20,DFT,4,46,0.38896625,-1.50829996,band_20.pdf
20,DFT,4,47,0.39467528,-1.48800000,band_20.pdf
20,DFT,4,48,0.40035647,-1.32619997,band_20.pdf
20,DFT,4,49,0.40603765,-1.26440000,band_20.pdf
20,DFT,4,50,0.41171884,-1.25579998,band_20.pdf
20,DFT,4,51,0.42308121,-1.26529998,band_20.pdf
20,DFT,4,52,0.42876239,-1.27800002,band_20.pdf
20,DFT,4,53,0.43444358,-1.29779999,band_20.pdf
20,DFT,4,54,0.44015261,-1.32899998,band_20.pdf
20,DFT,4,55,0.44583380,-1.38420002,band_20.pdf
20,DFT,4,56,0.45151498,-1.45419997,band_20.pdf
20,DFT,4,57,0.45719617,-1.43809999,band_20.pdf
20,DFT,4,58,0.46287735,-1.40899998,band_20.pdf
20,DFT,4,59,0.46855854,-1.39499998,band_20.pdf
20,DFT,4,60,0.47423972,-1.40320002,band_20.pdf
20,DFT,4,61,0.50267350,-1.49080000,band_20.pdf
20,DFT,4,62,0.50835468,-1.59409999,band_20.pdf
20,DFT,4,63,0.51971705,-1.83149997,band_20.pdf
20,DFT,4,64,0.53110727,-2.04140000,band_20.pdf
20,DFT,4,65,0.53678846,-2.13379996,band_20.pdf
20,DFT,4,66,0.54246965,-2.21679999,band_20.pdf
20,DFT,4,67,0.54815083,-2.28960001,band_20.pdf
20,DFT,4,68,0.55383202,-2.35160000,band_20.pdf
20,DFT,4,69,0.55951320,-2.40190000,band_20.pdf
20,DFT,4,70,0.56519439,-2.43909997,band_20.pdf
20,DFT,4,71,0.57087557,-2.46170000,band_20.pdf
20,DFT,4,72,0.57658460,-2.47070000,band_20.pdf
20,DFT,4,73,0.58922803,-2.46999999,band_20.pdf
20,DFT,4,74,0.59619027,-2.45099999,band_20.pdf
20,DFT,4,75,0.60315250,-2.40470000,band_20.pdf
20,DFT,4,76,0.61011474,-2.33490001,band_20.pdf
20,DFT,4,77,0.61707697,-2.24380001,band_20.pdf
20,DFT,4,78,0.62403921,-2.13250000,band_20.pdf
20,DFT,4,79,0.63100145,-2.00159999,band_20.pdf
20,DFT,4,80,0.63796368,-1.85140001,band_20.pdf
20,DFT,4,81,0.64492592,-1.68279997,band_20.pdf
20,DFT,4,82,0.65188816,-1.49860000,band_20.pdf
20,DFT,4,83,0.65885040,-1.38180000,band_20.pdf
20,DFT,4,84,0.67973711,-1.34959997,band_20.pdf
20,DFT,4,85,0.68669934,-1.35929999,band_20.pdf
20,DFT,4,86,0.69366158,-1.41289998,band_20.pdf
20,DFT,4,87,0.71454829,-1.63489999,band_20.pdf
20,DFT,4,88,0.72151053,-1.69809999,band_20.pdf
20,DFT,4,89,0.72847276,-1.75269998,band_20.pdf
20,DFT,4,90,0.73543500,-1.79809999,band_20.pdf
20,DFT,4,91,0.74239724,-1.83379998,band_20.pdf
20,DFT,4,92,0.74935947,-1.85999997,band_20.pdf
20,DFT,4,93,0.75632171,-1.87679998,band_20.pdf
20,DFT,4,94,0.77024618,-1.88220002,band_20.pdf
20,DFT,4,95,0.77720842,-1.87389996,band_20.pdf
20,DFT,4,96,0.79113290,-1.83809996,band_20.pdf
20,DFT,4,97,0.79809513,-1.81749997,band_20.pdf
20,DFT,4,98,0.83290632,-1.67920001,band_20.pdf
20,DFT,4,99,0.83986855,-1.65979996,band_20.pdf
20,DFT,4,100,0.84683079,-1.64769998,band_20.pdf
20,DFT,4,101,0.85379303,-1.64439999,band_20.pdf
20,DFT,4,102,0.86075526,-1.65219999,band_20.pdf
20,DFT,4,103,0.86771750,-1.67219997,band_20.pdf
20,DFT,4,104,0.87467974,-1.70559996,band_20.pdf
20,DFT,4,105,0.88860421,-1.80249998,band_20.pdf
20,DFT,4,106,0.89556645,-1.87749999,band_20.pdf
20,DFT,4,107,0.90252868,-1.96359999,band_20.pdf
20,DFT,4,108,0.92341540,-2.25179997,band_20.pdf
20,DFT,4,109,0.93037763,-2.03640001,band_20.pdf
20,DFT,4,110,0.95126434,-1.24660001,band_20.pdf
20,DFT,4,111,0.95822658,-1.00149998,band_20.pdf
20,DFT,4,112,0.96518881,-0.77750000,band_20.pdf
20,DFT,4,113,0.97215105,-0.58190000,band_20.pdf
20,DFT,4,114,0.97911329,-0.42229997,band_20.pdf
20,DFT,4,115,0.98607553,-0.30679999,band_20.pdf
20,DFT,4,116,0.99303776,-0.24610002,band_20.pdf
20,DFT,4,117,1.00000000,-0.23260001,band_20.pdf
20,DFT,5,0,0.00000000,-1.30630000,band_20.pdf
20,DFT,5,1,0.00804834,-1.31470000,band_20.pdf
20,DFT,5,2,0.01606884,-1.34330001,band_20.pdf
20,DFT,5,3,0.02411719,-1.39109998,band_20.pdf
20,DFT,5,4,0.03216554,-1.45759998,band_20.pdf
20,DFT,5,5,0.04018603,-1.54209999,band_20.pdf
20,DFT,5,6,0.04823438,-1.64379999,band_20.pdf
20,DFT,5,7,0.05628272,-1.76169998,band_20.pdf
20,DFT,5,8,0.06430322,-1.89440000,band_20.pdf
20,DFT,5,9,0.07235157,-2.04030001,band_20.pdf
20,DFT,5,10,0.08842041,-1.83769998,band_20.pdf
20,DFT,5,11,0.10451710,-1.61260000,band_20.pdf
20,DFT,5,12,0.12863429,-1.26359998,band_20.pdf
20,DFT,5,13,0.13665478,-1.28190002,band_20.pdf
20,DFT,5,14,0.14470313,-1.49439997,band_20.pdf
20,DFT,5,15,0.15275148,-1.56929997,band_20.pdf
20,DFT,5,16,0.16079982,-1.41959998,band_20.pdf
20,DFT,5,17,0.18491701,-0.92800001,band_20.pdf
20,DFT,5,18,0.19293751,-0.76619998,band_20.pdf
20,DFT,5,19,0.20098585,-0.61359998,band_20.pdf
20,DFT,5,20,0.20903420,-0.47640002,band_20.pdf
20,DFT,5,21,0.21705470,-0.36079997,band_20.pdf
20,DFT,5,22,0.22510304,-0.27290001,band_20.pdf
20,DFT,5,23,0.23315139,-0.21779998,band_20.pdf
20,DFT,5,24,0.24117188,-0.19900000,band_20.pdf
20,DFT,5,25,0.24685307,-0.20839999,band_20.pdf
20,DFT,5,26,0.25256210,-0.23660002,band_20.pdf
20,DFT,5,27,0.25824329,-0.28290001,band_20.pdf
20,DFT,5,28,0.26392447,-0.34680003,band_20.pdf
20,DFT,5,29,0.26960566,-0.42689998,band_20.pdf
20,DFT,5,30,0.27528684,-0.52170002,band_20.pdf
20,DFT,5,31,0.28096803,-0.62909997,band_20.pdf
20,DFT,5,32,0.29233040,-0.87129999,band_20.pdf
20,DFT,5,33,0.30940180,-1.25019998,band_20.pdf
20,DFT,5,34,0.31508299,-1.36340001,band_20.pdf
20,DFT,5,35,0.32076417,-1.46240001,band_20.pdf
20,DFT,5,36,0.32644536,-1.54280000,band_20.pdf
20,DFT,5,37,0.33212655,-1.60160002,band_20.pdf
20,DFT,5,38,0.33780773,-1.63730001,band_20.pdf
20,DFT,5,39,0.34348892,-1.58030001,band_20.pdf
20,DFT,5,40,0.35487914,-1.25359998,band_20.pdf
20,DFT,5,41,0.36056032,-1.07919998,band_20.pdf
20,DFT,5,42,0.36624151,-1.13949997,band_20.pdf
20,DFT,5,43,0.37192269,-1.24200000,band_20.pdf
20,DFT,5,44,0.37760388,-1.32100002,band_20.pdf
20,DFT,5,45,0.38328506,-1.34560002,band_20.pdf
20,DFT,5,46,0.38896625,-1.32079999,band_20.pdf
20,DFT,5,47,0.40035647,-1.25249998,band_20.pdf
20,DFT,5,48,0.40603765,-1.16359998,band_20.pdf
20,DFT,5,49,0.41171884,-1.11470001,band_20.pdf
20,DFT,5,50,0.42876239,-1.12350000,band_20.pdf
20,DFT,5,51,0.44015261,-1.13970000,band_20.pdf
20,DFT,5,52,0.44583380,-1.15359999,band_20.pdf
20,DFT,5,53,0.45151498,-1.18390000,band_20.pdf
20,DFT,5,54,0.45719617,-1.23770001,band_20.pdf
20,DFT,5,55,0.46287735,-1.27039998,band_20.pdf
20,DFT,5,56,0.46855854,-1.27099999,band_20.pdf
20,DFT,5,57,0.47992091,-1.21080001,band_20.pdf
20,DFT,5,58,0.49131113,-1.22279998,band_20.pdf
20,DFT,5,59,0.49699231,-1.33799998,band_20.pdf
20,DFT,5,60,0.50267350,-1.46769998,band_20.pdf
20,DFT,5,61,0.50835468,-1.49849999,band_20.pdf
20,DFT,5,62,0.51971705,-1.49629999,band_20.pdf
20,DFT,5,63,0.53110727,-1.47020001,band_20.pdf
20,DFT,5,64,0.54246965,-1.42600001,band_20.pdf
20,DFT,5,65,0.55951320,-1.35299997,band_20.pdf
20,DFT,5,66,0.57087557,-1.31870001,band_20.pdf
20,DFT,5,67,0.58226579,-1.30630000,band_20.pdf
20,DFT,5,68,0.59619027,-1.31480001,band_20.pdf
20,DFT,5,69,0.61707697,-1.35029998,band_20.pdf
20,DFT,5,70,0.63100145,-1.37340000,band_20.pdf
20,DFT,5,71,0.64492592,-1.38300001,band_20.pdf
20,DFT,5,72,0.65188816,-1.37989998,band_20.pdf
20,DFT,5,73,0.65885040,-1.35050000,band_20.pdf
20,DFT,5,74,0.67973711,-1.30300000,band_20.pdf
20,DFT,5,75,0.68669934,-1.31519999,band_20.pdf
20,DFT,5,76,0.69366158,-1.39219998,band_20.pdf
20,DFT,5,77,0.70758605,-1.55709998,band_20.pdf
20,DFT,5,78,0.71454829,-1.62979998,band_20.pdf
20,DFT,5,79,0.72151053,-1.69420000,band_20.pdf
20,DFT,5,80,0.72847276,-1.74960000,band_20.pdf
20,DFT,5,81,0.73543500,-1.79529999,band_20.pdf
20,DFT,5,82,0.74239724,-1.83139996,band_20.pdf
20,DFT,5,83,0.74935947,-1.85769997,band_20.pdf
20,DFT,5,84,0.75632171,-1.87469999,band_20.pdf
20,DFT,5,85,0.76328395,-1.87609996,band_20.pdf
20,DFT,5,86,0.77024618,-1.81629996,band_20.pdf
20,DFT,5,87,0.77720842,-1.79380001,band_20.pdf
20,DFT,5,88,0.78417066,-1.80409997,band_20.pdf
20,DFT,5,89,0.79113290,-1.83759997,band_20.pdf
20,DFT,5,90,0.80505737,-1.78359999,band_20.pdf
20,DFT,5,91,0.83290632,-1.66719998,band_20.pdf
20,DFT,5,92,0.83986855,-1.64659999,band_20.pdf
20,DFT,5,93,0.84683079,-1.63349996,band_20.pdf
20,DFT,5,94,0.85379303,-1.62959996,band_20.pdf
20,DFT,5,95,0.86075526,-1.63709999,band_20.pdf
20,DFT,5,96,0.86771750,-1.65729999,band_20.pdf
20,DFT,5,97,0.87467974,-1.69119997,band_20.pdf
20,DFT,5,98,0.88164197,-1.73910001,band_20.pdf
20,DFT,5,99,0.88860421,-1.61239998,band_20.pdf
20,DFT,5,100,0.89556645,-1.41210001,band_20.pdf
20,DFT,5,101,0.90252868,-1.18529997,band_20.pdf
20,DFT,5,102,0.91645316,-0.70100001,band_20.pdf
20,DFT,5,103,0.92341540,-0.60660001,band_20.pdf
20,DFT,5,104,0.93733987,-0.49380002,band_20.pdf
20,DFT,5,105,0.95126434,-0.39360001,band_20.pdf
20,DFT,5,106,0.96518881,-0.31069999,band_20.pdf
20,DFT,5,107,0.97911329,-0.25060002,band_20.pdf
20,DFT,5,108,0.99303776,-0.20939998,band_20.pdf
20,DFT,5,109,1.00000000,-0.19900000,band_20.pdf
20,DFT,6,0,0.00000000,-1.29910001,band_20.pdf
20,DFT,6,1,0.00804834,-1.29649997,band_20.pdf
20,DFT,6,2,0.01606884,-1.28549999,band_20.pdf
20,DFT,6,3,0.02411719,-1.26680002,band_20.pdf
20,DFT,6,4,0.03216554,-1.24100001,band_20.pdf
20,DFT,6,5,0.04823438,-1.16929999,band_20.pdf
20,DFT,6,6,0.05628272,-1.12360001,band_20.pdf
20,DFT,6,7,0.06430322,-1.07050001,band_20.pdf
20,DFT,6,8,0.07235157,-1.00829999,band_20.pdf
20,DFT,6,9,0.08039991,-0.93379997,band_20.pdf
20,DFT,6,10,0.08842041,-0.84169999,band_20.pdf
20,DFT,6,11,0.09646875,-0.72379999,band_20.pdf
20,DFT,6,12,0.10451710,-0.56889999,band_20.pdf
20,DFT,6,13,0.11253760,-0.54589998,band_20.pdf
20,DFT,6,14,0.12863429,-1.01669999,band_20.pdf
20,DFT,6,15,0.13665478,-1.11279999,band_20.pdf
20,DFT,6,16,0.15275148,-0.89620002,band_20.pdf
20,DFT,6,17,0.16882032,-0.68470000,band_20.pdf
20,DFT,6,18,0.17686866,-0.58870001,band_20.pdf
20,DFT,6,19,0.18491701,-0.50090001,band_20.pdf
20,DFT,6,20,0.19293751,-0.42210001,band_20.pdf
20,DFT,6,21,0.20098585,-0.35330000,band_20.pdf
20,DFT,6,22,0.20903420,-0.29480002,band_20.pdf
20,DFT,6,23,0.21705470,-0.24610002,band_20.pdf
20,DFT,6,24,0.22510304,-0.20599997,band_20.pdf
20,DFT,6,25,0.23315139,-0.17539999,band_20.pdf
20,DFT,6,26,0.24117188,-0.16320000,band_20.pdf
20,DFT,6,27,0.26392447,-0.18170000,band_20.pdf
20,DFT,6,28,0.28096803,-0.16340002,band_20.pdf
20,DFT,6,29,0.30372062,-0.12140001,band_20.pdf
20,DFT,6,30,0.32644536,-0.06950002,band_20.pdf
20,DFT,6,31,0.33780773,-0.42469999,band_20.pdf
20,DFT,6,32,0.34919795,-0.74580001,band_20.pdf
20,DFT,6,33,0.35487914,-0.88969998,band_20.pdf
20,DFT,6,34,0.36056032,-1.02140002,band_20.pdf
20,DFT,6,35,0.36624151,-0.89840001,band_20.pdf
20,DFT,6,36,0.39467528,0.02910000,band_20.pdf
20,DFT,6,37,0.40035647,0.05359999,band_20.pdf
20,DFT,6,38,0.41171884,0.05710001,band_20.pdf
20,DFT,6,39,0.41740002,0.04849999,band_20.pdf
20,DFT,6,40,0.42308121,0.02240000,band_20.pdf
20,DFT,6,41,0.42876239,-0.12300000,band_20.pdf
20,DFT,6,42,0.43444358,-0.38039997,band_20.pdf
20,DFT,6,43,0.44583380,-0.91659999,band_20.pdf
20,DFT,6,44,0.45151498,-1.08929999,band_20.pdf
20,DFT,6,45,0.45719617,-1.14179998,band_20.pdf
20,DFT,6,46,0.46855854,-1.17290002,band_20.pdf
20,DFT,6,47,0.47423972,-1.18280000,band_20.pdf
20,DFT,6,48,0.47992091,-1.17599999,band_20.pdf
20,DFT,6,49,0.48562994,-1.12760002,band_20.pdf
20,DFT,6,50,0.49131113,-1.20640001,band_20.pdf
20,DFT,6,51,0.49699231,-1.23229998,band_20.pdf
20,DFT,6,52,0.52539824,-1.27139997,band_20.pdf
20,DFT,6,53,0.54815083,-1.28979997,band_20.pdf
20,DFT,6,54,0.57658460,-1.29889998,band_20.pdf
20,DFT,6,55,0.58922803,-1.30130000,band_20.pdf
20,DFT,6,56,0.60315250,-1.31650001,band_20.pdf
20,DFT,6,57,0.63100145,-1.35400002,band_20.pdf
20,DFT,6,58,0.64492592,-1.35539999,band_20.pdf
20,DFT,6,59,0.65188816,-1.34770000,band_20.pdf
20,DFT,6,60,0.65885040,-1.27280000,band_20.pdf
20,DFT,6,61,0.66581263,-1.07149999,band_20.pdf
20,DFT,6,62,0.67277487,-1.09809997,band_20.pdf
20,DFT,6,63,0.67973711,-1.18969996,band_20.pdf
20,DFT,6,64,0.68669934,-1.25749998,band_20.pdf
20,DFT,6,65,0.69366158,-1.26419998,band_20.pdf
20,DFT,6,66,0.70758605,-1.23420000,band_20.pdf
20,DFT,6,67,0.73543500,-1.16040000,band_20.pdf
20,DFT,6,68,0.75632171,-1.11960000,band_20.pdf
20,DFT,6,69,0.77720842,-1.09560000,band_20.pdf
20,DFT,6,70,0.79113290,-1.08850002,band_20.pdf
20,DFT,6,71,0.83986855,-1.10159999,band_20.pdf
20,DFT,6,72,0.85379303,-1.07600000,band_20.pdf
20,DFT,6,73,0.86075526,-1.05310000,band_20.pdf
20,DFT,6,74,0.86771750,-1.02259997,band_20.pdf
20,DFT,6,75,0.88164197,-0.94059998,band_20.pdf
20,DFT,6,76,0.89556645,-0.83489998,band_20.pdf
20,DFT,6,77,0.94430211,-0.42030000,band_20.pdf
20,DFT,6,78,0.95822658,-0.31970000,band_20.pdf
20,DFT,6,79,0.97215105,-0.24200000,band_20.pdf
20,DFT,6,80,0.98607553,-0.19039998,band_20.pdf
20,DFT,6,81,0.99303776,-0.17259999,band_20.pdf
20,DFT,6,82,1.00000000,-0.16320000,band_20.pdf
20,DFT,7,0,0.00000000,-0.38360002,band_20.pdf
20,DFT,7,1,0.03216554,-0.37750002,band_20.pdf
20,DFT,7,2,0.04823438,-0.38379998,band_20.pdf
20,DFT,7,3,0.06430322,-0.37429998,band_20.pdf
20,DFT,7,4,0.07235157,-0.35879999,band_20.pdf
20,DFT,7,5,0.08039991,-0.33370000,band_20.pdf
20,DFT,7,6,0.08842041,-0.29750001,band_20.pdf
20,DFT,7,7,0.09646875,-0.25000001,band_20.pdf
20,DFT,7,8,0.11253760,-0.36410002,band_20.pdf
20,DFT,7,9,0.12058594,-0.10570001,band_20.pdf
20,DFT,7,10,0.12863429,0.09089998,band_20.pdf
20,DFT,7,11,0.13665478,0.22870001,band_20.pdf
20,DFT,7,12,0.14470313,0.37659998,band_20.pdf
20,DFT,7,13,0.15275148,0.53879999,band_20.pdf
20,DFT,7,14,0.16079982,0.71469998,band_20.pdf
20,DFT,7,15,0.17686866,1.09860002,band_20.pdf
20,DFT,7,16,0.20098585,1.69349998,band_20.pdf
20,DFT,7,17,0.20903420,1.87079999,band_20.pdf
20,DFT,7,18,0.21705470,2.02219998,band_20.pdf
20,DFT,7,19,0.22510304,2.13519999,band_20.pdf
20,DFT,7,20,0.23315139,2.19850001,band_20.pdf
20,DFT,7,21,0.24117188,2.21649996,band_20.pdf
20,DFT,7,22,0.24685307,2.20690001,band_20.pdf
20,DFT,7,23,0.25256210,2.16770000,band_20.pdf
20,DFT,7,24,0.25824329,2.09000000,band_20.pdf
20,DFT,7,25,0.26392447,1.97940001,band_20.pdf
20,DFT,7,26,0.26960566,1.84240000,band_20.pdf
20,DFT,7,27,0.27528684,1.68430001,band_20.pdf
20,DFT,7,28,0.28664922,1.32289998,band_20.pdf
20,DFT,7,29,0.30372062,0.72419998,band_20.pdf
20,DFT,7,30,0.32076417,0.12470001,band_20.pdf
20,DFT,7,31,0.32644536,-0.06600000,band_20.pdf
20,DFT,7,32,0.34348892,-0.03030001,band_20.pdf
20,DFT,7,33,0.37192269,0.02499998,band_20.pdf
20,DFT,7,34,0.39467528,0.06009997,band_20.pdf
20,DFT,7,35,0.40035647,0.19549999,band_20.pdf
20,DFT,7,36,0.40603765,0.30750001,band_20.pdf
20,DFT,7,37,0.41171884,0.27470003,band_20.pdf
20,DFT,7,38,0.41740002,0.22629999,band_20.pdf
20,DFT,7,39,0.42308121,0.08749997,band_20.pdf
20,DFT,7,40,0.42876239,-0.02159998,band_20.pdf
20,DFT,7,41,0.43444358,-0.08970003,band_20.pdf
20,DFT,7,42,0.44015261,-0.21339999,band_20.pdf
20,DFT,7,43,0.44583380,-0.36369998,band_20.pdf
20,DFT,7,44,0.45151498,-0.50179998,band_20.pdf
20,DFT,7,45,0.45719617,-0.61620002,band_20.pdf
20,DFT,7,46,0.46287735,-0.70419999,band_20.pdf
20,DFT,7,47,0.47423972,-0.83819997,band_20.pdf
20,DFT,7,48,0.47992091,-0.94779998,band_20.pdf
20,DFT,7,49,0.48562994,-1.07500001,band_20.pdf
20,DFT,7,50,0.49131113,-1.06830001,band_20.pdf
20,DFT,7,51,0.53110727,-0.63440000,band_20.pdf
20,DFT,7,52,0.54246965,-0.53230002,band_20.pdf
20,DFT,7,53,0.55383202,-0.45120001,band_20.pdf
20,DFT,7,54,0.55951320,-0.42040001,band_20.pdf
20,DFT,7,55,0.56519439,-0.39779998,band_20.pdf
20,DFT,7,56,0.57087557,-0.38520001,band_20.pdf
20,DFT,7,57,0.58226579,-0.38360002,band_20.pdf
20,DFT,7,58,0.58922803,-0.38400000,band_20.pdf
20,DFT,7,59,0.59619027,-0.39250001,band_20.pdf
20,DFT,7,60,0.60315250,-0.41150001,band_20.pdf
20,DFT,7,61,0.61011474,-0.44010002,band_20.pdf
20,DFT,7,62,0.61707697,-0.47819997,band_20.pdf
20,DFT,7,63,0.62403921,-0.52610001,band_20.pdf
20,DFT,7,64,0.63100145,-0.58389998,band_20.pdf
20,DFT,7,65,0.63796368,-0.65130001,band_20.pdf
20,DFT,7,66,0.65188816,-0.81120001,band_20.pdf
20,DFT,7,67,0.67973711,-1.17189997,band_20.pdf
20,DFT,7,68,0.68669934,-1.23380002,band_20.pdf
20,DFT,7,69,0.69366158,-1.23889996,band_20.pdf
20,DFT,7,70,0.71454829,-1.18259998,band_20.pdf
20,DFT,7,71,0.73543500,-1.13080000,band_20.pdf
20,DFT,7,72,0.74935947,-1.10630001,band_20.pdf
20,DFT,7,73,0.76328395,-1.09099999,band_20.pdf
20,DFT,7,74,0.78417066,-1.08510001,band_20.pdf
20,DFT,7,75,0.80505737,-1.08319999,band_20.pdf
20,DFT,7,76,0.83290632,-1.07189998,band_20.pdf
20,DFT,7,77,0.84683079,-1.05260001,band_20.pdf
20,DFT,7,78,0.86075526,-1.01470002,band_20.pdf
20,DFT,7,79,0.87467974,-0.95380002,band_20.pdf
20,DFT,7,80,0.88860421,-0.87069998,band_20.pdf
20,DFT,7,81,0.90252868,-0.77009998,band_20.pdf
20,DFT,7,82,0.90949092,-0.70940001,band_20.pdf
20,DFT,7,83,0.91645316,-0.60720002,band_20.pdf
20,DFT,7,84,0.92341540,-0.34680003,band_20.pdf
20,DFT,7,85,0.93733987,0.27500000,band_20.pdf
20,DFT,7,86,0.95126434,0.91209999,band_20.pdf
20,DFT,7,87,0.95822658,1.21650002,band_20.pdf
20,DFT,7,88,0.96518881,1.49920000,band_20.pdf
20,DFT,7,89,0.97215105,1.74999999,band_20.pdf
20,DFT,7,90,0.97911329,1.95829996,band_20.pdf
20,DFT,7,91,0.98607553,2.11250002,band_20.pdf
20,DFT,7,92,0.99303776,2.19759997,band_20.pdf
20,DFT,7,93,1.00000000,2.21649996,band_20.pdf
20,DFT,8,0,0.00000000,-0.36240002,band_20.pdf
20,DFT,8,1,0.02411719,-0.37170000,band_20.pdf
20,DFT,8,2,0.04823438,-0.38140002,band_20.pdf
20,DFT,8,3,0.06430322,-0.37049999,band_20.pdf
20,DFT,8,4,0.07235157,-0.35440000,band_20.pdf
20,DFT,8,5,0.08039991,-0.32870000,band_20.pdf
20,DFT,8,6,0.08842041,-0.29149997,band_20.pdf
20,DFT,8,7,0.09646875,-0.24110002,band_20.pdf
20,DFT,8,8,0.10451710,-0.17759998,band_20.pdf
20,DFT,8,9,0.11253760,-0.10170000,band_20.pdf
20,DFT,8,10,0.12058594,-0.00670000,band_20.pdf
20,DFT,8,11,0.12863429,0.10549998,band_20.pdf
20,DFT,8,12,0.13665478,0.23459998,band_20.pdf
20,DFT,8,13,0.14470313,0.38020001,band_20.pdf
20,DFT,8,14,0.15275148,0.54160000,band_20.pdf
20,DFT,8,15,0.16079982,0.71709999,band_20.pdf
20,DFT,8,16,0.17686866,1.10109999,band_20.pdf
20,DFT,8,17,0.20098585,1.69729997,band_20.pdf
20,DFT,8,18,0.20903420,1.87609996,band_20.pdf
20,DFT,8,19,0.21705470,2.03039996,band_20.pdf
20,DFT,8,20,0.22510304,2.15029999,band_20.pdf
20,DFT,8,21,0.23315139,2.22659996,band_20.pdf
20,DFT,8,22,0.24117188,2.25289997,band_20.pdf
20,DFT,8,23,0.24685307,2.23969999,band_20.pdf
20,DFT,8,24,0.25256210,2.20039997,band_20.pdf
20,DFT,8,25,0.25824329,2.13590001,band_20.pdf
20,DFT,8,26,0.26392447,2.04779997,band_20.pdf
20,DFT,8,27,0.26960566,1.93839999,band_20.pdf
20,DFT,8,28,0.27528684,1.81069996,band_20.pdf
20,DFT,8,29,0.28664922,1.51619997,band_20.pdf
20,DFT,8,30,0.30372062,1.05509997,band_20.pdf
20,DFT,8,31,0.30940180,0.92109999,band_20.pdf
20,DFT,8,32,0.31508299,0.80799997,band_20.pdf
20,DFT,8,33,0.32076417,0.72149999,band_20.pdf
20,DFT,8,34,0.32644536,0.66559999,band_20.pdf
20,DFT,8,35,0.33212655,0.64180001,band_20.pdf
20,DFT,8,36,0.33780773,0.64879998,band_20.pdf
20,DFT,8,37,0.34348892,0.68310000,band_20.pdf
20,DFT,8,38,0.34919795,0.73979997,band_20.pdf
20,DFT,8,39,0.35487914,0.81309998,band_20.pdf
20,DFT,8,40,0.36624151,0.98710000,band_20.pdf
20,DFT,8,41,0.37760388,1.16479999,band_20.pdf
20,DFT,8,42,0.38328506,1.24480000,band_20.pdf
20,DFT,8,43,0.39467528,0.72209999,band_20.pdf
20,DFT,8,44,0.40035647,0.49710002,band_20.pdf
20,DFT,8,45,0.40603765,0.33560002,band_20.pdf
20,DFT,8,46,0.41171884,0.34960003,band_20.pdf
20,DFT,8,47,0.41740002,0.32110003,band_20.pdf
20,DFT,8,48,0.42308121,0.23940002,band_20.pdf
20,DFT,8,49,0.42876239,0.11719998,band_20.pdf
20,DFT,8,50,0.43444358,-0.02229999,band_20.pdf
20,DFT,8,51,0.44015261,-0.13080000,band_20.pdf
20,DFT,8,52,0.45151498,-0.31909999,band_20.pdf
20,DFT,8,53,0.46287735,-0.53780001,band_20.pdf
20,DFT,8,54,0.46855854,-0.65070001,band_20.pdf
20,DFT,8,55,0.47423972,-0.73780000,band_20.pdf
20,DFT,8,56,0.47992091,-0.76490002,band_20.pdf
20,DFT,8,57,0.48562994,-0.75740000,band_20.pdf
20,DFT,8,58,0.49131113,-0.73230001,band_20.pdf
20,DFT,8,59,0.50267350,-0.65420002,band_20.pdf
20,DFT,8,60,0.51971705,-0.52419999,band_20.pdf
20,DFT,8,61,0.53110727,-0.45580003,band_20.pdf
20,DFT,8,62,0.54246965,-0.40920000,band_20.pdf
20,DFT,8,63,0.55383202,-0.38209997,band_20.pdf
20,DFT,8,64,0.56519439,-0.36840000,band_20.pdf
20,DFT,8,65,0.58226579,-0.36240002,band_20.pdf
20,DFT,8,66,0.59619027,-0.36599999,band_20.pdf
20,DFT,8,67,0.60315250,-0.38470001,band_20.pdf
20,DFT,8,68,0.61011474,-0.41440002,band_20.pdf
20,DFT,8,69,0.61707697,-0.45450001,band_20.pdf
20,DFT,8,70,0.62403921,-0.50469999,band_20.pdf
20,DFT,8,71,0.63100145,-0.56520001,band_20.pdf
20,DFT,8,72,0.63796368,-0.63529997,band_20.pdf
20,DFT,8,73,0.65188816,-0.80019997,band_20.pdf
20,DFT,8,74,0.65885040,-0.89100000,band_20.pdf
20,DFT,8,75,0.66581263,-0.97050001,band_20.pdf
20,DFT,8,76,0.67277487,-0.79550001,band_20.pdf
20,DFT,8,77,0.67973711,-0.52900002,band_20.pdf
20,DFT,8,78,0.68669934,-0.23619997,band_20.pdf
20,DFT,8,79,0.69366158,0.08340001,band_20.pdf
20,DFT,8,80,0.70062382,0.43230002,band_20.pdf
20,DFT,8,81,0.70758605,0.81350002,band_20.pdf
20,DFT,8,82,0.72151053,1.66070000,band_20.pdf
20,DFT,8,83,0.72847276,1.70969998,band_20.pdf
20,DFT,8,84,0.74935947,1.78880001,band_20.pdf
20,DFT,8,85,0.76328395,1.82979997,band_20.pdf
20,DFT,8,86,0.77720842,1.85849999,band_20.pdf
20,DFT,8,87,0.79113290,1.87200000,band_20.pdf
20,DFT,8,88,0.80505737,1.85700001,band_20.pdf
20,DFT,8,89,0.81898184,1.82029997,band_20.pdf
20,DFT,8,90,0.83290632,1.76289999,band_20.pdf
20,DFT,8,91,0.86771750,1.59590000,band_20.pdf
20,DFT,8,92,0.87467974,1.57690000,band_20.pdf
20,DFT,8,93,0.88164197,1.56819997,band_20.pdf
20,DFT,8,94,0.88860421,1.57130000,band_20.pdf
20,DFT,8,95,0.89556645,1.58679999,band_20.pdf
20,DFT,8,96,0.90252868,1.61450002,band_20.pdf
20,DFT,8,97,0.90949092,1.65329999,band_20.pdf
20,DFT,8,98,0.92341540,1.75630000,band_20.pdf
20,DFT,8,99,0.93733987,1.87169997,band_20.pdf
20,DFT,8,100,0.95822658,2.04930001,band_20.pdf
20,DFT,8,101,0.97215105,2.14679998,band_20.pdf
20,DFT,8,102,0.97911329,2.18429998,band_20.pdf
20,DFT,8,103,0.99303776,2.23889996,band_20.pdf
20,DFT,8,104,1.00000000,2.25289997,band_20.pdf
20,DFT,9,0,0.00000000,-0.33100001,band_20.pdf
20,DFT,9,1,0.00804834,-0.32789998,band_20.pdf
20,DFT,9,2,0.01606884,-0.31550003,band_20.pdf
20,DFT,9,3,0.02411719,-0.28829999,band_20.pdf
20,DFT,9,4,0.03216554,-0.24540000,band_20.pdf
20,DFT,9,5,0.04018603,-0.18829999,band_20.pdf
20,DFT,9,6,0.04823438,-0.11850000,band_20.pdf
20,DFT,9,7,0.05628272,-0.03679999,band_20.pdf
20,DFT,9,8,0.06430322,0.05560003,band_20.pdf
20,DFT,9,9,0.07235157,0.15780002,band_20.pdf
20,DFT,9,10,0.08039991,0.26879999,band_20.pdf
20,DFT,9,11,0.08842041,0.16359998,band_20.pdf
20,DFT,9,12,0.09646875,-0.06450002,band_20.pdf
20,DFT,9,13,0.10451710,-0.17589998,band_20.pdf
20,DFT,9,14,0.11253760,-0.09329999,band_20.pdf
20,DFT,9,15,0.12058594,0.01879998,band_20.pdf
20,DFT,9,16,0.12863429,0.28929997,band_20.pdf
20,DFT,9,17,0.13665478,0.72130002,band_20.pdf
20,DFT,9,18,0.14470313,1.24419999,band_20.pdf
20,DFT,9,19,0.15275148,1.44979998,band_20.pdf
20,DFT,9,20,0.16882032,1.69270001,band_20.pdf
20,DFT,9,21,0.17686866,1.80259999,band_20.pdf
20,DFT,9,22,0.18491701,1.90309998,band_20.pdf
20,DFT,9,23,0.19293751,1.99309998,band_20.pdf
20,DFT,9,24,0.20098585,2.07160001,band_20.pdf
20,DFT,9,25,0.20903420,2.13799999,band_20.pdf
20,DFT,9,26,0.21705470,2.19230000,band_20.pdf
20,DFT,9,27,0.22510304,2.23619997,band_20.pdf
20,DFT,9,28,0.23315139,2.27170000,band_20.pdf
20,DFT,9,29,0.24117188,2.28749996,band_20.pdf
20,DFT,9,30,0.25824329,2.26629997,band_20.pdf
20,DFT,9,31,0.26960566,2.27400001,band_20.pdf
20,DFT,9,32,0.28664922,2.30059999,band_20.pdf
20,DFT,9,33,0.30940180,2.35209999,band_20.pdf
20,DFT,9,34,0.36056032,2.47869996,band_20.pdf
20,DFT,9,35,0.36624151,2.22389997,band_20.pdf
20,DFT,9,36,0.37760388,1.57789999,band_20.pdf
20,DFT,9,37,0.38328506,1.27269999,band_20.pdf
20,DFT,9,38,0.38896625,1.31439997,band_20.pdf
20,DFT,9,39,0.39467528,1.37099998,band_20.pdf
20,DFT,9,40,0.40035647,1.41250000,band_20.pdf
20,DFT,9,41,0.40603765,1.43749998,band_20.pdf
20,DFT,9,42,0.41171884,1.44560001,band_20.pdf
20,DFT,9,43,0.42876239,1.44069997,band_20.pdf
20,DFT,9,44,0.44015261,1.42299999,band_20.pdf
20,DFT,9,45,0.45151498,1.39119999,band_20.pdf
20,DFT,9,46,0.47992091,1.28809997,band_20.pdf
20,DFT,9,47,0.48562994,1.24409998,band_20.pdf
20,DFT,9,48,0.50267350,0.79450002,band_20.pdf
20,DFT,9,49,0.51403587,0.51509997,band_20.pdf
20,DFT,9,50,0.52539824,0.26380000,band_20.pdf
20,DFT,9,51,0.53678846,0.04849999,band_20.pdf
20,DFT,9,52,0.54246965,-0.04370001,band_20.pdf
20,DFT,9,53,0.54815083,-0.12459999,band_20.pdf
20,DFT,9,54,0.55383202,-0.19350001,band_20.pdf
20,DFT,9,55,0.55951320,-0.24959997,band_20.pdf
20,DFT,9,56,0.56519439,-0.29190001,band_20.pdf
20,DFT,9,57,0.57087557,-0.31839998,band_20.pdf
20,DFT,9,58,0.57658460,-0.32909999,band_20.pdf
20,DFT,9,59,0.58922803,-0.32849998,band_20.pdf
20,DFT,9,60,0.59619027,-0.30580000,band_20.pdf
20,DFT,9,61,0.60315250,-0.25340002,band_20.pdf
20,DFT,9,62,0.61011474,-0.17610000,band_20.pdf
20,DFT,9,63,0.61707697,-0.07629997,band_20.pdf
20,DFT,9,64,0.62403921,0.04509998,band_20.pdf
20,DFT,9,65,0.63100145,0.18690002,band_20.pdf
20,DFT,9,66,0.63796368,0.34869999,band_20.pdf
20,DFT,9,67,0.64492592,0.52940001,band_20.pdf
20,DFT,9,68,0.65188816,0.72800002,band_20.pdf
20,DFT,9,69,0.65885040,0.94360001,band_20.pdf
20,DFT,9,70,0.67277487,1.41590000,band_20.pdf
20,DFT,9,71,0.67973711,1.50719996,band_20.pdf
20,DFT,9,72,0.70062382,1.58920000,band_20.pdf
20,DFT,9,73,0.72151053,1.68299999,band_20.pdf
20,DFT,9,74,0.72847276,1.73780000,band_20.pdf
20,DFT,9,75,0.74239724,1.79040000,band_20.pdf
20,DFT,9,76,0.75632171,1.83139996,band_20.pdf
20,DFT,9,77,0.77024618,1.85949998,band_20.pdf
20,DFT,9,78,0.78417066,1.87229997,band_20.pdf
20,DFT,9,79,0.80505737,1.86739999,band_20.pdf
20,DFT,9,80,0.81898184,1.84119999,band_20.pdf
20,DFT,9,81,0.83290632,1.79289997,band_20.pdf
20,DFT,9,82,0.85379303,1.69380001,band_20.pdf
20,DFT,9,83,0.86771750,1.63280000,band_20.pdf
20,DFT,9,84,0.87467974,1.61160001,band_20.pdf
20,DFT,9,85,0.88164197,1.59949997,band_20.pdf
20,DFT,9,86,0.88860421,1.59829996,band_20.pdf
20,DFT,9,87,0.89556645,1.60880001,band_20.pdf
20,DFT,9,88,0.90252868,1.63079997,band_20.pdf
20,DFT,9,89,0.90949092,1.66369996,band_20.pdf
20,DFT,9,90,0.91645316,1.70610001,band_20.pdf
20,DFT,9,91,0.92341540,1.75800000,band_20.pdf
20,DFT,9,92,0.93733987,1.88479999,band_20.pdf
20,DFT,9,93,0.95822658,2.07710000,band_20.pdf
20,DFT,9,94,0.96518881,2.13300000,band_20.pdf
20,DFT,9,95,0.97215105,2.18159999,band_20.pdf
20,DFT,9,96,0.97911329,2.22159997,band_20.pdf
20,DFT,9,97,0.98607553,2.25229996,band_20.pdf
20,DFT,9,98,0.99303776,2.27529997,band_20.pdf
20,DFT,9,99,1.00000000,2.28749996,band_20.pdf
20,DFT,10,0,0.00000000,1.57630000,band_20.pdf
20,DFT,10,1,0.00804834,1.56360002,band_20.pdf
20,DFT,10,2,0.01606884,1.52450002,band_20.pdf
20,DFT,10,3,0.02411719,1.45979998,band_20.pdf
20,DFT,10,4,0.03216554,1.37020002,band_20.pdf
20,DFT,10,5,0.04018603,1.25660000,band_20.pdf
20,DFT,10,6,0.04823438,1.12040002,band_20.pdf
20,DFT,10,7,0.05628272,0.96289998,band_20.pdf
20,DFT,10,8,0.06430322,0.78619997,band_20.pdf
20,DFT,10,9,0.07235157,0.59239999,band_20.pdf
20,DFT,10,10,0.08039991,0.38389999,band_20.pdf
20,DFT,10,11,0.08842041,0.38750001,band_20.pdf
20,DFT,10,12,0.10451710,0.64269999,band_20.pdf
20,DFT,10,13,0.14470313,1.31970000,band_20.pdf
20,DFT,10,14,0.15275148,1.84619999,band_20.pdf
20,DFT,10,15,0.16079982,2.51590000,band_20.pdf
20,DFT,10,16,0.16882032,3.24150000,band_20.pdf
20,DFT,10,17,0.17686866,4.01239995,band_20.pdf
20,DFT,10,18,0.19293751,5.64529997,band_20.pdf
20,DFT,10,19,0.20903420,7.30119993,band_20.pdf
20,DFT,10,20,0.21705470,8.07499995,band_20.pdf
20,DFT,10,21,0.21956881,8.28298041,band_20.pdf
20,DFT,11,0,0.27268164,8.28298041,band_20.pdf
20,DFT,11,1,0.27528684,8.13279998,band_20.pdf
20,DFT,11,2,0.28664922,7.41649995,band_20.pdf
20,DFT,11,3,0.30940180,5.88869999,band_20.pdf
20,DFT,11,4,0.33212655,4.36419997,band_20.pdf
20,DFT,11,5,0.34919795,3.26519997,band_20.pdf
20,DFT,11,6,0.36056032,2.56850000,band_20.pdf
20,DFT,11,7,0.36624151,2.49669998,band_20.pdf
20,DFT,11,8,0.38328506,2.52479999,band_20.pdf
20,DFT,11,9,0.38896625,2.43809999,band_20.pdf
20,DFT,11,10,0.39467528,2.20699996,band_20.pdf
20,DFT,11,11,0.40035647,2.01359996,band_20.pdf
20,DFT,11,12,0.40603765,1.87919999,band_20.pdf
20,DFT,11,13,0.41171884,1.82999999,band_20.pdf
20,DFT,11,14,0.42308121,1.82560000,band_20.pdf
20,DFT,11,15,0.44015261,1.80309998,band_20.pdf
20,DFT,11,16,0.45719617,1.76580000,band_20.pdf
20,DFT,11,17,0.46287735,1.75130000,band_20.pdf
20,DFT,11,18,0.46855854,1.69339997,band_20.pdf
20,DFT,11,19,0.47992091,1.39619999,band_20.pdf
20,DFT,11,20,0.48562994,1.27120001,band_20.pdf
20,DFT,11,21,0.49699231,1.24979999,band_20.pdf
20,DFT,11,22,0.50267350,1.24720001,band_20.pdf
20,DFT,11,23,0.50835468,1.25129997,band_20.pdf
20,DFT,11,24,0.51403587,1.26239997,band_20.pdf
20,DFT,11,25,0.51971705,1.28049999,band_20.pdf
20,DFT,11,26,0.53110727,1.33569997,band_20.pdf
20,DFT,11,27,0.56519439,1.53929999,band_20.pdf
20,DFT,11,28,0.57087557,1.55950000,band_20.pdf
20,DFT,11,29,0.57658460,1.57209997,band_20.pdf
20,DFT,11,30,0.58226579,1.57630000,band_20.pdf
20,DFT,11,31,0.59619027,1.56449999,band_20.pdf
20,DFT,11,32,0.61011474,1.53309998,band_20.pdf
20,DFT,11,33,0.63100145,1.47910001,band_20.pdf
20,DFT,11,34,0.64492592,1.45969996,band_20.pdf
20,DFT,11,35,0.65885040,1.46340000,band_20.pdf
20,DFT,11,36,0.66581263,1.47449999,band_20.pdf
20,DFT,11,37,0.67277487,1.49370001,band_20.pdf
20,DFT,11,38,0.67973711,1.53890001,band_20.pdf
20,DFT,11,39,0.70062382,1.62349997,band_20.pdf
20,DFT,11,40,0.71454829,1.68530000,band_20.pdf
20,DFT,11,41,0.72151053,1.73690002,band_20.pdf
20,DFT,11,42,0.72847276,2.18620001,band_20.pdf
20,DFT,11,43,0.73543500,2.72079997,band_20.pdf
20,DFT,11,44,0.74239724,3.29719998,band_20.pdf
20,DFT,11,45,0.74935947,3.91280000,band_20.pdf
20,DFT,11,46,0.75632171,4.56519995,band_20.pdf
20,DFT,11,47,0.77024618,5.96539995,band_20.pdf
20,DFT,11,48,0.78417066,7.43909997,band_20.pdf
20,DFT,11,49,0.79113290,8.10769998,band_20.pdf
20,DFT,11,50,0.80505737,7.52399997,band_20.pdf
20,DFT,11,51,0.81201961,7.26639998,band_20.pdf
20,DFT,11,52,0.81898184,7.03759996,band_20.pdf
20,DFT,11,53,0.82594408,6.83859996,band_20.pdf
20,DFT,11,54,0.83290632,6.67079994,band_20.pdf
20,DFT,11,55,0.83986855,6.53529998,band_20.pdf
20,DFT,11,56,0.84683079,6.43219995,band_20.pdf
20,DFT,11,57,0.85379303,6.36239996,band_20.pdf
20,DFT,11,58,0.86075526,6.32529994,band_20.pdf
20,DFT,11,59,0.86771750,6.32079994,band_20.pdf
20,DFT,11,60,0.87467974,6.34799997,band_20.pdf
20,DFT,11,61,0.88164197,6.40499997,band_20.pdf
20,DFT,11,62,0.88860421,6.49059998,band_20.pdf
20,DFT,11,63,0.89556645,6.60309994,band_20.pdf
20,DFT,11,64,0.90252868,6.74009994,band_20.pdf
20,DFT,11,65,0.90949092,6.89979998,band_20.pdf
20,DFT,11,66,0.91645316,7.07979999,band_20.pdf
20,DFT,11,67,0.92341540,7.27809997,band_20.pdf
20,DFT,11,68,0.93037763,7.49129994,band_20.pdf
20,DFT,11,69,0.94430211,7.95249994,band_20.pdf
20,DFT,11,70,0.95391065,8.28298041,band_20.pdf
20,DFT,12,0,0.00000000,1.57750001,band_20.pdf
20,DFT,12,1,0.00804834,1.58229998,band_20.pdf
20,DFT,12,2,0.01606884,1.59719996,band_20.pdf
20,DFT,12,3,0.02411719,1.62160000,band_20.pdf
20,DFT,12,4,0.03216554,1.65460000,band_20.pdf
20,DFT,12,5,0.04823438,1.74190002,band_20.pdf
20,DFT,12,6,0.06430322,1.84929996,band_20.pdf
20,DFT,12,7,0.08039991,1.96940002,band_20.pdf
20,DFT,12,8,0.09646875,2.10630001,band_20.pdf
20,DFT,12,9,0.10451710,2.18919997,band_20.pdf
20,DFT,12,10,0.11253760,2.29089997,band_20.pdf
20,DFT,12,11,0.12058594,2.42160001,band_20.pdf
20,DFT,12,12,0.12863429,2.59489996,band_20.pdf
20,DFT,12,13,0.13665478,2.82539998,band_20.pdf
20,DFT,12,14,0.14470313,3.12659997,band_20.pdf
20,DFT,12,15,0.15275148,3.50779997,band_20.pdf
20,DFT,12,16,0.16079982,3.97159995,band_20.pdf
20,DFT,12,17,0.16882032,4.51329996,band_20.pdf
20,DFT,12,18,0.17686866,5.12339999,band_20.pdf
20,DFT,12,19,0.18491701,5.78829996,band_20.pdf
20,DFT,12,20,0.21336715,8.28298041,band_20.pdf
20,DFT,13,0,0.28374628,8.28298041,band_20.pdf
20,DFT,13,1,0.29233040,7.81139998,band_20.pdf
20,DFT,13,2,0.30940180,6.81899995,band_20.pdf
20,DFT,13,3,0.34348892,4.81199998,band_20.pdf
20,DFT,13,4,0.36056032,3.85630000,band_20.pdf
20,DFT,13,5,0.37192269,3.25369999,band_20.pdf
20,DFT,13,6,0.38328506,2.69409998,band_20.pdf
20,DFT,13,7,0.38896625,2.53170001,band_20.pdf
20,DFT,13,8,0.40603765,2.54369998,band_20.pdf
20,DFT,13,9,0.41171884,2.54450001,band_20.pdf
20,DFT,13,10,0.41740002,2.53450001,band_20.pdf
20,DFT,13,11,0.42308121,2.50480001,band_20.pdf
20,DFT,13,12,0.42876239,2.45589998,band_20.pdf
20,DFT,13,13,0.43444358,2.38879997,band_20.pdf
20,DFT,13,14,0.44015261,2.30480002,band_20.pdf
20,DFT,13,15,0.44583380,2.20549998,band_20.pdf
20,DFT,13,16,0.45151498,2.09280000,band_20.pdf
20,DFT,13,17,0.46287735,1.83470002,band_20.pdf
20,DFT,13,18,0.46855854,1.73630001,band_20.pdf
20,DFT,13,19,0.50267350,1.65099998,band_20.pdf
20,DFT,13,20,0.51971705,1.61940001,band_20.pdf
20,DFT,13,21,0.54246965,1.59250000,band_20.pdf
20,DFT,13,22,0.56519439,1.57999998,band_20.pdf
20,DFT,13,23,0.59619027,1.56620000,band_20.pdf
20,DFT,13,24,0.61011474,1.53819999,band_20.pdf
20,DFT,13,25,0.63100145,1.49279998,band_20.pdf
20,DFT,13,26,0.64492592,1.47980002,band_20.pdf
20,DFT,13,27,0.65885040,1.48920001,band_20.pdf
20,DFT,13,28,0.66581263,1.50260001,band_20.pdf
20,DFT,13,29,0.67277487,1.52359998,band_20.pdf
20,DFT,13,30,0.67973711,1.69220002,band_20.pdf
20,DFT,13,31,0.68669934,1.96700000,band_20.pdf
20,DFT,13,32,0.69366158,2.25899996,band_20.pdf
20,DFT,13,33,0.70062382,2.56740000,band_20.pdf
20,DFT,13,34,0.70758605,2.89369999,band_20.pdf
20,DFT,13,35,0.71454829,3.24029999,band_20.pdf
20,DFT,13,36,0.72151053,3.61029999,band_20.pdf
20,DFT,13,37,0.72847276,4.00730000,band_20.pdf
20,DFT,13,38,0.73543500,4.43540000,band_20.pdf
20,DFT,13,39,0.74239724,4.89869999,band_20.pdf
20,DFT,13,40,0.74935947,5.39999998,band_20.pdf
20,DFT,13,41,0.75632171,5.94119999,band_20.pdf
20,DFT,13,42,0.76328395,6.52209994,band_20.pdf
20,DFT,13,43,0.77720842,7.78999996,band_20.pdf
20,DFT,13,44,0.78256963,8.28298041,band_20.pdf
20,DFT,14,0,0.78768929,8.28298041,band_20.pdf
20,DFT,14,1,0.80505737,7.55619994,band_20.pdf
20,DFT,14,2,0.81201961,7.29639996,band_20.pdf
20,DFT,14,3,0.81898184,7.06539994,band_20.pdf
20,DFT,14,4,0.82594408,6.86459999,band_20.pdf
20,DFT,14,5,0.83290632,6.69529993,band_20.pdf
20,DFT,14,6,0.83986855,6.55859996,band_20.pdf
20,DFT,14,7,0.84683079,6.45459996,band_20.pdf
20,DFT,14,8,0.85379303,6.38459994,band_20.pdf
20,DFT,14,9,0.86075526,6.34789996,band_20.pdf
20,DFT,14,10,0.86771750,6.34429994,band_20.pdf
20,DFT,14,11,0.87467974,6.37309997,band_20.pdf
20,DFT,14,12,0.88164197,6.43219995,band_20.pdf
20,DFT,14,13,0.88860421,6.52039994,band_20.pdf
20,DFT,14,14,0.89556645,6.63599999,band_20.pdf
20,DFT,14,15,0.90252868,6.77659996,band_20.pdf
20,DFT,14,16,0.90949092,6.94019994,band_20.pdf
20,DFT,14,17,0.91645316,7.12449998,band_20.pdf
20,DFT,14,18,0.92341540,7.32729997,band_20.pdf
20,DFT,14,19,0.93037763,7.54529997,band_20.pdf
20,DFT,14,20,0.94430211,8.01689995,band_20.pdf
20,DFT,14,21,0.95186079,8.28298041,band_20.pdf
20,DFT,15,0,0.28780938,8.28298041,band_20.pdf
20,DFT,15,1,0.29801159,7.96889996,band_20.pdf
20,DFT,15,2,0.30372062,7.81029998,band_20.pdf
20,DFT,15,3,0.30940180,7.66499998,band_20.pdf
20,DFT,15,4,0.31508299,7.53339996,band_20.pdf
20,DFT,15,5,0.32076417,7.41509998,band_20.pdf
20,DFT,15,6,0.32644536,7.31019994,band_20.pdf
20,DFT,15,7,0.33212655,7.21759996,band_20.pdf
20,DFT,15,8,0.33780773,7.13639994,band_20.pdf
20,DFT,15,9,0.34348892,7.06609996,band_20.pdf
20,DFT,15,10,0.34919795,7.00559994,band_20.pdf
20,DFT,15,11,0.35487914,6.95399998,band_20.pdf
20,DFT,15,12,0.36056032,6.91029997,band_20.pdf
20,DFT,15,13,0.37192269,6.84339993,band_20.pdf
20,DFT,15,14,0.38328506,6.79879994,band_20.pdf
20,DFT,15,15,0.39467528,6.77189994,band_20.pdf
20,DFT,15,16,0.40603765,6.75929996,band_20.pdf
20,DFT,15,17,0.41171884,6.75769997,band_20.pdf
20,DFT,15,18,0.41740002,6.82769999,band_20.pdf
20,DFT,15,19,0.42308121,7.03099997,band_20.pdf
20,DFT,15,20,0.42876239,7.35079998,band_20.pdf
20,DFT,15,21,0.43444358,7.76649996,band_20.pdf
20,DFT,15,22,0.44040564,8.28298041,band_20.pdf
20,model,0,0,0.00000000,-8.51019839,band_20.pdf
20,model,0,1,0.00804834,-8.48694385,band_20.pdf
20,model,0,2,0.01606884,-8.41946946,band_20.pdf
20,model,0,3,0.02411719,-8.31252483,band_20.pdf
20,model,0,4,0.03216554,-8.16884124,band_20.pdf
20,model,0,5,0.04018603,-7.98619480,band_20.pdf
20,model,0,6,0.04823438,-7.75902612,band_20.pdf
20,model,0,7,0.05628272,-7.48381733,band_20.pdf
20,model,0,8,0.06430322,-7.16467829,band_20.pdf
20,model,0,9,0.08039991,-6.45289427,band_20.pdf
20,model,0,10,0.09646875,-5.75223115,band_20.pdf
20,model,0,11,0.11253760,-5.11295000,band_20.pdf
20,model,0,12,0.12058594,-4.82496599,band_20.pdf
20,model,0,13,0.12863429,-4.57792334,band_20.pdf
20,model,0,14,0.13665478,-4.39200819,band_20.pdf
20,model,0,15,0.14470313,-4.27862515,band_20.pdf
20,model,0,16,0.15275148,-4.23500115,band_20.pdf
20,model,0,17,0.16079982,-4.24827584,band_20.pdf
20,model,0,18,0.16882032,-4.30233228,band_20.pdf
20,model,0,19,0.17686866,-4.38190789,band_20.pdf
20,model,0,20,0.20098585,-4.65119502,band_20.pdf
20,model,0,21,0.20903420,-4.72179220,band_20.pdf
20,model,0,22,0.21705470,-4.77540694,band_20.pdf
20,model,0,23,0.22510304,-4.81190880,band_20.pdf
20,model,0,24,0.23315139,-4.83275212,band_20.pdf
20,model,0,25,0.24117188,-4.83950894,band_20.pdf
20,model,0,26,0.24685307,-4.83608245,band_20.pdf
20,model,0,27,0.25256210,-4.82568342,band_20.pdf
20,model,0,28,0.25824329,-4.80799197,band_20.pdf
20,model,0,29,0.26392447,-4.78232130,band_20.pdf
20,model,0,30,0.26960566,-4.74795012,band_20.pdf
20,model,0,31,0.27528684,-4.70607460,band_20.pdf
20,model,0,32,0.28664922,-4.60239850,band_20.pdf
20,model,0,33,0.30372062,-4.42723663,band_20.pdf
20,model,0,34,0.30940180,-4.37590696,band_20.pdf
20,model,0,35,0.31508299,-4.33439741,band_20.pdf
20,model,0,36,0.32076417,-4.30642306,band_20.pdf
20,model,0,37,0.32644536,-4.29499104,band_20.pdf
20,model,0,38,0.33212655,-4.30180213,band_20.pdf
20,model,0,39,0.33780773,-4.32681722,band_20.pdf
20,model,0,40,0.34348892,-4.36821823,band_20.pdf
20,model,0,41,0.34919795,-4.42282799,band_20.pdf
20,model,0,42,0.36056032,-4.55640630,band_20.pdf
20,model,0,43,0.37760388,-4.76748353,band_20.pdf
20,model,0,44,0.38896625,-4.88592399,band_20.pdf
20,model,0,45,0.39467528,-4.93202431,band_20.pdf
20,model,0,46,0.40035647,-4.96669386,band_20.pdf
20,model,0,47,0.40603765,-4.98825456,band_20.pdf
20,model,0,48,0.41171884,-4.99557465,band_20.pdf
20,model,0,49,0.42876239,-4.99860655,band_20.pdf
20,model,0,50,0.44015261,-5.01317355,band_20.pdf
20,model,0,51,0.44583380,-5.03162616,band_20.pdf
20,model,0,52,0.45151498,-5.06383271,band_20.pdf
20,model,0,53,0.45719617,-5.11626173,band_20.pdf
20,model,0,54,0.46287735,-5.19597664,band_20.pdf
20,model,0,55,0.46855854,-5.30893956,band_20.pdf
20,model,0,56,0.47423972,-5.45782056,band_20.pdf
20,model,0,57,0.47992091,-5.64046261,band_20.pdf
20,model,0,58,0.48562994,-5.85031103,band_20.pdf
20,model,0,59,0.49699231,-6.31584746,band_20.pdf
20,model,0,60,0.51403587,-7.01832973,band_20.pdf
20,model,0,61,0.52539824,-7.44011697,band_20.pdf
20,model,0,62,0.53110727,-7.63053869,band_20.pdf
20,model,0,63,0.53678846,-7.80541581,band_20.pdf
20,model,0,64,0.54246965,-7.96352072,band_20.pdf
20,model,0,65,0.54815083,-8.10368735,band_20.pdf
20,model,0,66,0.55383202,-8.22481891,band_20.pdf
20,model,0,67,0.55951320,-8.32582482,band_20.pdf
20,model,0,68,0.56519439,-8.40568287,band_20.pdf
20,model,0,69,0.57087557,-8.46347560,band_20.pdf
20,model,0,70,0.57658460,-8.49847588,band_20.pdf
20,model,0,71,0.58226579,-8.51019839,band_20.pdf
20,model,0,72,0.58922803,-8.49259451,band_20.pdf
20,model,0,73,0.59619027,-8.43980544,band_20.pdf
20,model,0,74,0.60315250,-8.35199116,band_20.pdf
20,model,0,75,0.61011474,-8.22964904,band_20.pdf
20,model,0,76,0.61707697,-8.07394143,band_20.pdf
20,model,0,77,0.62403921,-7.88690454,band_20.pdf
20,model,0,78,0.63100145,-7.67150517,band_20.pdf
20,model,0,79,0.63796368,-7.43133173,band_20.pdf
20,model,0,80,0.64492592,-7.17017603,band_20.pdf
20,model,0,81,0.65885040,-6.59735496,band_20.pdf
20,model,0,82,0.67277487,-5.96931387,band_20.pdf
20,model,0,83,0.70758605,-4.31914863,band_20.pdf
20,model,0,84,0.71454829,-4.03681356,band_20.pdf
20,model,0,85,0.72151053,-3.79159960,band_20.pdf
20,model,0,86,0.72847276,-3.58905479,band_20.pdf
20,model,0,87,0.73543500,-3.54485852,band_20.pdf
20,model,0,88,0.74239724,-3.55397761,band_20.pdf
20,model,0,89,0.74935947,-3.55304137,band_20.pdf
20,model,0,90,0.75632171,-3.54361295,band_20.pdf
20,model,0,91,0.76328395,-3.52609071,band_20.pdf
20,model,0,92,0.77720842,-3.47063382,band_20.pdf
20,model,0,93,0.79113290,-3.39936039,band_20.pdf
20,model,0,94,0.79809513,-3.47596899,band_20.pdf
20,model,0,95,0.81201961,-3.64088090,band_20.pdf
20,model,0,96,0.81898184,-3.71115078,band_20.pdf
20,model,0,97,0.82594408,-3.76992378,band_20.pdf
20,model,0,98,0.83290632,-3.81540348,band_20.pdf
20,model,0,99,0.83986855,-3.84535571,band_20.pdf
20,model,0,100,0.84683079,-3.85668825,band_20.pdf
20,model,0,101,0.85379303,-3.84568761,band_20.pdf
20,model,0,102,0.86075526,-3.80881789,band_20.pdf
20,model,0,103,0.86771750,-3.74366436,band_20.pdf
20,model,0,104,0.87467974,-3.64956837,band_20.pdf
20,model,0,105,0.88164197,-3.52883952,band_20.pdf
20,model,0,106,0.88860421,-3.55912881,band_20.pdf
20,model,0,107,0.90252868,-3.76343032,band_20.pdf
20,model,0,108,0.91645316,-3.99134707,band_20.pdf
20,model,0,109,0.93733987,-4.34387092,band_20.pdf
20,model,0,110,0.94430211,-4.45109212,band_20.pdf
20,model,0,111,0.95126434,-4.54736465,band_20.pdf
20,model,0,112,0.95822658,-4.63023960,band_20.pdf
20,model,0,113,0.96518881,-4.69847569,band_20.pdf
20,model,0,114,0.97215105,-4.75200612,band_20.pdf
20,model,0,115,0.97911329,-4.79166820,band_20.pdf
20,model,0,116,0.98607553,-4.81872315,band_20.pdf
20,model,0,117,0.99303776,-4.83438843,band_20.pdf
20,model,0,118,1.00000000,-4.83950894,band_20.pdf
20,model,0,119,1.00000000,-4.83950894,band_20.pdf
20,model,1,0,0.00000000,-8.35245264,band_20.pdf
20,model,1,1,0.00804834,-8.33041813,band_20.pdf
20,model,1,2,0.01606884,-8.26465382,band_20.pdf
20,model,1,3,0.02411719,-8.15554403,band_20.pdf
20,model,1,4,0.03216554,-8.00247580,band_20.pdf
20,model,1,5,0.04018603,-7.80386482,band_20.pdf
20,model,1,6,0.04823438,-7.55901499,band_20.pdf
20,model,1,7,0.05628272,-7.27046557,band_20.pdf
20,model,1,8,0.06430322,-6.94494648,band_20.pdf
20,model,1,9,0.07235157,-6.59152845,band_20.pdf
20,model,1,10,0.08842041,-5.82934163,band_20.pdf
20,model,1,11,0.10451710,-5.00986272,band_20.pdf
20,model,1,12,0.12058594,-4.18063129,band_20.pdf
20,model,1,13,0.12863429,-3.80684244,band_20.pdf
20,model,1,14,0.13665478,-3.48839661,band_20.pdf
20,model,1,15,0.15275148,-3.83652918,band_20.pdf
20,model,1,16,0.16882032,-4.15564813,band_20.pdf
20,model,1,17,0.17686866,-4.29912910,band_20.pdf
20,model,1,18,0.18491701,-4.42929953,band_20.pdf
20,model,1,19,0.19293751,-4.54357438,band_20.pdf
20,model,1,20,0.20098585,-4.63957400,band_20.pdf
20,model,1,21,0.20903420,-4.71584548,band_20.pdf
20,model,1,22,0.21705470,-4.77236284,band_20.pdf
20,model,1,23,0.22510304,-4.81042647,band_20.pdf
20,model,1,24,0.23315139,-4.83203018,band_20.pdf
20,model,1,25,0.24117188,-4.83896563,band_20.pdf
20,model,1,26,0.24685307,-4.83557659,band_20.pdf
20,model,1,27,0.25256210,-4.82522940,band_20.pdf
20,model,1,28,0.25824329,-4.80741727,band_20.pdf
20,model,1,29,0.26392447,-4.78165737,band_20.pdf
20,model,1,30,0.26960566,-4.74744089,band_20.pdf
20,model,1,31,0.27528684,-4.70258519,band_20.pdf
20,model,1,32,0.28096803,-4.64627288,band_20.pdf
20,model,1,33,0.28664922,-4.57767882,band_20.pdf
20,model,1,34,0.29233040,-4.49638353,band_20.pdf
20,model,1,35,0.29801159,-4.40253514,band_20.pdf
20,model,1,36,0.30372062,-4.29684337,band_20.pdf
20,model,1,37,0.31508299,-4.05434705,band_20.pdf
20,model,1,38,0.32644536,-3.77740733,band_20.pdf
20,model,1,39,0.33780773,-3.46988606,band_20.pdf
20,model,1,40,0.35487914,-2.96225820,band_20.pdf
20,model,1,41,0.36056032,-3.04947521,band_20.pdf
20,model,1,42,0.37192269,-3.25325628,band_20.pdf
20,model,1,43,0.37760388,-3.34531106,band_20.pdf
20,model,1,44,0.38328506,-3.42808548,band_20.pdf
20,model,1,45,0.38896625,-3.49972328,band_20.pdf
20,model,1,46,0.39467528,-3.55830271,band_20.pdf
20,model,1,47,0.40035647,-3.60190698,band_20.pdf
20,model,1,48,0.40603765,-3.62885107,band_20.pdf
20,model,1,49,0.41740002,-3.64557417,band_20.pdf
20,model,1,50,0.42308121,-3.66894412,band_20.pdf
20,model,1,51,0.42876239,-3.70973251,band_20.pdf
20,model,1,52,0.43444358,-3.77057444,band_20.pdf
20,model,1,53,0.44015261,-3.85483266,band_20.pdf
20,model,1,54,0.44583380,-3.96601743,band_20.pdf
20,model,1,55,0.45151498,-4.10693900,band_20.pdf
20,model,1,56,0.45719617,-4.27870537,band_20.pdf
20,model,1,57,0.46287735,-4.48006391,band_20.pdf
20,model,1,58,0.46855854,-4.70728319,band_20.pdf
20,model,1,59,0.47992091,-5.21657680,band_20.pdf
20,model,1,60,0.50835468,-6.55791020,band_20.pdf
20,model,1,61,0.51971705,-7.04413596,band_20.pdf
20,model,1,62,0.52539824,-7.26545242,band_20.pdf
20,model,1,63,0.53110727,-7.46910795,band_20.pdf
20,model,1,64,0.53678846,-7.65323304,band_20.pdf
20,model,1,65,0.54246965,-7.81655579,band_20.pdf
20,model,1,66,0.54815083,-7.95837711,band_20.pdf
20,model,1,67,0.55383202,-8.07847455,band_20.pdf
20,model,1,68,0.55951320,-8.17683272,band_20.pdf
20,model,1,69,0.56519439,-8.25348540,band_20.pdf
20,model,1,70,0.57087557,-8.30838725,band_20.pdf
20,model,1,71,0.57658460,-8.34142214,band_20.pdf
20,model,1,72,0.58226579,-8.35245264,band_20.pdf
20,model,1,73,0.58922803,-8.33590752,band_20.pdf
20,model,1,74,0.59619027,-8.28636121,band_20.pdf
20,model,1,75,0.60315250,-8.20402139,band_20.pdf
20,model,1,76,0.61011474,-8.08906317,band_20.pdf
20,model,1,77,0.61707697,-7.94163647,band_20.pdf
20,model,1,78,0.62403921,-7.76201862,band_20.pdf
20,model,1,79,0.63100145,-7.55095673,band_20.pdf
20,model,1,80,0.63796368,-7.30988438,band_20.pdf
20,model,1,81,0.64492592,-7.04104209,band_20.pdf
20,model,1,82,0.65188816,-6.74715241,band_20.pdf
20,model,1,83,0.65885040,-6.43104000,band_20.pdf
20,model,1,84,0.67277487,-5.74237424,band_20.pdf
20,model,1,85,0.68669934,-4.99818855,band_20.pdf
20,model,1,86,0.70758605,-3.86758727,band_20.pdf
20,model,1,87,0.71454829,-3.51512337,band_20.pdf
20,model,1,88,0.72151053,-3.49307033,band_20.pdf
20,model,1,89,0.72847276,-3.52357018,band_20.pdf
20,model,1,90,0.73543500,-3.54283763,band_20.pdf
20,model,1,91,0.74239724,-3.55281908,band_20.pdf
20,model,1,92,0.74935947,-3.55280592,band_20.pdf
20,model,1,93,0.75632171,-3.54249168,band_20.pdf
20,model,1,94,0.76328395,-3.52343681,band_20.pdf
20,model,1,95,0.77720842,-3.46387553,band_20.pdf
20,model,1,96,0.82594408,-3.20256845,band_20.pdf
20,model,1,97,0.83290632,-3.18247283,band_20.pdf
20,model,1,98,0.83986855,-3.17554692,band_20.pdf
20,model,1,99,0.84683079,-3.18430964,band_20.pdf
20,model,1,100,0.85379303,-3.21019040,band_20.pdf
20,model,1,101,0.86075526,-3.25317689,band_20.pdf
20,model,1,102,0.86771750,-3.31184200,band_20.pdf
20,model,1,103,0.87467974,-3.38376964,band_20.pdf
20,model,1,104,0.88164197,-3.46552961,band_20.pdf
20,model,1,105,0.88860421,-3.53696817,band_20.pdf
20,model,1,106,0.90252868,-3.74788999,band_20.pdf
20,model,1,107,0.91645316,-3.98135259,band_20.pdf
20,model,1,108,0.93733987,-4.33906129,band_20.pdf
20,model,1,109,0.94430211,-4.44737573,band_20.pdf
20,model,1,110,0.95126434,-4.54455688,band_20.pdf
20,model,1,111,0.95822658,-4.62819626,band_20.pdf
20,model,1,112,0.96518881,-4.69705705,band_20.pdf
20,model,1,113,0.97215105,-4.75105466,band_20.pdf
20,model,1,114,0.97911329,-4.79100291,band_20.pdf
20,model,1,115,0.98607553,-4.81817030,band_20.pdf
20,model,1,116,0.99303776,-4.83384951,band_20.pdf
20,model,1,117,1.00000000,-4.83896563,band_20.pdf
20,model,1,118,1.00000000,-4.83896563,band_20.pdf
20,model,2,0,0.00000000,-2.53178047,band_20.pdf
20,model,2,1,0.01606884,-2.52253494,band_20.pdf
20,model,2,2,0.05628272,-2.48641678,band_20.pdf
20,model,2,3,0.06430322,-2.46889466,band_20.pdf
20,model,2,4,0.07235157,-2.44410637,band_20.pdf
20,model,2,5,0.08039991,-2.41188394,band_20.pdf
20,model,2,6,0.08842041,-2.39538308,band_20.pdf
20,model,2,7,0.09646875,-2.54737626,band_20.pdf
20,model,2,8,0.11253760,-2.91526424,band_20.pdf
20,model,2,9,0.13665478,-3.48245795,band_20.pdf
20,model,2,10,0.14470313,-3.23604794,band_20.pdf
20,model,2,11,0.15275148,-3.04843298,band_20.pdf
20,model,2,12,0.16079982,-2.91657783,band_20.pdf
20,model,2,13,0.16882032,-2.83058317,band_20.pdf
20,model,2,14,0.17686866,-2.78361860,band_20.pdf
20,model,2,15,0.18491701,-2.77122564,band_20.pdf
20,model,2,16,0.19293751,-2.78802623,band_20.pdf
20,model,2,17,0.20098585,-2.82542836,band_20.pdf
20,model,2,18,0.21705470,-2.91790220,band_20.pdf
20,model,2,19,0.22510304,-2.95416860,band_20.pdf
20,model,2,20,0.23315139,-2.97688203,band_20.pdf
20,model,2,21,0.24117188,-2.98497761,band_20.pdf
20,model,2,22,0.24685307,-2.98060541,band_20.pdf
20,model,2,23,0.25256210,-2.96774611,band_20.pdf
20,model,2,24,0.25824329,-2.94637394,band_20.pdf
20,model,2,25,0.26392447,-2.91644594,band_20.pdf
20,model,2,26,0.26960566,-2.87789837,band_20.pdf
20,model,2,27,0.27528684,-2.83061493,band_20.pdf
20,model,2,28,0.28096803,-2.77445151,band_20.pdf
20,model,2,29,0.29233040,-2.64669324,band_20.pdf
20,model,2,30,0.29801159,-2.59315149,band_20.pdf
20,model,2,31,0.30372062,-2.54687455,band_20.pdf
20,model,2,32,0.30940180,-2.51245176,band_20.pdf
20,model,2,33,0.31508299,-2.49465011,band_20.pdf
20,model,2,34,0.32076417,-2.49765985,band_20.pdf
20,model,2,35,0.32644536,-2.52412563,band_20.pdf
20,model,2,36,0.33212655,-2.57431365,band_20.pdf
20,model,2,37,0.33780773,-2.64586152,band_20.pdf
20,model,2,38,0.34348892,-2.73430128,band_20.pdf
20,model,2,39,0.35487914,-2.92729129,band_20.pdf
20,model,2,40,0.36056032,-2.98846904,band_20.pdf
20,model,2,41,0.36624151,-3.09927883,band_20.pdf
20,model,2,42,0.37192269,-3.19904390,band_20.pdf
20,model,2,43,0.37760388,-3.28660763,band_20.pdf
20,model,2,44,0.38328506,-3.36124172,band_20.pdf
20,model,2,45,0.38896625,-3.42247197,band_20.pdf
20,model,2,46,0.39467528,-3.47006362,band_20.pdf
20,model,2,47,0.40035647,-3.50397024,band_20.pdf
20,model,2,48,0.40603765,-3.52425444,band_20.pdf
20,model,2,49,0.41171884,-3.53100290,band_20.pdf
20,model,2,50,0.42308121,-3.52011543,band_20.pdf
20,model,2,51,0.43444358,-3.48801653,band_20.pdf
20,model,2,52,0.44583380,-3.43626673,band_20.pdf
20,model,2,53,0.45719617,-3.36709299,band_20.pdf
20,model,2,54,0.46855854,-3.28315560,band_20.pdf
20,model,2,55,0.48562994,-3.13668540,band_20.pdf
20,model,2,56,0.52539824,-2.77392083,band_20.pdf
20,model,2,57,0.53678846,-2.68565276,band_20.pdf
20,model,2,58,0.54815083,-2.61233362,band_20.pdf
20,model,2,59,0.55951320,-2.55929352,band_20.pdf
20,model,2,60,0.56519439,-2.54266261,band_20.pdf
20,model,2,61,0.57087557,-2.53369797,band_20.pdf
20,model,2,62,0.58922803,-2.53133327,band_20.pdf
20,model,2,63,0.59619027,-2.53623829,band_20.pdf
20,model,2,64,0.60315250,-2.54983932,band_20.pdf
20,model,2,65,0.61011474,-2.57123394,band_20.pdf
20,model,2,66,0.61707697,-2.60033353,band_20.pdf
20,model,2,67,0.62403921,-2.63747455,band_20.pdf
20,model,2,68,0.63100145,-2.68286917,band_20.pdf
20,model,2,69,0.64492592,-2.79673260,band_20.pdf
20,model,2,70,0.65885040,-2.93247252,band_20.pdf
20,model,2,71,0.69366158,-3.28316597,band_20.pdf
20,model,2,72,0.70758605,-3.40253532,band_20.pdf
20,model,2,73,0.71454829,-3.45181815,band_20.pdf
20,model,2,74,0.72151053,-3.49005146,band_20.pdf
20,model,2,75,0.72847276,-3.52016704,band_20.pdf
20,model,2,76,0.73543500,-3.42455631,band_20.pdf
20,model,2,77,0.74239724,-3.30497835,band_20.pdf
20,model,2,78,0.74935947,-3.22424835,band_20.pdf
20,model,2,79,0.75632171,-3.18035211,band_20.pdf
20,model,2,80,0.76328395,-3.17072882,band_20.pdf
20,model,2,81,0.77024618,-3.19204606,band_20.pdf
20,model,2,82,0.77720842,-3.23965058,band_20.pdf
20,model,2,83,0.79113290,-3.37793774,band_20.pdf
20,model,2,84,0.80505737,-3.29180575,band_20.pdf
20,model,2,85,0.81898184,-3.20705779,band_20.pdf
20,model,2,86,0.82594408,-3.17387726,band_20.pdf
20,model,2,87,0.83290632,-3.15125229,band_20.pdf
20,model,2,88,0.83986855,-3.14248530,band_20.pdf
20,model,2,89,0.84683079,-3.15027766,band_20.pdf
20,model,2,90,0.85379303,-3.17616992,band_20.pdf
20,model,2,91,0.86075526,-3.22015449,band_20.pdf
20,model,2,92,0.86771750,-3.28070161,band_20.pdf
20,model,2,93,0.87467974,-3.35522373,band_20.pdf
20,model,2,94,0.88164197,-3.44035751,band_20.pdf
20,model,2,95,0.88860421,-3.37606101,band_20.pdf
20,model,2,96,0.89556645,-3.20323594,band_20.pdf
20,model,2,97,0.90252868,-3.00740138,band_20.pdf
20,model,2,98,0.90949092,-2.79060850,band_20.pdf
20,model,2,99,0.92341540,-2.31060964,band_20.pdf
20,model,2,100,0.93037763,-2.36100686,band_20.pdf
20,model,2,101,0.94430211,-2.56821395,band_20.pdf
20,model,2,102,0.95126434,-2.66116889,band_20.pdf
20,model,2,103,0.95822658,-2.74395136,band_20.pdf
20,model,2,104,0.96518881,-2.81546990,band_20.pdf
20,model,2,105,0.97215105,-2.87512278,band_20.pdf
20,model,2,106,0.97911329,-2.92244818,band_20.pdf
20,model,2,107,0.98607553,-2.95690817,band_20.pdf
20,model,2,108,0.99303776,-2.97791336,band_20.pdf
20,model,2,109,1.00000000,-2.98497761,band_20.pdf
20,model,2,110,1.00000000,-2.98497761,band_20.pdf
20,model,3,0,0.00000000,-2.50534728,band_20.pdf
20,model,3,1,0.04018603,-2.50353068,band_20.pdf
20,model,3,2,0.05628272,-2.48632115,band_20.pdf
20,model,3,3,0.06430322,-2.46814363,band_20.pdf
20,model,3,4,0.07235157,-2.44237840,band_20.pdf
20,model,3,5,0.08039991,-2.40804147,band_20.pdf
20,model,3,6,0.08842041,-2.36418498,band_20.pdf
20,model,3,7,0.09646875,-2.30985968,band_20.pdf
20,model,3,8,0.10451710,-2.24403333,band_20.pdf
20,model,3,9,0.11253760,-2.16567366,band_20.pdf
20,model,3,10,0.12058594,-2.07393260,band_20.pdf
20,model,3,11,0.12863429,-1.96844198,band_20.pdf
20,model,3,12,0.13665478,-1.84957967,band_20.pdf
20,model,3,13,0.14470313,-1.71953343,band_20.pdf
20,model,3,14,0.15275148,-1.71751751,band_20.pdf
20,model,3,15,0.16882032,-2.11240143,band_20.pdf
20,model,3,16,0.17686866,-2.28905569,band_20.pdf
20,model,3,17,0.18491701,-2.44807948,band_20.pdf
20,model,3,18,0.19293751,-2.58800183,band_20.pdf
20,model,3,19,0.20098585,-2.70780161,band_20.pdf
20,model,3,20,0.20903420,-2.80674107,band_20.pdf
20,model,3,21,0.21705470,-2.88428756,band_20.pdf
20,model,3,22,0.22510304,-2.94001224,band_20.pdf
20,model,3,23,0.23315139,-2.97357842,band_20.pdf
20,model,3,24,0.24117188,-2.98435053,band_20.pdf
20,model,3,25,0.24685307,-2.97929164,band_20.pdf
20,model,3,26,0.25256210,-2.96400205,band_20.pdf
20,model,3,27,0.25824329,-2.93893790,band_20.pdf
20,model,3,28,0.26392447,-2.90483233,band_20.pdf
20,model,3,29,0.27528684,-2.81387790,band_20.pdf
20,model,3,30,0.28664922,-2.70342271,band_20.pdf
20,model,3,31,0.29233040,-2.63493690,band_20.pdf
20,model,3,32,0.29801159,-2.55154548,band_20.pdf
20,model,3,33,0.30372062,-2.45921378,band_20.pdf
20,model,3,34,0.31508299,-2.24895512,band_20.pdf
20,model,3,35,0.32076417,-2.13213646,band_20.pdf
20,model,3,36,0.32644536,-2.12722101,band_20.pdf
20,model,3,37,0.33780773,-2.44440314,band_20.pdf
20,model,3,38,0.34919795,-2.73317225,band_20.pdf
20,model,3,39,0.35487914,-2.86232042,band_20.pdf
20,model,3,40,0.36056032,-2.75080659,band_20.pdf
20,model,3,41,0.37192269,-2.34340446,band_20.pdf
20,model,3,42,0.38896625,-1.70126159,band_20.pdf
20,model,3,43,0.39467528,-1.55710851,band_20.pdf
20,model,3,44,0.40035647,-1.59008233,band_20.pdf
20,model,3,45,0.40603765,-1.61203406,band_20.pdf
20,model,3,46,0.41171884,-1.61945878,band_20.pdf
20,model,3,47,0.42308121,-1.60737592,band_20.pdf
20,model,3,48,0.43444358,-1.57160264,band_20.pdf
20,model,3,49,0.44583380,-1.51623386,band_20.pdf
20,model,3,50,0.45151498,-1.51995351,band_20.pdf
20,model,3,51,0.45719617,-1.70021503,band_20.pdf
20,model,3,52,0.46287735,-1.92889406,band_20.pdf
20,model,3,53,0.46855854,-2.14197458,band_20.pdf
20,model,3,54,0.47423972,-2.31767152,band_20.pdf
20,model,3,55,0.47992091,-2.44960541,band_20.pdf
20,model,3,56,0.48562994,-2.53976988,band_20.pdf
20,model,3,57,0.49131113,-2.59455857,band_20.pdf
20,model,3,58,0.49699231,-2.62179872,band_20.pdf
20,model,3,59,0.50267350,-2.62893911,band_20.pdf
20,model,3,60,0.50835468,-2.62237159,band_20.pdf
20,model,3,61,0.51971705,-2.58825304,band_20.pdf
20,model,3,62,0.53678846,-2.53476153,band_20.pdf
20,model,3,63,0.54815083,-2.51428063,band_20.pdf
20,model,3,64,0.56519439,-2.50104143,band_20.pdf
20,model,3,65,0.59619027,-2.50626930,band_20.pdf
20,model,3,66,0.60315250,-2.51996939,band_20.pdf
20,model,3,67,0.61011474,-2.54321865,band_20.pdf
20,model,3,68,0.61707697,-2.57503233,band_20.pdf
20,model,3,69,0.62403921,-2.61541191,band_20.pdf
20,model,3,70,0.63100145,-2.66432242,band_20.pdf
20,model,3,71,0.64492592,-2.78512118,band_20.pdf
20,model,3,72,0.65885040,-2.92653783,band_20.pdf
20,model,3,73,0.68669934,-3.21529006,band_20.pdf
20,model,3,74,0.70062382,-3.34321214,band_20.pdf
20,model,3,75,0.71454829,-3.44917308,band_20.pdf
20,model,3,76,0.72151053,-3.18431320,band_20.pdf
20,model,3,77,0.72847276,-2.88067053,band_20.pdf
20,model,3,78,0.73543500,-2.60673433,band_20.pdf
20,model,3,79,0.74239724,-2.36539655,band_20.pdf
20,model,3,80,0.74935947,-2.16012503,band_20.pdf
20,model,3,81,0.75632171,-1.99518361,band_20.pdf
20,model,3,82,0.76328395,-1.88484022,band_20.pdf
20,model,3,83,0.77024618,-1.87710190,band_20.pdf
20,model,3,84,0.78417066,-1.84159133,band_20.pdf
20,model,3,85,0.79113290,-1.81962407,band_20.pdf
20,model,3,86,0.79809513,-1.87607087,band_20.pdf
20,model,3,87,0.81898184,-2.09646283,band_20.pdf
20,model,3,88,0.82594408,-2.15537660,band_20.pdf
20,model,3,89,0.83290632,-2.19700405,band_20.pdf
20,model,3,90,0.83986855,-2.21738222,band_20.pdf
20,model,3,91,0.84683079,-2.21354532,band_20.pdf
20,model,3,92,0.85379303,-2.18332209,band_20.pdf
20,model,3,93,0.86075526,-2.12529012,band_20.pdf
20,model,3,94,0.86771750,-2.03878344,band_20.pdf
20,model,3,95,0.87467974,-1.92385976,band_20.pdf
20,model,3,96,0.88164197,-1.78229085,band_20.pdf
20,model,3,97,0.88860421,-1.81148932,band_20.pdf
20,model,3,98,0.89556645,-1.88076485,band_20.pdf
20,model,3,99,0.90252868,-1.96020846,band_20.pdf
20,model,3,100,0.90949092,-2.04963909,band_20.pdf
20,model,3,101,0.92341540,-2.25246556,band_20.pdf
20,model,3,102,0.94430211,-2.56679331,band_20.pdf
20,model,3,103,0.95126434,-2.66009674,band_20.pdf
20,model,3,104,0.95822658,-2.74310536,band_20.pdf
20,model,3,105,0.96518881,-2.81474210,band_20.pdf
20,model,3,106,0.97215105,-2.87444611,band_20.pdf
20,model,3,107,0.97911329,-2.92179461,band_20.pdf
20,model,3,108,0.98607553,-2.95626888,band_20.pdf
20,model,3,109,0.99303776,-2.97728314,band_20.pdf
20,model,3,110,1.00000000,-2.98435053,band_20.pdf
20,model,3,111,1.00000000,-2.98435053,band_20.pdf
20,model,4,0,0.00000000,-2.47282126,band_20.pdf
20,model,4,1,0.00804834,-2.46971252,band_20.pdf
20,model,4,2,0.01606884,-2.45842495,band_20.pdf
20,model,4,3,0.02411719,-2.43491896,band_20.pdf
20,model,4,4,0.03216554,-2.39752009,band_20.pdf
20,model,4,5,0.04018603,-2.34726234,band_20.pdf
20,model,4,6,0.04823438,-2.28555769,band_20.pdf
20,model,4,7,0.05628272,-2.21351416,band_20.pdf
20,model,4,8,0.06430322,-2.13205309,band_20.pdf
20,model,4,9,0.07235157,-2.04201974,band_20.pdf
20,model,4,10,0.08039991,-2.19696945,band_20.pdf
20,model,4,11,0.08842041,-2.33709769,band_20.pdf
20,model,4,12,0.09646875,-2.30627346,band_20.pdf
20,model,4,13,0.10451710,-2.24218746,band_20.pdf
20,model,4,14,0.11253760,-2.16427085,band_20.pdf
20,model,4,15,0.12058594,-2.07254122,band_20.pdf
20,model,4,16,0.12863429,-1.96678647,band_20.pdf
20,model,4,17,0.13665478,-1.84731978,band_20.pdf
20,model,4,18,0.14470313,-1.71513219,band_20.pdf
20,model,4,19,0.15275148,-1.57176332,band_20.pdf
20,model,4,20,0.16882032,-1.26024867,band_20.pdf
20,model,4,21,0.19293751,-0.77282983,band_20.pdf
20,model,4,22,0.20098585,-0.62152085,band_20.pdf
20,model,4,23,0.20903420,-0.48568323,band_20.pdf
20,model,4,24,0.21705470,-0.37285498,band_20.pdf
20,model,4,25,0.22510304,-0.29142958,band_20.pdf
20,model,4,26,0.23315139,-0.24656008,band_20.pdf
20,model,4,27,0.24117188,-0.23322187,band_20.pdf
20,model,4,28,0.24685307,-0.24196380,band_20.pdf
20,model,4,29,0.25256210,-0.27352769,band_20.pdf
20,model,4,30,0.25824329,-0.33216548,band_20.pdf
20,model,4,31,0.26392447,-0.41621194,band_20.pdf
20,model,4,32,0.26960566,-0.52226844,band_20.pdf
20,model,4,33,0.27528684,-0.64676665,band_20.pdf
20,model,4,34,0.28096803,-0.78637754,band_20.pdf
20,model,4,35,0.29233040,-1.09909024,band_20.pdf
20,model,4,36,0.30940180,-1.61265658,band_20.pdf
20,model,4,37,0.32076417,-1.95717508,band_20.pdf
20,model,4,38,0.32644536,-2.00461856,band_20.pdf
20,model,4,39,0.33780773,-1.73743461,band_20.pdf
20,model,4,40,0.34348892,-1.66457067,band_20.pdf
20,model,4,41,0.34919795,-1.65005545,band_20.pdf
20,model,4,42,0.35487914,-1.62373542,band_20.pdf
20,model,4,43,0.36056032,-1.58598225,band_20.pdf
20,model,4,44,0.37760388,-1.45080133,band_20.pdf
20,model,4,45,0.38328506,-1.45143114,band_20.pdf
20,model,4,46,0.38896625,-1.50228908,band_20.pdf
20,model,4,47,0.39467528,-1.48978082,band_20.pdf
20,model,4,48,0.40035647,-1.30988053,band_20.pdf
20,model,4,49,0.40603765,-1.25813577,band_20.pdf
20,model,4,50,0.41171884,-1.25252445,band_20.pdf
20,model,4,51,0.42308121,-1.26251106,band_20.pdf
20,model,4,52,0.42876239,-1.27564331,band_20.pdf
20,model,4,53,0.43444358,-1.29576286,band_20.pdf
20,model,4,54,0.44015261,-1.32655280,band_20.pdf
20,model,4,55,0.44583380,-1.37858746,band_20.pdf
20,model,4,56,0.45151498,-1.45059977,band_20.pdf
20,model,4,57,0.45719617,-1.42724374,band_20.pdf
20,model,4,58,0.46287735,-1.38897541,band_20.pdf
20,model,4,59,0.46855854,-1.36721972,band_20.pdf
20,model,4,60,0.47423972,-1.38053737,band_20.pdf
20,model,4,61,0.50267350,-1.50092258,band_20.pdf
20,model,4,62,0.50835468,-1.60000299,band_20.pdf
20,model,4,63,0.51971705,-1.83152160,band_20.pdf
20,model,4,64,0.53110727,-2.04016184,band_20.pdf
20,model,4,65,0.53678846,-2.13255386,band_20.pdf
20,model,4,66,0.54246965,-2.21582815,band_20.pdf
20,model,4,67,0.54815083,-2.28920909,band_20.pdf
20,model,4,68,0.55383202,-2.35194465,band_20.pdf
20,model,4,69,0.55951320,-2.40313793,band_20.pdf
20,model,4,70,0.56519439,-2.44138108,band_20.pdf
20,model,4,71,0.57087557,-2.46415210,band_20.pdf
20,model,4,72,0.58226579,-2.47282126,band_20.pdf
20,model,4,73,0.58922803,-2.47031252,band_20.pdf
20,model,4,74,0.59619027,-2.45085874,band_20.pdf
20,model,4,75,0.60315250,-2.40360119,band_20.pdf
20,model,4,76,0.61011474,-2.33251854,band_20.pdf
20,model,4,77,0.61707697,-2.24016076,band_20.pdf
20,model,4,78,0.62403921,-2.12773765,band_20.pdf
20,model,4,79,0.63100145,-1.99615830,band_20.pdf
20,model,4,80,0.63796368,-1.84622014,band_20.pdf
20,model,4,81,0.64492592,-1.67882378,band_20.pdf
20,model,4,82,0.65188816,-1.49684371,band_20.pdf
20,model,4,83,0.65885040,-1.38391705,band_20.pdf
20,model,4,84,0.67973711,-1.35140709,band_20.pdf
20,model,4,85,0.68669934,-1.36098897,band_20.pdf
20,model,4,86,0.69366158,-1.41426097,band_20.pdf
20,model,4,87,0.71454829,-1.63000818,band_20.pdf
20,model,4,88,0.72847276,-1.75004401,band_20.pdf
20,model,4,89,0.73543500,-1.79840754,band_20.pdf
20,model,4,90,0.74239724,-1.83697863,band_20.pdf
20,model,4,91,0.74935947,-1.86435902,band_20.pdf
20,model,4,92,0.75632171,-1.87974359,band_20.pdf
20,model,4,93,0.76328395,-1.88142167,band_20.pdf
20,model,4,94,0.77024618,-1.87457480,band_20.pdf
20,model,4,95,0.78417066,-1.83778304,band_20.pdf
20,model,4,96,0.83986855,-1.63973469,band_20.pdf
20,model,4,97,0.84683079,-1.62878483,band_20.pdf
20,model,4,98,0.85379303,-1.62846033,band_20.pdf
20,model,4,99,0.86075526,-1.64052973,band_20.pdf
20,model,4,100,0.86771750,-1.66556278,band_20.pdf
20,model,4,101,0.87467974,-1.70301260,band_20.pdf
20,model,4,102,0.88860421,-1.79935948,band_20.pdf
20,model,4,103,0.89556645,-1.87011716,band_20.pdf
20,model,4,104,0.90252868,-1.95113416,band_20.pdf
20,model,4,105,0.90949092,-2.04202323,band_20.pdf
20,model,4,106,0.92341540,-2.23946075,band_20.pdf
20,model,4,107,0.93037763,-2.03446823,band_20.pdf
20,model,4,108,0.95126434,-1.23644419,band_20.pdf
20,model,4,109,0.95822658,-0.99310430,band_20.pdf
20,model,4,110,0.96518881,-0.77248122,band_20.pdf
20,model,4,111,0.97215105,-0.58044167,band_20.pdf
20,model,4,112,0.97911329,-0.42307393,band_20.pdf
20,model,4,113,0.98607553,-0.30806292,band_20.pdf
20,model,4,114,0.99303776,-0.24687362,band_20.pdf
20,model,4,115,1.00000000,-0.23322187,band_20.pdf
20,model,4,116,1.00000000,-0.23322187,band_20.pdf
20,model,5,0,0.00000000,-1.32436264,band_20.pdf
20,model,5,1,0.00804834,-1.33091161,band_20.pdf
20,model,5,2,0.01606884,-1.35448982,band_20.pdf
20,model,5,3,0.02411719,-1.39606336,band_20.pdf
20,model,5,4,0.03216554,-1.45706580,band_20.pdf
20,model,5,5,0.04018603,-1.53838277,band_20.pdf
20,model,5,6,0.04823438,-1.63957904,band_20.pdf
20,model,5,7,0.05628272,-1.75885750,band_20.pdf
20,model,5,8,0.06430322,-1.89350560,band_20.pdf
20,model,5,9,0.07235157,-2.04059749,band_20.pdf
20,model,5,10,0.08039991,-1.94428989,band_20.pdf
20,model,5,11,0.09646875,-1.72961109,band_20.pdf
20,model,5,12,0.12863429,-1.26407556,band_20.pdf
20,model,5,13,0.13665478,-1.28001860,band_20.pdf
20,model,5,14,0.14470313,-1.49266027,band_20.pdf
20,model,5,15,0.15275148,-1.56786972,band_20.pdf
20,model,5,16,0.16079982,-1.41900110,band_20.pdf
20,model,5,17,0.18491701,-0.93169241,band_20.pdf
20,model,5,18,0.20098585,-0.61831055,band_20.pdf
20,model,5,19,0.20903420,-0.48051088,band_20.pdf
20,model,5,20,0.21705470,-0.36382967,band_20.pdf
20,model,5,21,0.22510304,-0.27470737,band_20.pdf
20,model,5,22,0.23315139,-0.21868271,band_20.pdf
20,model,5,23,0.24117188,-0.19955681,band_20.pdf
20,model,5,24,0.24685307,-0.20603108,band_20.pdf
20,model,5,25,0.25256210,-0.22914407,band_20.pdf
20,model,5,26,0.25824329,-0.27550752,band_20.pdf
20,model,5,27,0.26392447,-0.34079412,band_20.pdf
20,model,5,28,0.26960566,-0.42157300,band_20.pdf
20,model,5,29,0.27528684,-0.51604966,band_20.pdf
20,model,5,30,0.28096803,-0.62249607,band_20.pdf
20,model,5,31,0.29233040,-0.86274754,band_20.pdf
20,model,5,32,0.30940180,-1.24465668,band_20.pdf
20,model,5,33,0.31508299,-1.36042641,band_20.pdf
20,model,5,34,0.32076417,-1.46178069,band_20.pdf
20,model,5,35,0.32644536,-1.54377991,band_20.pdf
20,model,5,36,0.33212655,-1.60242321,band_20.pdf
20,model,5,37,0.33780773,-1.63239759,band_20.pdf
20,model,5,38,0.34348892,-1.56747087,band_20.pdf
20,model,5,39,0.34919795,-1.41478845,band_20.pdf
20,model,5,40,0.36056032,-1.07416775,band_20.pdf
20,model,5,41,0.36624151,-1.14408648,band_20.pdf
20,model,5,42,0.37192269,-1.24754584,band_20.pdf
20,model,5,43,0.37760388,-1.33190787,band_20.pdf
20,model,5,44,0.38328506,-1.36236186,band_20.pdf
20,model,5,45,0.40035647,-1.27432469,band_20.pdf
20,model,5,46,0.40603765,-1.17354855,band_20.pdf
20,model,5,47,0.41171884,-1.12102118,band_20.pdf
20,model,5,48,0.42876239,-1.12947687,band_20.pdf
20,model,5,49,0.44583380,-1.15203075,band_20.pdf
20,model,5,50,0.45151498,-1.16172004,band_20.pdf
20,model,5,51,0.46287735,-1.27468113,band_20.pdf
20,model,5,52,0.46855854,-1.28753047,band_20.pdf
20,model,5,53,0.47992091,-1.22829641,band_20.pdf
20,model,5,54,0.48562994,-1.23243879,band_20.pdf
20,model,5,55,0.49131113,-1.24892336,band_20.pdf
20,model,5,56,0.49699231,-1.33900945,band_20.pdf
20,model,5,57,0.50267350,-1.44857183,band_20.pdf
20,model,5,58,0.50835468,-1.48280786,band_20.pdf
20,model,5,59,0.51403587,-1.48869077,band_20.pdf
20,model,5,60,0.51971705,-1.48615075,band_20.pdf
20,model,5,61,0.53110727,-1.46119681,band_20.pdf
20,model,5,62,0.54815083,-1.39531210,band_20.pdf
20,model,5,63,0.55951320,-1.35443431,band_20.pdf
20,model,5,64,0.57087557,-1.32877264,band_20.pdf
20,model,5,65,0.58226579,-1.32436264,band_20.pdf
20,model,5,66,0.60315250,-1.33267234,band_20.pdf
20,model,5,67,0.62403921,-1.35952146,band_20.pdf
20,model,5,68,0.63796368,-1.37748870,band_20.pdf
20,model,5,69,0.65188816,-1.38061558,band_20.pdf
20,model,5,70,0.65885040,-1.35240174,band_20.pdf
20,model,5,71,0.67973711,-1.30483195,band_20.pdf
20,model,5,72,0.68669934,-1.31789199,band_20.pdf
20,model,5,73,0.71454829,-1.62494360,band_20.pdf
20,model,5,74,0.72847276,-1.74684349,band_20.pdf
20,model,5,75,0.73543500,-1.79565613,band_20.pdf
20,model,5,76,0.74239724,-1.83452227,band_20.pdf
20,model,5,77,0.74935947,-1.86210387,band_20.pdf
20,model,5,78,0.75632171,-1.87765801,band_20.pdf
20,model,5,79,0.76328395,-1.87288647,band_20.pdf
20,model,5,80,0.77024618,-1.79884154,band_20.pdf
20,model,5,81,0.77720842,-1.76781070,band_20.pdf
20,model,5,82,0.78417066,-1.77564346,band_20.pdf
20,model,5,83,0.79113290,-1.81219822,band_20.pdf
20,model,5,84,0.83986855,-1.62640454,band_20.pdf
20,model,5,85,0.84683079,-1.61459221,band_20.pdf
20,model,5,86,0.85379303,-1.61364572,band_20.pdf
20,model,5,87,0.86075526,-1.62542636,band_20.pdf
20,model,5,88,0.86771750,-1.65057363,band_20.pdf
20,model,5,89,0.87467974,-1.68856296,band_20.pdf
20,model,5,90,0.88164197,-1.73763475,band_20.pdf
20,model,5,91,0.88860421,-1.60941062,band_20.pdf
20,model,5,92,0.89556645,-1.41182185,band_20.pdf
20,model,5,93,0.90252868,-1.18765650,band_20.pdf
20,model,5,94,0.91645316,-0.70202974,band_20.pdf
20,model,5,95,0.92341540,-0.60788054,band_20.pdf
20,model,5,96,0.93733987,-0.49728304,band_20.pdf
20,model,5,97,0.95126434,-0.39775631,band_20.pdf
20,model,5,98,0.96518881,-0.31365735,band_20.pdf
20,model,5,99,0.97911329,-0.25196942,band_20.pdf
20,model,5,100,0.99303776,-0.21008074,band_20.pdf
20,model,5,101,1.00000000,-0.19955681,band_20.pdf
20,model,5,102,1.00000000,-0.19955681,band_20.pdf
20,model,6,0,0.00000000,-1.31724346,band_20.pdf
20,model,6,1,0.00804834,-1.31297221,band_20.pdf
20,model,6,2,0.01606884,-1.29754054,band_20.pdf
20,model,6,3,0.03216554,-1.24302783,band_20.pdf
20,model,6,4,0.04823438,-1.17064996,band_20.pdf
20,model,6,5,0.05628272,-1.12852902,band_20.pdf
20,model,6,6,0.06430322,-1.07958758,band_20.pdf
20,model,6,7,0.07235157,-1.01997943,band_20.pdf
20,model,6,8,0.08039991,-0.94525794,band_20.pdf
20,model,6,9,0.08842041,-0.85071599,band_20.pdf
20,model,6,10,0.09646875,-0.73078734,band_20.pdf
20,model,6,11,0.10451710,-0.57717835,band_20.pdf
20,model,6,12,0.11253760,-0.54558774,band_20.pdf
20,model,6,13,0.12863429,-1.01469557,band_20.pdf
20,model,6,14,0.13665478,-1.11211775,band_20.pdf
20,model,6,15,0.15275148,-0.89463510,band_20.pdf
20,model,6,16,0.16882032,-0.68305154,band_20.pdf
20,model,6,17,0.17686866,-0.58743714,band_20.pdf
20,model,6,18,0.18491701,-0.50013334,band_20.pdf
20,model,6,19,0.19293751,-0.42199941,band_20.pdf
20,model,6,20,0.20098585,-0.35366781,band_20.pdf
20,model,6,21,0.20903420,-0.29545892,band_20.pdf
20,model,6,22,0.21705470,-0.24702748,band_20.pdf
20,model,6,23,0.22510304,-0.20701341,band_20.pdf
20,model,6,24,0.23315139,-0.17626584,band_20.pdf
20,model,6,25,0.24117188,-0.16391287,band_20.pdf
20,model,6,26,0.25824329,-0.18674254,band_20.pdf
20,model,6,27,0.26960566,-0.17991083,band_20.pdf
20,model,6,28,0.28664922,-0.15573226,band_20.pdf
20,model,6,29,0.32076417,-0.08931705,band_20.pdf
20,model,6,30,0.32644536,-0.09970802,band_20.pdf
20,model,6,31,0.33212655,-0.25535864,band_20.pdf
20,model,6,32,0.34348892,-0.59602282,band_20.pdf
20,model,6,33,0.35487914,-0.89505967,band_20.pdf
20,model,6,34,0.36056032,-1.02560816,band_20.pdf
20,model,6,35,0.36624151,-0.89194868,band_20.pdf
20,model,6,36,0.38328506,-0.33748162,band_20.pdf
20,model,6,37,0.38896625,-0.16425532,band_20.pdf
20,model,6,38,0.39467528,-0.00840178,band_20.pdf
20,model,6,39,0.40035647,0.05556306,band_20.pdf
20,model,6,40,0.41171884,0.05914270,band_20.pdf
20,model,6,41,0.41740002,0.05043052,band_20.pdf
20,model,6,42,0.42308121,0.02369777,band_20.pdf
20,model,6,43,0.42876239,-0.11107682,band_20.pdf
20,model,6,44,0.43444358,-0.35346815,band_20.pdf
20,model,6,45,0.44583380,-0.88909464,band_20.pdf
20,model,6,46,0.45151498,-1.10256964,band_20.pdf
20,model,6,47,0.45719617,-1.17184043,band_20.pdf
20,model,6,48,0.47423972,-1.20032680,band_20.pdf
20,model,6,49,0.47992091,-1.18713221,band_20.pdf
20,model,6,50,0.48562994,-1.14320534,band_20.pdf
20,model,6,51,0.49131113,-1.19541431,band_20.pdf
20,model,6,52,0.49699231,-1.23816108,band_20.pdf
20,model,6,53,0.50835468,-1.25495901,band_20.pdf
20,model,6,54,0.57087557,-1.31738097,band_20.pdf
20,model,6,55,0.60315250,-1.32460478,band_20.pdf
20,model,6,56,0.64492592,-1.35414565,band_20.pdf
20,model,6,57,0.65188816,-1.34828982,band_20.pdf
20,model,6,58,0.65885040,-1.27392957,band_20.pdf
20,model,6,59,0.66581263,-1.07456975,band_20.pdf
20,model,6,60,0.67277487,-1.10169526,band_20.pdf
20,model,6,61,0.67973711,-1.19400777,band_20.pdf
20,model,6,62,0.68669934,-1.25912995,band_20.pdf
20,model,6,63,0.69366158,-1.26275326,band_20.pdf
20,model,6,64,0.70758605,-1.22983301,band_20.pdf
20,model,6,65,0.73543500,-1.15854245,band_20.pdf
20,model,6,66,0.75632171,-1.12000383,band_20.pdf
20,model,6,67,0.77720842,-1.09669336,band_20.pdf
20,model,6,68,0.79113290,-1.09017052,band_20.pdf
20,model,6,69,0.83290632,-1.10052973,band_20.pdf
20,model,6,70,0.84683079,-1.08806905,band_20.pdf
20,model,6,71,0.85379303,-1.07402959,band_20.pdf
20,model,6,72,0.86075526,-1.05301853,band_20.pdf
20,model,6,73,0.86771750,-1.02422141,band_20.pdf
20,model,6,74,0.87467974,-0.98746265,band_20.pdf
20,model,6,75,0.88860421,-0.89233575,band_20.pdf
20,model,6,76,0.90252868,-0.77581404,band_20.pdf
20,model,6,77,0.94430211,-0.42519684,band_20.pdf
20,model,6,78,0.95822658,-0.32438716,band_20.pdf
20,model,6,79,0.97215105,-0.24468719,band_20.pdf
20,model,6,80,0.98607553,-0.19159027,band_20.pdf
20,model,6,81,0.99303776,-0.17338419,band_20.pdf
20,model,6,82,1.00000000,-0.16391287,band_20.pdf
20,model,6,83,1.00000000,-0.16391287,band_20.pdf
20,model,7,0,0.00000000,-0.38004662,band_20.pdf
20,model,7,1,0.02411719,-0.37643812,band_20.pdf
20,model,7,2,0.04823438,-0.38373042,band_20.pdf
20,model,7,3,0.06430322,-0.36771089,band_20.pdf
20,model,7,4,0.07235157,-0.34981024,band_20.pdf
20,model,7,5,0.08039991,-0.32395169,band_20.pdf
20,model,7,6,0.08842041,-0.28863598,band_20.pdf
20,model,7,7,0.09646875,-0.24314011,band_20.pdf
20,model,7,8,0.11253760,-0.37705388,band_20.pdf
20,model,7,9,0.12058594,-0.11909799,band_20.pdf
20,model,7,10,0.12863429,0.09474624,band_20.pdf
20,model,7,11,0.14470313,0.38496414,band_20.pdf
20,model,7,12,0.15275148,0.54738959,band_20.pdf
20,model,7,13,0.16079982,0.72220622,band_20.pdf
20,model,7,14,0.17686866,1.10152456,band_20.pdf
20,model,7,15,0.20098585,1.68899299,band_20.pdf
20,model,7,16,0.20903420,1.86459465,band_20.pdf
20,model,7,17,0.21705470,2.01472650,band_20.pdf
20,model,7,18,0.22510304,2.12722515,band_20.pdf
20,model,7,19,0.23315139,2.19022697,band_20.pdf
20,model,7,20,0.24117188,2.20795367,band_20.pdf
20,model,7,21,0.24685307,2.19601260,band_20.pdf
20,model,7,22,0.25256210,2.15272324,band_20.pdf
20,model,7,23,0.25824329,2.07436541,band_20.pdf
20,model,7,24,0.26392447,1.96470058,band_20.pdf
20,model,7,25,0.26960566,1.82915269,band_20.pdf
20,model,7,26,0.27528684,1.67302850,band_20.pdf
20,model,7,27,0.28664922,1.31726650,band_20.pdf
20,model,7,28,0.30372062,0.72704003,band_20.pdf
20,model,7,29,0.32076417,0.13137162,band_20.pdf
20,model,7,30,0.32644536,-0.03756938,band_20.pdf
20,model,7,31,0.33212655,-0.05431476,band_20.pdf
20,model,7,32,0.36056032,0.00538179,band_20.pdf
20,model,7,33,0.37760388,0.03548362,band_20.pdf
20,model,7,34,0.39467528,0.05485007,band_20.pdf
20,model,7,35,0.40035647,0.12405468,band_20.pdf
20,model,7,36,0.40603765,0.21200618,band_20.pdf
20,model,7,37,0.41171884,0.24389759,band_20.pdf
20,model,7,38,0.41740002,0.21263225,band_20.pdf
20,model,7,39,0.42308121,0.08608874,band_20.pdf
20,model,7,40,0.42876239,-0.01869232,band_20.pdf
20,model,7,41,0.43444358,-0.10815305,band_20.pdf
20,model,7,42,0.45151498,-0.51219048,band_20.pdf
20,model,7,43,0.45719617,-0.61689530,band_20.pdf
20,model,7,44,0.46287735,-0.69634495,band_20.pdf
20,model,7,45,0.46855854,-0.75243763,band_20.pdf
20,model,7,46,0.47423972,-0.81707149,band_20.pdf
20,model,7,47,0.48562994,-1.05436654,band_20.pdf
20,model,7,48,0.49131113,-1.06449943,band_20.pdf
20,model,7,49,0.50267350,-0.94324677,band_20.pdf
20,model,7,50,0.52539824,-0.69519459,band_20.pdf
20,model,7,51,0.53678846,-0.58445288,band_20.pdf
20,model,7,52,0.54815083,-0.49119211,band_20.pdf
20,model,7,53,0.55383202,-0.45326409,band_20.pdf
20,model,7,54,0.55951320,-0.42239334,band_20.pdf
20,model,7,55,0.56519439,-0.39961830,band_20.pdf
20,model,7,56,0.57087557,-0.38575646,band_20.pdf
20,model,7,57,0.58226579,-0.38004662,band_20.pdf
20,model,7,58,0.58922803,-0.38076441,band_20.pdf
20,model,7,59,0.59619027,-0.38995098,band_20.pdf
20,model,7,60,0.60315250,-0.40979610,band_20.pdf
20,model,7,61,0.61011474,-0.43898711,band_20.pdf
20,model,7,62,0.61707697,-0.47727487,band_20.pdf
20,model,7,63,0.62403921,-0.52484840,band_20.pdf
20,model,7,64,0.63100145,-0.58197809,band_20.pdf
20,model,7,65,0.63796368,-0.64877930,band_20.pdf
20,model,7,66,0.64492592,-0.72492813,band_20.pdf
20,model,7,67,0.65885040,-0.90031722,band_20.pdf
20,model,7,68,0.67973711,-1.17590579,band_20.pdf
20,model,7,69,0.68669934,-1.23545084,band_20.pdf
20,model,7,70,0.69366158,-1.23747398,band_20.pdf
20,model,7,71,0.73543500,-1.12893274,band_20.pdf
20,model,7,72,0.75632171,-1.09758362,band_20.pdf
20,model,7,73,0.77024618,-1.08752616,band_20.pdf
20,model,7,74,0.82594408,-1.07217305,band_20.pdf
20,model,7,75,0.84683079,-1.04840229,band_20.pdf
20,model,7,76,0.86075526,-1.01455267,band_20.pdf
20,model,7,77,0.87467974,-0.95650226,band_20.pdf
20,model,7,78,0.88860421,-0.87310989,band_20.pdf
20,model,7,79,0.90252868,-0.77083703,band_20.pdf
20,model,7,80,0.90949092,-0.70980852,band_20.pdf
20,model,7,81,0.91645316,-0.60895725,band_20.pdf
20,model,7,82,0.92341540,-0.34512977,band_20.pdf
20,model,7,83,0.93733987,0.28762326,band_20.pdf
20,model,7,84,0.95126434,0.92587111,band_20.pdf
20,model,7,85,0.95822658,1.22497295,band_20.pdf
20,model,7,86,0.96518881,1.50053273,band_20.pdf
20,model,7,87,0.97215105,1.74489802,band_20.pdf
20,model,7,88,0.97911329,1.94933580,band_20.pdf
20,model,7,89,0.98607553,2.10282026,band_20.pdf
20,model,7,90,0.99303776,2.18885378,band_20.pdf
20,model,7,91,1.00000000,2.20795367,band_20.pdf
20,model,7,92,1.00000000,2.20795367,band_20.pdf
20,model,8,0,0.00000000,-0.35859511,band_20.pdf
20,model,8,1,0.01606884,-0.36565860,band_20.pdf
20,model,8,2,0.04018603,-0.38215170,band_20.pdf
20,model,8,3,0.05628272,-0.37562630,band_20.pdf
20,model,8,4,0.06430322,-0.36403088,band_20.pdf
20,model,8,5,0.07235157,-0.34559765,band_20.pdf
20,model,8,6,0.08039991,-0.31908868,band_20.pdf
20,model,8,7,0.08842041,-0.28273168,band_20.pdf
20,model,8,8,0.09646875,-0.23424201,band_20.pdf
20,model,8,9,0.10451710,-0.17271422,band_20.pdf
20,model,8,10,0.11253760,-0.09786209,band_20.pdf
20,model,8,11,0.12058594,-0.00270212,band_20.pdf
20,model,8,12,0.12863429,0.11068063,band_20.pdf
20,model,8,13,0.13665478,0.24148098,band_20.pdf
20,model,8,14,0.14470313,0.38843252,band_20.pdf
20,model,8,15,0.15275148,0.55001451,band_20.pdf
20,model,8,16,0.16079982,0.72453242,band_20.pdf
20,model,8,17,0.17686866,1.10393738,band_20.pdf
20,model,8,18,0.20098585,1.69280589,band_20.pdf
20,model,8,19,0.20903420,1.86975877,band_20.pdf
20,model,8,20,0.21705470,2.02271574,band_20.pdf
20,model,8,21,0.22510304,2.14182866,band_20.pdf
20,model,8,22,0.23315139,2.21788056,band_20.pdf
20,model,8,23,0.24117188,2.24407314,band_20.pdf
20,model,8,24,0.24685307,2.23547679,band_20.pdf
20,model,8,25,0.25256210,2.20139818,band_20.pdf
20,model,8,26,0.25824329,2.13650268,band_20.pdf
20,model,8,27,0.26392447,2.04843932,band_20.pdf
20,model,8,28,0.26960566,1.94085931,band_20.pdf
20,model,8,29,0.27528684,1.81626157,band_20.pdf
20,model,8,30,0.28096803,1.67747530,band_20.pdf
20,model,8,31,0.29233040,1.37231126,band_20.pdf
20,model,8,32,0.30372062,1.06544195,band_20.pdf
20,model,8,33,0.30940180,0.92813397,band_20.pdf
20,model,8,34,0.31508299,0.81136579,band_20.pdf
20,model,8,35,0.32076417,0.72159994,band_20.pdf
20,model,8,36,0.32644536,0.66334892,band_20.pdf
20,model,8,37,0.33212655,0.63829490,band_20.pdf
20,model,8,38,0.33780773,0.64508312,band_20.pdf
20,model,8,39,0.34348892,0.67984836,band_20.pdf
20,model,8,40,0.34919795,0.73720212,band_20.pdf
20,model,8,41,0.35487914,0.81121512,band_20.pdf
20,model,8,42,0.36624151,0.98638268,band_20.pdf
20,model,8,43,0.37760388,1.16435924,band_20.pdf
20,model,8,44,0.38328506,1.23249502,band_20.pdf
20,model,8,45,0.39467528,0.70719278,band_20.pdf
20,model,8,46,0.40035647,0.48115265,band_20.pdf
20,model,8,47,0.40603765,0.31851160,band_20.pdf
20,model,8,48,0.41171884,0.25699246,band_20.pdf
20,model,8,49,0.41740002,0.21851184,band_20.pdf
20,model,8,50,0.42308121,0.14634821,band_20.pdf
20,model,8,51,0.43444358,-0.06267957,band_20.pdf
20,model,8,52,0.44015261,-0.13928194,band_20.pdf
20,model,8,53,0.44583380,-0.22496365,band_20.pdf
20,model,8,54,0.45151498,-0.32173096,band_20.pdf
20,model,8,55,0.46287735,-0.54245619,band_20.pdf
20,model,8,56,0.46855854,-0.65951107,band_20.pdf
20,model,8,57,0.47423972,-0.74723624,band_20.pdf
20,model,8,58,0.47992091,-0.76317140,band_20.pdf
20,model,8,59,0.48562994,-0.75107824,band_20.pdf
20,model,8,60,0.49131113,-0.72396867,band_20.pdf
20,model,8,61,0.50267350,-0.64519664,band_20.pdf
20,model,8,62,0.51971705,-0.51868744,band_20.pdf
20,model,8,63,0.53110727,-0.45329389,band_20.pdf
20,model,8,64,0.54246965,-0.40779743,band_20.pdf
20,model,8,65,0.55383202,-0.37816372,band_20.pdf
20,model,8,66,0.56519439,-0.35964363,band_20.pdf
20,model,8,67,0.57658460,-0.35747799,band_20.pdf
20,model,8,68,0.59619027,-0.36353491,band_20.pdf
20,model,8,69,0.60315250,-0.38295783,band_20.pdf
20,model,8,70,0.61011474,-0.41340276,band_20.pdf
20,model,8,71,0.61707697,-0.45367527,band_20.pdf
20,model,8,72,0.62403921,-0.50364888,band_20.pdf
20,model,8,73,0.63100145,-0.56340616,band_20.pdf
20,model,8,74,0.63796368,-0.63290393,band_20.pdf
20,model,8,75,0.64492592,-0.71166079,band_20.pdf
20,model,8,76,0.66581263,-0.97290021,band_20.pdf
20,model,8,77,0.67277487,-0.80065138,band_20.pdf
20,model,8,78,0.67973711,-0.53337430,band_20.pdf
20,model,8,79,0.68669934,-0.23656536,band_20.pdf
20,model,8,80,0.69366158,0.09085471,band_20.pdf
20,model,8,81,0.70062382,0.45104686,band_20.pdf
20,model,8,82,0.70758605,0.84528354,band_20.pdf
20,model,8,83,0.71454829,1.27273904,band_20.pdf
20,model,8,84,0.72151053,1.67603883,band_20.pdf
20,model,8,85,0.73543500,1.73710419,band_20.pdf
20,model,8,86,0.75632171,1.81051540,band_20.pdf
20,model,8,87,0.77024618,1.84670295,band_20.pdf
20,model,8,88,0.78417066,1.86900347,band_20.pdf
20,model,8,89,0.79113290,1.87368958,band_20.pdf
20,model,8,90,0.80505737,1.85835934,band_20.pdf
20,model,8,91,0.81898184,1.82086774,band_20.pdf
20,model,8,92,0.83290632,1.76231468,band_20.pdf
20,model,8,93,0.86075526,1.62557939,band_20.pdf
20,model,8,94,0.86771750,1.60070188,band_20.pdf
20,model,8,95,0.87467974,1.58372792,band_20.pdf
20,model,8,96,0.88164197,1.57593722,band_20.pdf
20,model,8,97,0.88860421,1.57823859,band_20.pdf
20,model,8,98,0.89556645,1.59128779,band_20.pdf
20,model,8,99,0.90252868,1.61546825,band_20.pdf
20,model,8,100,0.90949092,1.65073644,band_20.pdf
20,model,8,101,0.91645316,1.69642310,band_20.pdf
20,model,8,102,0.93037763,1.80563491,band_20.pdf
20,model,8,103,0.95822658,2.04792321,band_20.pdf
20,model,8,104,0.96518881,2.09985537,band_20.pdf
20,model,8,105,0.97215105,2.14413370,band_20.pdf
20,model,8,106,0.97911329,2.17977018,band_20.pdf
20,model,8,107,0.99303776,2.23044368,band_20.pdf
20,model,8,108,1.00000000,2.24407314,band_20.pdf
20,model,8,109,1.00000000,2.24407314,band_20.pdf
20,model,9,0,0.00000000,-0.32724351,band_20.pdf
20,model,9,1,0.00804834,-0.32480474,band_20.pdf
20,model,9,2,0.01606884,-0.31395798,band_20.pdf
20,model,9,3,0.02411719,-0.28866632,band_20.pdf
20,model,9,4,0.03216554,-0.24747303,band_20.pdf
20,model,9,5,0.04018603,-0.19138379,band_20.pdf
20,model,9,6,0.04823438,-0.12141559,band_20.pdf
20,model,9,7,0.05628272,-0.03863727,band_20.pdf
20,model,9,8,0.06430322,0.05561537,band_20.pdf
20,model,9,9,0.07235157,0.15979188,band_20.pdf
20,model,9,10,0.08039991,0.27224254,band_20.pdf
20,model,9,11,0.08842041,0.16233142,band_20.pdf
20,model,9,12,0.09646875,-0.06554297,band_20.pdf
20,model,9,13,0.10451710,-0.17099567,band_20.pdf
20,model,9,14,0.11253760,-0.08987428,band_20.pdf
20,model,9,15,0.12058594,0.01904639,band_20.pdf
20,model,9,16,0.12863429,0.27938405,band_20.pdf
20,model,9,17,0.13665478,0.73172856,band_20.pdf
20,model,9,18,0.14470313,1.28706668,band_20.pdf
20,model,9,19,0.15275148,1.44225469,band_20.pdf
20,model,9,20,0.16882032,1.68864579,band_20.pdf
20,model,9,21,0.17686866,1.80079885,band_20.pdf
20,model,9,22,0.18491701,1.90308529,band_20.pdf
20,model,9,23,0.19293751,1.99383856,band_20.pdf
20,model,9,24,0.20098585,2.07183540,band_20.pdf
20,model,9,25,0.20903420,2.13650108,band_20.pdf
20,model,9,26,0.21705470,2.18829371,band_20.pdf
20,model,9,27,0.22510304,2.22955318,band_20.pdf
20,model,9,28,0.23315139,2.26319638,band_20.pdf
20,model,9,29,0.24117188,2.27848680,band_20.pdf
20,model,9,30,0.25256210,2.25881665,band_20.pdf
20,model,9,31,0.26392447,2.26555006,band_20.pdf
20,model,9,32,0.28664922,2.30386971,band_20.pdf
20,model,9,33,0.30940180,2.35356472,band_20.pdf
20,model,9,34,0.33212655,2.41952005,band_20.pdf
20,model,9,35,0.34919795,2.46725746,band_20.pdf
20,model,9,36,0.36056032,2.48847114,band_20.pdf
20,model,9,37,0.36624151,2.20611705,band_20.pdf
20,model,9,38,0.37760388,1.56325614,band_20.pdf
20,model,9,39,0.38328506,1.27165332,band_20.pdf
20,model,9,40,0.38896625,1.31617172,band_20.pdf
20,model,9,41,0.39467528,1.37251116,band_20.pdf
20,model,9,42,0.40035647,1.41427874,band_20.pdf
20,model,9,43,0.40603765,1.43988756,band_20.pdf
20,model,9,44,0.41171884,1.44851169,band_20.pdf
20,model,9,45,0.42876239,1.44183000,band_20.pdf
20,model,9,46,0.44015261,1.42407226,band_20.pdf
20,model,9,47,0.45151498,1.39362863,band_20.pdf
20,model,9,48,0.46855854,1.33227017,band_20.pdf
20,model,9,49,0.47992091,1.28761437,band_20.pdf
20,model,9,50,0.48562994,1.22692091,band_20.pdf
20,model,9,51,0.51403587,0.51890405,band_20.pdf
20,model,9,52,0.52539824,0.26717618,band_20.pdf
20,model,9,53,0.53678846,0.04730851,band_20.pdf
20,model,9,54,0.54246965,-0.04716720,band_20.pdf
20,model,9,55,0.54815083,-0.12956041,band_20.pdf
20,model,9,56,0.55383202,-0.19888097,band_20.pdf
20,model,9,57,0.55951320,-0.25439556,band_20.pdf
20,model,9,58,0.56519439,-0.29527033,band_20.pdf
20,model,9,59,0.57087557,-0.31946887,band_20.pdf
20,model,9,60,0.57658460,-0.32675495,band_20.pdf
20,model,9,61,0.58922803,-0.32529745,band_20.pdf
20,model,9,62,0.59619027,-0.30522198,band_20.pdf
20,model,9,63,0.60315250,-0.25604325,band_20.pdf
20,model,9,64,0.61011474,-0.18138172,band_20.pdf
20,model,9,65,0.61707697,-0.08262363,band_20.pdf
20,model,9,66,0.62403921,0.03939144,band_20.pdf
20,model,9,67,0.63100145,0.18321995,band_20.pdf
20,model,9,68,0.63796368,0.34684642,band_20.pdf
20,model,9,69,0.64492592,0.52810733,band_20.pdf
20,model,9,70,0.65188816,0.72539394,band_20.pdf
20,model,9,71,0.65885040,0.93813171,band_20.pdf
20,model,9,72,0.66581263,1.16673965,band_20.pdf
20,model,9,73,0.67277487,1.40844447,band_20.pdf
20,model,9,74,0.67973711,1.50560631,band_20.pdf
20,model,9,75,0.70062382,1.58715571,band_20.pdf
20,model,9,76,0.71454829,1.64888820,band_20.pdf
20,model,9,77,0.72847276,1.73696845,band_20.pdf
20,model,9,78,0.74239724,1.78963167,band_20.pdf
20,model,9,79,0.75632171,1.83138355,band_20.pdf
20,model,9,80,0.77024618,1.86054292,band_20.pdf
20,model,9,81,0.78417066,1.87400080,band_20.pdf
20,model,9,82,0.80505737,1.86892787,band_20.pdf
20,model,9,83,0.81898184,1.84185510,band_20.pdf
20,model,9,84,0.83290632,1.79232491,band_20.pdf
20,model,9,85,0.86771750,1.63764525,band_20.pdf
20,model,9,86,0.87467974,1.61838153,band_20.pdf
20,model,9,87,0.88164197,1.60717732,band_20.pdf
20,model,9,88,0.88860421,1.60513706,band_20.pdf
20,model,9,89,0.89556645,1.61313572,band_20.pdf
20,model,9,90,0.90252868,1.63177424,band_20.pdf
20,model,9,91,0.90949092,1.66120805,band_20.pdf
20,model,9,92,0.91645316,1.70094141,band_20.pdf
20,model,9,93,0.92341540,1.75114643,band_20.pdf
20,model,9,94,0.93733987,1.87896804,band_20.pdf
20,model,9,95,0.95822658,2.07530680,band_20.pdf
20,model,9,96,0.96518881,2.13113126,band_20.pdf
20,model,9,97,0.97215105,2.17866722,band_20.pdf
20,model,9,98,0.97911329,2.21680171,band_20.pdf
20,model,9,99,0.98607553,2.24544740,band_20.pdf
20,model,9,100,0.99303776,2.26672969,band_20.pdf
20,model,9,101,1.00000000,2.27848680,band_20.pdf
20,model,9,102,1.00000000,2.27848680,band_20.pdf
20,model,10,0,0.00000000,1.57104251,band_20.pdf
20,model,10,1,0.00804834,1.55847761,band_20.pdf
20,model,10,2,0.01606884,1.52004813,band_20.pdf
20,model,10,3,0.02411719,1.45632526,band_20.pdf
20,model,10,4,0.03216554,1.36784254,band_20.pdf
20,model,10,5,0.04018603,1.25535443,band_20.pdf
20,model,10,6,0.04823438,1.11991567,band_20.pdf
20,model,10,7,0.05628272,0.96291834,band_20.pdf
20,model,10,8,0.06430322,0.78619197,band_20.pdf
20,model,10,9,0.07235157,0.59198792,band_20.pdf
20,model,10,10,0.08039991,0.38300588,band_20.pdf
20,model,10,11,0.08842041,0.39139936,band_20.pdf
20,model,10,12,0.10451710,0.64436640,band_20.pdf
20,model,10,13,0.14470313,1.31177244,band_20.pdf
20,model,10,14,0.15275148,1.91565972,band_20.pdf
20,model,10,15,0.16079982,2.58876749,band_20.pdf
20,model,10,16,0.17686866,4.01844431,band_20.pdf
20,model,10,17,0.18491701,4.78947662,band_20.pdf
20,model,10,18,0.19293751,5.61746070,band_20.pdf
20,model,10,19,0.20903420,7.42378467,band_20.pdf
20,model,10,20,0.21674244,8.28298041,band_20.pdf
20,model,11,0,0.27533848,8.28298041,band_20.pdf
20,model,11,1,0.29801159,6.63483920,band_20.pdf
20,model,11,2,0.31508299,5.48535162,band_20.pdf
20,model,11,3,0.34919795,3.24929929,band_20.pdf
20,model,11,4,0.36056032,2.54799830,band_20.pdf
20,model,11,5,0.36624151,2.50225021,band_20.pdf
20,model,11,6,0.38328506,2.52007639,band_20.pdf
20,model,11,7,0.38896625,2.40612172,band_20.pdf
20,model,11,8,0.39467528,2.17619361,band_20.pdf
20,model,11,9,0.40035647,1.99148832,band_20.pdf
20,model,11,10,0.40603765,1.86934030,band_20.pdf
20,model,11,11,0.41171884,1.82610094,band_20.pdf
20,model,11,12,0.42876239,1.81741850,band_20.pdf
20,model,11,13,0.44015261,1.80116524,band_20.pdf
20,model,11,14,0.45719617,1.76042899,band_20.pdf
20,model,11,15,0.46287735,1.74119325,band_20.pdf
20,model,11,16,0.46855854,1.68045932,band_20.pdf
20,model,11,17,0.47992091,1.39349881,band_20.pdf
20,model,11,18,0.48562994,1.28517981,band_20.pdf
20,model,11,19,0.49131113,1.26345594,band_20.pdf
20,model,11,20,0.50267350,1.24860283,band_20.pdf
20,model,11,21,0.50835468,1.25143844,band_20.pdf
20,model,11,22,0.51403587,1.26169954,band_20.pdf
20,model,11,23,0.51971705,1.27942310,band_20.pdf
20,model,11,24,0.53110727,1.33457379,band_20.pdf
20,model,11,25,0.56519439,1.53620505,band_20.pdf
20,model,11,26,0.57087557,1.55574812,band_20.pdf
20,model,11,27,0.57658460,1.56778251,band_20.pdf
20,model,11,28,0.58226579,1.57104251,band_20.pdf
20,model,11,29,0.59619027,1.56048683,band_20.pdf
20,model,11,30,0.61011474,1.53234830,band_20.pdf
20,model,11,31,0.63100145,1.48289046,band_20.pdf
20,model,11,32,0.64492592,1.46383654,band_20.pdf
20,model,11,33,0.65885040,1.46556403,band_20.pdf
20,model,11,34,0.66581263,1.47520054,band_20.pdf
20,model,11,35,0.67277487,1.49276022,band_20.pdf
20,model,11,36,0.67973711,1.53725380,band_20.pdf
20,model,11,37,0.70062382,1.62132308,band_20.pdf
20,model,11,38,0.71454829,1.68418975,band_20.pdf
20,model,11,39,0.72151053,1.76237416,band_20.pdf
20,model,11,40,0.72847276,2.23584135,band_20.pdf
20,model,11,41,0.73543500,2.76525581,band_20.pdf
20,model,11,42,0.74239724,3.33963688,band_20.pdf
20,model,11,43,0.74935947,3.97365343,band_20.pdf
20,model,11,44,0.75632171,4.68739382,band_20.pdf
20,model,11,45,0.76328395,5.50228244,band_20.pdf
20,model,11,46,0.77024618,6.43597760,band_20.pdf
20,model,11,47,0.77720842,7.49811559,band_20.pdf
20,model,11,48,0.78180470,8.28298041,band_20.pdf
20,model,12,0,0.81246781,8.28298041,band_20.pdf
20,model,12,1,0.81898184,7.84444661,band_20.pdf
20,model,12,2,0.82594408,7.42481025,band_20.pdf
20,model,12,3,0.83290632,7.06057289,band_20.pdf
20,model,12,4,0.83986855,6.75707520,band_20.pdf
20,model,12,5,0.84683079,6.51809952,band_20.pdf
20,model,12,6,0.85379303,6.34575222,band_20.pdf
20,model,12,7,0.86075526,6.24073049,band_20.pdf
20,model,12,8,0.86771750,6.20247489,band_20.pdf
20,model,12,9,0.87467974,6.22916878,band_20.pdf
20,model,12,10,0.88164197,6.31737505,band_20.pdf
20,model,12,11,0.88860421,6.46143457,band_20.pdf
20,model,12,12,0.89556645,6.65296529,band_20.pdf
20,model,12,13,0.90252868,6.88081954,band_20.pdf
20,model,12,14,0.91645316,7.39325927,band_20.pdf
20,model,12,15,0.93037763,7.90555012,band_20.pdf
20,model,12,16,0.94140459,8.28298041,band_20.pdf
20,model,12,17,0.94140459,8.28298041,band_20.pdf
20,model,13,0,0.00000000,1.57223067,band_20.pdf
20,model,13,1,0.00804834,1.57764440,band_20.pdf
20,model,13,2,0.01606884,1.59419888,band_20.pdf
20,model,13,3,0.02411719,1.62025099,band_20.pdf
20,model,13,4,0.04018603,1.69410164,band_20.pdf
20,model,13,5,0.05628272,1.78955987,band_20.pdf
20,model,13,6,0.07235157,1.90282922,band_20.pdf
20,model,13,7,0.08842041,2.02990382,band_20.pdf
20,model,13,8,0.09646875,2.10042356,band_20.pdf
20,model,13,9,0.10451710,2.18188148,band_20.pdf
20,model,13,10,0.11253760,2.28396777,band_20.pdf
20,model,13,11,0.12058594,2.41938977,band_20.pdf
20,model,13,12,0.12863429,2.60078062,band_20.pdf
20,model,13,13,0.13665478,2.83707995,band_20.pdf
20,model,13,14,0.14470313,3.13246339,band_20.pdf
20,model,13,15,0.15275148,3.49042034,band_20.pdf
20,model,13,16,0.16079982,3.92033231,band_20.pdf
20,model,13,17,0.16882032,4.44061980,band_20.pdf
20,model,13,18,0.17686866,5.07360828,band_20.pdf
20,model,13,19,0.18491701,5.83383707,band_20.pdf
20,model,13,20,0.19293751,6.71512348,band_20.pdf
20,model,13,21,0.20584927,8.28298041,band_20.pdf
20,model,14,0,0.29442846,8.28298041,band_20.pdf
20,model,14,1,0.30940180,7.08530300,band_20.pdf
20,model,14,2,0.32076417,6.26504177,band_20.pdf
20,model,14,3,0.33212655,5.54201971,band_20.pdf
20,model,14,4,0.34348892,4.88210546,band_20.pdf
20,model,14,5,0.37760388,2.97048627,band_20.pdf
20,model,14,6,0.38328506,2.67999671,band_20.pdf
20,model,14,7,0.38896625,2.53135051,band_20.pdf
20,model,14,8,0.41171884,2.53702848,band_20.pdf
20,model,14,9,0.41740002,2.52748393,band_20.pdf
20,model,14,10,0.42308121,2.49897776,band_20.pdf
20,model,14,11,0.42876239,2.45189920,band_20.pdf
20,model,14,12,0.43444358,2.38690753,band_20.pdf
20,model,14,13,0.44015261,2.30492527,band_20.pdf
20,model,14,14,0.44583380,2.20719660,band_20.pdf
20,model,14,15,0.45151498,2.09533913,band_20.pdf
20,model,14,16,0.46287735,1.83986117,band_20.pdf
20,model,14,17,0.46855854,1.74136133,band_20.pdf
20,model,14,18,0.47423972,1.71707126,band_20.pdf
20,model,14,19,0.49131113,1.67064501,band_20.pdf
20,model,14,20,0.50835468,1.63864470,band_20.pdf
20,model,14,21,0.53678846,1.60213082,band_20.pdf
20,model,14,22,0.56519439,1.57622428,band_20.pdf
20,model,14,23,0.59619027,1.56223589,band_20.pdf
20,model,14,24,0.61707697,1.52273716,band_20.pdf
20,model,14,25,0.63100145,1.49662242,band_20.pdf
20,model,14,26,0.64492592,1.48402541,band_20.pdf
20,model,14,27,0.65885040,1.49146234,band_20.pdf
20,model,14,28,0.66581263,1.50343428,band_20.pdf
20,model,14,29,0.67277487,1.52275724,band_20.pdf
20,model,14,30,0.67973711,1.68850241,band_20.pdf
20,model,14,31,0.68669934,1.97225518,band_20.pdf
20,model,14,32,0.70062382,2.59260137,band_20.pdf
20,model,14,33,0.72151053,3.57170550,band_20.pdf
20,model,14,34,0.72847276,3.90906264,band_20.pdf
20,model,14,35,0.73543500,4.27236471,band_20.pdf
20,model,14,36,0.74239724,4.68834665,band_20.pdf
20,model,14,37,0.74935947,5.19067821,band_20.pdf
20,model,14,38,0.75632171,5.81402081,band_20.pdf
20,model,14,39,0.76328395,6.58665939,band_20.pdf
20,model,14,40,0.77024618,7.52350856,band_20.pdf
20,model,14,41,0.77505765,8.28298041,band_20.pdf
20,model,15,0,0.81305901,8.28298041,band_20.pdf
20,model,15,1,0.81898184,7.88198376,band_20.pdf
20,model,15,2,0.82594408,7.45978528,band_20.pdf
20,model,15,3,0.83290632,7.09297206,band_20.pdf
20,model,15,4,0.83986855,6.78684263,band_20.pdf
20,model,15,5,0.84683079,6.54525672,band_20.pdf
20,model,15,6,0.85379303,6.37053903,band_20.pdf
20,model,15,7,0.86075526,6.26373305,band_20.pdf
20,model,15,8,0.86771750,6.22469870,band_20.pdf
20,model,15,9,0.87467974,6.25202778,band_20.pdf
20,model,15,10,0.88164197,6.34258589,band_20.pdf
20,model,15,11,0.88860421,6.49083105,band_20.pdf
20,model,15,12,0.89556645,6.68827609,band_20.pdf
20,model,15,13,0.90252868,6.92346819,band_20.pdf
20,model,15,14,0.91645316,7.45316853,band_20.pdf
20,model,15,15,0.93037763,7.98397840,band_20.pdf
20,model,15,16,0.93871549,8.28298041,band_20.pdf
20,model,15,17,0.93871549,8.28298041,band_20.pdf
20,model,16,0,0.30173601,8.28298041,band_20.pdf
20,model,16,1,0.30940180,7.95603112,band_20.pdf
20,model,16,2,0.31508299,7.73522964,band_20.pdf
20,model,16,3,0.32076417,7.53943004,band_20.pdf
20,model,16,4,0.32644536,7.37256875,band_20.pdf
20,model,16,5,0.33212655,7.23606880,band_20.pdf
20,model,16,6,0.33780773,7.12902535,band_20.pdf
20,model,16,7,0.34348892,7.04854430,band_20.pdf
20,model,16,8,0.34919795,6.99028060,band_20.pdf
20,model,16,9,0.35487914,6.94899311,band_20.pdf
20,model,16,10,0.36624151,6.89571181,band_20.pdf
20,model,16,11,0.40603765,6.75136441,band_20.pdf
20,model,16,12,0.41171884,6.74696661,band_20.pdf
20,model,16,13,0.41740002,6.84978047,band_20.pdf
20,model,16,14,0.42308121,7.15149034,band_20.pdf
20,model,16,15,0.42876239,7.63479091,band_20.pdf
20,model,16,16,0.43448239,8.28298041,band_20.pdf
35,DFT,0,0,0.00000000,-8.50769996,band_35.pdf
35,DFT,0,1,0.00804834,-8.48509993,band_35.pdf
35,DFT,0,2,0.01606884,-8.41769996,band_35.pdf
35,DFT,0,3,0.02411719,-8.30599997,band_35.pdf
35,DFT,0,4,0.03216554,-8.15109996,band_35.pdf
35,DFT,0,5,0.04018603,-7.95449998,band_35.pdf
35,DFT,0,6,0.04823438,-7.71859997,band_35.pdf
35,DFT,0,7,0.05628272,-7.44629997,band_35.pdf
35,DFT,0,8,0.06430322,-7.14119998,band_35.pdf
35,DFT,0,9,0.07235157,-6.80849996,band_35.pdf
35,DFT,0,10,0.08842041,-6.08909996,band_35.pdf
35,DFT,0,11,0.10451710,-5.36899995,band_35.pdf
35,DFT,0,12,0.11253760,-5.04529994,band_35.pdf
35,DFT,0,13,0.12058594,-4.76800000,band_35.pdf
35,DFT,0,14,0.12863429,-4.55019996,band_35.pdf
35,DFT,0,15,0.13665478,-4.39800000,band_35.pdf
35,DFT,0,16,0.14470313,-4.31039996,band_35.pdf
35,DFT,0,17,0.15275148,-4.27840000,band_35.pdf
35,DFT,0,18,0.16079982,-4.29120000,band_35.pdf
35,DFT,0,19,0.16882032,-4.33699999,band_35.pdf
35,DFT,0,20,0.17686866,-4.40470000,band_35.pdf
35,DFT,0,21,0.20903420,-4.72509995,band_35.pdf
35,DFT,0,22,0.21705470,-4.78769995,band_35.pdf
35,DFT,0,23,0.22510304,-4.83450000,band_35.pdf
35,DFT,0,24,0.23315139,-4.86279997,band_35.pdf
35,DFT,0,25,0.24117188,-4.87239998,band_35.pdf
35,DFT,0,26,0.24685307,-4.86759995,band_35.pdf
35,DFT,0,27,0.25256210,-4.85309995,band_35.pdf
35,DFT,0,28,0.25824329,-4.82979997,band_35.pdf
35,DFT,0,29,0.26392447,-4.79779996,band_35.pdf
35,DFT,0,30,0.27528684,-4.71100000,band_35.pdf
35,DFT,0,31,0.28664922,-4.60159996,band_35.pdf
35,DFT,0,32,0.30372062,-4.42650000,band_35.pdf
35,DFT,0,33,0.30940180,-4.37549999,band_35.pdf
35,DFT,0,34,0.31508299,-4.33359999,band_35.pdf
35,DFT,0,35,0.32076417,-4.30419995,band_35.pdf
35,DFT,0,36,0.32644536,-4.29029996,band_35.pdf
35,DFT,0,37,0.33212655,-4.29419996,band_35.pdf
35,DFT,0,38,0.33780773,-4.31649995,band_35.pdf
35,DFT,0,39,0.34348892,-4.35629997,band_35.pdf
35,DFT,0,40,0.34919795,-4.41089995,band_35.pdf
35,DFT,0,41,0.36056032,-4.55000000,band_35.pdf
35,DFT,0,42,0.37760388,-4.77239999,band_35.pdf
35,DFT,0,43,0.38328506,-4.83679994,band_35.pdf
35,DFT,0,44,0.38896625,-4.89219995,band_35.pdf
35,DFT,0,45,0.39467528,-4.93689995,band_35.pdf
35,DFT,0,46,0.40035647,-4.96969999,band_35.pdf
35,DFT,0,47,0.40603765,-4.98969997,band_35.pdf
35,DFT,0,48,0.41171884,-4.99649998,band_35.pdf
35,DFT,0,49,0.42876239,-5.00049999,band_35.pdf
35,DFT,0,50,0.44015261,-5.01949999,band_35.pdf
35,DFT,0,51,0.44583380,-5.04190000,band_35.pdf
35,DFT,0,52,0.45151498,-5.07849997,band_35.pdf
35,DFT,0,53,0.45719617,-5.13449998,band_35.pdf
35,DFT,0,54,0.46287735,-5.21559998,band_35.pdf
35,DFT,0,55,0.46855854,-5.32609996,band_35.pdf
35,DFT,0,56,0.47423972,-5.46849995,band_35.pdf
35,DFT,0,57,0.47992091,-5.64179995,band_35.pdf
35,DFT,0,58,0.48562994,-5.84139996,band_35.pdf
35,DFT,0,59,0.49699231,-6.29279999,band_35.pdf
35,DFT,0,60,0.51403587,-6.99929999,band_35.pdf
35,DFT,0,61,0.52539824,-7.43189998,band_35.pdf
35,DFT,0,62,0.53110727,-7.62729995,band_35.pdf
35,DFT,0,63,0.53678846,-7.80599994,band_35.pdf
35,DFT,0,64,0.54246965,-7.96649994,band_35.pdf
35,DFT,0,65,0.54815083,-8.10769998,band_35.pdf
35,DFT,0,66,0.55383202,-8.22859994,band_35.pdf
35,DFT,0,67,0.55951320,-8.32839997,band_35.pdf
35,DFT,0,68,0.56519439,-8.40649995,band_35.pdf
35,DFT,0,69,0.57087557,-8.46259998,band_35.pdf
35,DFT,0,70,0.57658460,-8.49639994,band_35.pdf
35,DFT,0,71,0.58226579,-8.50769996,band_35.pdf
35,DFT,0,72,0.58922803,-8.49079994,band_35.pdf
35,DFT,0,73,0.59619027,-8.44019997,band_35.pdf
35,DFT,0,74,0.60315250,-8.35619996,band_35.pdf
35,DFT,0,75,0.61011474,-8.23969993,band_35.pdf
35,DFT,0,76,0.61707697,-8.09119995,band_35.pdf
35,DFT,0,77,0.62403921,-7.91229995,band_35.pdf
35,DFT,0,78,0.63100145,-7.70439995,band_35.pdf
35,DFT,0,79,0.63796368,-7.46929997,band_35.pdf
35,DFT,0,80,0.64492592,-7.20929997,band_35.pdf
35,DFT,0,81,0.65188816,-6.92699996,band_35.pdf
35,DFT,0,82,0.66581263,-6.30779998,band_35.pdf
35,DFT,0,83,0.70062382,-4.65649997,band_35.pdf
35,DFT,0,84,0.70758605,-4.35619996,band_35.pdf
35,DFT,0,85,0.71454829,-4.08149999,band_35.pdf
35,DFT,0,86,0.72151053,-3.83809996,band_35.pdf
35,DFT,0,87,0.72847276,-3.63170001,band_35.pdf
35,DFT,0,88,0.73543500,-3.53100000,band_35.pdf
35,DFT,0,89,0.74239724,-3.53839995,band_35.pdf
35,DFT,0,90,0.74935947,-3.53739996,band_35.pdf
35,DFT,0,91,0.75632171,-3.52859998,band_35.pdf
35,DFT,0,92,0.76328395,-3.51189999,band_35.pdf
35,DFT,0,93,0.77720842,-3.45809997,band_35.pdf
35,DFT,0,94,0.79113290,-3.38910001,band_35.pdf
35,DFT,0,95,0.79809513,-3.46379998,band_35.pdf
35,DFT,0,96,0.81201961,-3.63589998,band_35.pdf
35,DFT,0,97,0.81898184,-3.71349997,band_35.pdf
35,DFT,0,98,0.82594408,-3.77920000,band_35.pdf
35,DFT,0,99,0.83290632,-3.82909996,band_35.pdf
35,DFT,0,100,0.83986855,-3.85979995,band_35.pdf
35,DFT,0,101,0.84683079,-3.86860000,band_35.pdf
35,DFT,0,102,0.85379303,-3.85329997,band_35.pdf
35,DFT,0,103,0.86075526,-3.81229995,band_35.pdf
35,DFT,0,104,0.86771750,-3.74449999,band_35.pdf
35,DFT,0,105,0.87467974,-3.64969996,band_35.pdf
35,DFT,0,106,0.88164197,-3.52930000,band_35.pdf
35,DFT,0,107,0.88860421,-3.55589997,band_35.pdf
35,DFT,0,108,0.90252868,-3.76889997,band_35.pdf
35,DFT,0,109,0.93733987,-4.34079998,band_35.pdf
35,DFT,0,110,0.95126434,-4.53819999,band_35.pdf
35,DFT,0,111,0.95822658,-4.62309998,band_35.pdf
35,DFT,0,112,0.96518881,-4.69709995,band_35.pdf
35,DFT,0,113,0.97215105,-4.75899999,band_35.pdf
35,DFT,0,114,0.97911329,-4.80809998,band_35.pdf
35,DFT,0,115,0.98607553,-4.84369996,band_35.pdf
35,DFT,0,116,0.99303776,-4.86519999,band_35.pdf
35,DFT,0,117,1.00000000,-4.87239998,band_35.pdf
35,DFT,1,0,0.00000000,-8.35509996,band_35.pdf
35,DFT,1,1,0.00804834,-8.33239998,band_35.pdf
35,DFT,1,2,0.01606884,-8.26459996,band_35.pdf
35,DFT,1,3,0.02411719,-8.15209995,band_35.pdf
35,DFT,1,4,0.03216554,-7.99589998,band_35.pdf
35,DFT,1,5,0.04018603,-7.79719995,band_35.pdf
35,DFT,1,6,0.04823438,-7.55779994,band_35.pdf
35,DFT,1,7,0.05628272,-7.27999994,band_35.pdf
35,DFT,1,8,0.06430322,-6.96649994,band_35.pdf
35,DFT,1,9,0.07235157,-6.62059996,band_35.pdf
35,DFT,1,10,0.08039991,-6.24689998,band_35.pdf
35,DFT,1,11,0.09646875,-5.43839996,band_35.pdf
35,DFT,1,12,0.11253760,-4.60179998,band_35.pdf
35,DFT,1,13,0.12058594,-4.20029996,band_35.pdf
35,DFT,1,14,0.12863429,-3.82809997,band_35.pdf
35,DFT,1,15,0.13665478,-3.49959999,band_35.pdf
35,DFT,1,16,0.14470313,-3.65889999,band_35.pdf
35,DFT,1,17,0.16079982,-3.99819999,band_35.pdf
35,DFT,1,18,0.16882032,-4.15329996,band_35.pdf
35,DFT,1,19,0.17686866,-4.29639996,band_35.pdf
35,DFT,1,20,0.18491701,-4.42609996,band_35.pdf
35,DFT,1,21,0.19293751,-4.54110000,band_35.pdf
35,DFT,1,22,0.20098585,-4.64029997,band_35.pdf
35,DFT,1,23,0.20903420,-4.72269999,band_35.pdf
35,DFT,1,24,0.21705470,-4.78700000,band_35.pdf
35,DFT,1,25,0.22510304,-4.83359996,band_35.pdf
35,DFT,1,26,0.23315139,-4.86239999,band_35.pdf
35,DFT,1,27,0.24117188,-4.87199994,band_35.pdf
35,DFT,1,28,0.24685307,-4.86719997,band_35.pdf
35,DFT,1,29,0.25256210,-4.85289999,band_35.pdf
35,DFT,1,30,0.25824329,-4.82859996,band_35.pdf
35,DFT,1,31,0.26392447,-4.79459997,band_35.pdf
35,DFT,1,32,0.26960566,-4.75079995,band_35.pdf
35,DFT,1,33,0.27528684,-4.69739998,band_35.pdf
35,DFT,1,34,0.28096803,-4.63419998,band_35.pdf
35,DFT,1,35,0.28664922,-4.56120000,band_35.pdf
35,DFT,1,36,0.29233040,-4.47859995,band_35.pdf
35,DFT,1,37,0.29801159,-4.38629995,band_35.pdf
35,DFT,1,38,0.30372062,-4.28429998,band_35.pdf
35,DFT,1,39,0.30940180,-4.17270000,band_35.pdf
35,DFT,1,40,0.32076417,-3.92089997,band_35.pdf
35,DFT,1,41,0.33212655,-3.63129996,band_35.pdf
35,DFT,1,42,0.34348892,-3.30520000,band_35.pdf
35,DFT,1,43,0.35487914,-2.94399999,band_35.pdf
35,DFT,1,44,0.36056032,-3.03920001,band_35.pdf
35,DFT,1,45,0.37192269,-3.25089999,band_35.pdf
35,DFT,1,46,0.37760388,-3.34550001,band_35.pdf
35,DFT,1,47,0.38328506,-3.42930000,band_35.pdf
35,DFT,1,48,0.38896625,-3.50019999,band_35.pdf
35,DFT,1,49,0.39467528,-3.55680001,band_35.pdf
35,DFT,1,50,0.40035647,-3.59799999,band_35.pdf
35,DFT,1,51,0.40603765,-3.62289996,band_35.pdf
35,DFT,1,52,0.41740002,-3.63879999,band_35.pdf
35,DFT,1,53,0.42308121,-3.66199996,band_35.pdf
35,DFT,1,54,0.42876239,-3.70289997,band_35.pdf
35,DFT,1,55,0.43444358,-3.76429996,band_35.pdf
35,DFT,1,56,0.44015261,-3.84969995,band_35.pdf
35,DFT,1,57,0.44583380,-3.96289998,band_35.pdf
35,DFT,1,58,0.45151498,-4.10620000,band_35.pdf
35,DFT,1,59,0.45719617,-4.28039998,band_35.pdf
35,DFT,1,60,0.46287735,-4.48379997,band_35.pdf
35,DFT,1,61,0.46855854,-4.71259999,band_35.pdf
35,DFT,1,62,0.47992091,-5.22439997,band_35.pdf
35,DFT,1,63,0.50835468,-6.56629995,band_35.pdf
35,DFT,1,64,0.51971705,-7.04569999,band_35.pdf
35,DFT,1,65,0.52539824,-7.26319993,band_35.pdf
35,DFT,1,66,0.53110727,-7.46369997,band_35.pdf
35,DFT,1,67,0.53678846,-7.64599998,band_35.pdf
35,DFT,1,68,0.54246965,-7.80899996,band_35.pdf
35,DFT,1,69,0.54815083,-7.95199995,band_35.pdf
35,DFT,1,70,0.55383202,-8.07399996,band_35.pdf
35,DFT,1,71,0.55951320,-8.17459996,band_35.pdf
35,DFT,1,72,0.56519439,-8.25329995,band_35.pdf
35,DFT,1,73,0.57087557,-8.30979995,band_35.pdf
35,DFT,1,74,0.57658460,-8.34379994,band_35.pdf
35,DFT,1,75,0.58226579,-8.35509996,band_35.pdf
35,DFT,1,76,0.58922803,-8.33809993,band_35.pdf
35,DFT,1,77,0.59619027,-8.28719993,band_35.pdf
35,DFT,1,78,0.60315250,-8.20269998,band_35.pdf
35,DFT,1,79,0.61011474,-8.08519997,band_35.pdf
35,DFT,1,80,0.61707697,-7.93539997,band_35.pdf
35,DFT,1,81,0.62403921,-7.75429997,band_35.pdf
35,DFT,1,82,0.63100145,-7.54319993,band_35.pdf
35,DFT,1,83,0.63796368,-7.30359995,band_35.pdf
35,DFT,1,84,0.64492592,-7.03709996,band_35.pdf
35,DFT,1,85,0.65188816,-6.74559993,band_35.pdf
35,DFT,1,86,0.65885040,-6.43139999,band_35.pdf
35,DFT,1,87,0.67277487,-5.74579995,band_35.pdf
35,DFT,1,88,0.68669934,-5.00589997,band_35.pdf
35,DFT,1,89,0.70758605,-3.87119997,band_35.pdf
35,DFT,1,90,0.71454829,-3.50980000,band_35.pdf
35,DFT,1,91,0.72151053,-3.48439998,band_35.pdf
35,DFT,1,92,0.72847276,-3.51169997,band_35.pdf
35,DFT,1,93,0.73543500,-3.52880000,band_35.pdf
35,DFT,1,94,0.74239724,-3.53749998,band_35.pdf
35,DFT,1,95,0.74935947,-3.53720000,band_35.pdf
35,DFT,1,96,0.75632171,-3.52719995,band_35.pdf
35,DFT,1,97,0.76328395,-3.50879996,band_35.pdf
35,DFT,1,98,0.77720842,-3.45099999,band_35.pdf
35,DFT,1,99,0.81201961,-3.26869998,band_35.pdf
35,DFT,1,100,0.81898184,-3.23629998,band_35.pdf
35,DFT,1,101,0.82594408,-3.21080001,band_35.pdf
35,DFT,1,102,0.83290632,-3.19450000,band_35.pdf
35,DFT,1,103,0.83986855,-3.18939999,band_35.pdf
35,DFT,1,104,0.84683079,-3.19749996,band_35.pdf
35,DFT,1,105,0.85379303,-3.21999998,band_35.pdf
35,DFT,1,106,0.86075526,-3.25799997,band_35.pdf
35,DFT,1,107,0.86771750,-3.31140001,band_35.pdf
35,DFT,1,108,0.87467974,-3.37950000,band_35.pdf
35,DFT,1,109,0.88860421,-3.53389995,band_35.pdf
35,DFT,1,110,0.90252868,-3.75329998,band_35.pdf
35,DFT,1,111,0.93733987,-4.33599995,band_35.pdf
35,DFT,1,112,0.94430211,-4.43999995,band_35.pdf
35,DFT,1,113,0.95126434,-4.53559995,band_35.pdf
35,DFT,1,114,0.95822658,-4.62129997,band_35.pdf
35,DFT,1,115,0.96518881,-4.69579999,band_35.pdf
35,DFT,1,116,0.97215105,-4.75819997,band_35.pdf
35,DFT,1,117,0.97911329,-4.80749998,band_35.pdf
35,DFT,1,118,0.98607553,-4.84319997,band_35.pdf
35,DFT,1,119,0.99303776,-4.86479995,band_35.pdf
35,DFT,1,120,1.00000000,-4.87199994,band_35.pdf
35,DFT,2,0,0.00000000,-2.53119996,band_35.pdf
35,DFT,2,1,0.01606884,-2.52199999,band_35.pdf
35,DFT,2,2,0.05628272,-2.48559998,band_35.pdf
35,DFT,2,3,0.06430322,-2.46929997,band_35.pdf
35,DFT,2,4,0.07235157,-2.44599999,band_35.pdf
35,DFT,2,5,0.08039991,-2.41519999,band_35.pdf
35,DFT,2,6,0.08842041,-2.39800000,band_35.pdf
35,DFT,2,7,0.09646875,-2.54969997,band_35.pdf
35,DFT,2,8,0.11253760,-2.91680001,band_35.pdf
35,DFT,2,9,0.13665478,-3.47819997,band_35.pdf
35,DFT,2,10,0.14470313,-3.22810000,band_35.pdf
35,DFT,2,11,0.15275148,-3.02049998,band_35.pdf
35,DFT,2,12,0.16079982,-2.87829996,band_35.pdf
35,DFT,2,13,0.16882032,-2.79579998,band_35.pdf
35,DFT,2,14,0.17686866,-2.76240000,band_35.pdf
35,DFT,2,15,0.18491701,-2.76559998,band_35.pdf
35,DFT,2,16,0.19293751,-2.79359999,band_35.pdf
35,DFT,2,17,0.22510304,-2.95810000,band_35.pdf
35,DFT,2,18,0.23315139,-2.98029999,band_35.pdf
35,DFT,2,19,0.24117188,-2.98830000,band_35.pdf
35,DFT,2,20,0.24685307,-2.98339996,band_35.pdf
35,DFT,2,21,0.25256210,-2.97049995,band_35.pdf
35,DFT,2,22,0.25824329,-2.94889998,band_35.pdf
35,DFT,2,23,0.26392447,-2.91859996,band_35.pdf
35,DFT,2,24,0.26960566,-2.87969999,band_35.pdf
35,DFT,2,25,0.27528684,-2.83219999,band_35.pdf
35,DFT,2,26,0.28096803,-2.77590001,band_35.pdf
35,DFT,2,27,0.29233040,-2.64400001,band_35.pdf
35,DFT,2,28,0.29801159,-2.58949998,band_35.pdf
35,DFT,2,29,0.30372062,-2.54259998,band_35.pdf
35,DFT,2,30,0.30940180,-2.50760001,band_35.pdf
35,DFT,2,31,0.31508299,-2.48899999,band_35.pdf
35,DFT,2,32,0.32076417,-2.49080000,band_35.pdf
35,DFT,2,33,0.32644536,-2.51540000,band_35.pdf
35,DFT,2,34,0.33212655,-2.56350001,band_35.pdf
35,DFT,2,35,0.33780773,-2.63309998,band_35.pdf
35,DFT,2,36,0.34348892,-2.72069996,band_35.pdf
35,DFT,2,37,0.35487914,-2.92879998,band_35.pdf
35,DFT,2,38,0.36056032,-2.98959996,band_35.pdf
35,DFT,2,39,0.36624151,-3.09959995,band_35.pdf
35,DFT,2,40,0.37192269,-3.19790000,band_35.pdf
35,DFT,2,41,0.37760388,-3.28400000,band_35.pdf
35,DFT,2,42,0.38328506,-3.35759998,band_35.pdf
35,DFT,2,43,0.38896625,-3.41829996,band_35.pdf
35,DFT,2,44,0.39467528,-3.46579996,band_35.pdf
35,DFT,2,45,0.40035647,-3.49979995,band_35.pdf
35,DFT,2,46,0.40603765,-3.52029999,band_35.pdf
35,DFT,2,47,0.41171884,-3.52719995,band_35.pdf
35,DFT,2,48,0.42308121,-3.51669996,band_35.pdf
35,DFT,2,49,0.43444358,-3.48570000,band_35.pdf
35,DFT,2,50,0.44583380,-3.43519997,band_35.pdf
35,DFT,2,51,0.45719617,-3.36709998,band_35.pdf
35,DFT,2,52,0.46855854,-3.28389999,band_35.pdf
35,DFT,2,53,0.48562994,-3.13799999,band_35.pdf
35,DFT,2,54,0.53110727,-2.72629996,band_35.pdf
35,DFT,2,55,0.54246965,-2.64369998,band_35.pdf
35,DFT,2,56,0.55383202,-2.57899999,band_35.pdf
35,DFT,2,57,0.55951320,-2.55510000,band_35.pdf
35,DFT,2,58,0.56519439,-2.53830000,band_35.pdf
35,DFT,2,59,0.57087557,-2.53039999,band_35.pdf
35,DFT,2,60,0.59619027,-2.53539999,band_35.pdf
35,DFT,2,61,0.60315250,-2.54869998,band_35.pdf
35,DFT,2,62,0.61011474,-2.56989997,band_35.pdf
35,DFT,2,63,0.61707697,-2.59879996,band_35.pdf
35,DFT,2,64,0.62403921,-2.63569996,band_35.pdf
35,DFT,2,65,0.63100145,-2.68080000,band_35.pdf
35,DFT,2,66,0.63796368,-2.73379999,band_35.pdf
35,DFT,2,67,0.65188816,-2.85999997,band_35.pdf
35,DFT,2,68,0.67277487,-3.07770000,band_35.pdf
35,DFT,2,69,0.68669934,-3.22179999,band_35.pdf
35,DFT,2,70,0.70062382,-3.34899996,band_35.pdf
35,DFT,2,71,0.70758605,-3.40239999,band_35.pdf
35,DFT,2,72,0.71454829,-3.44739996,band_35.pdf
35,DFT,2,73,0.72151053,-3.48159998,band_35.pdf
35,DFT,2,74,0.72847276,-3.50889997,band_35.pdf
35,DFT,2,75,0.73543500,-3.46079996,band_35.pdf
35,DFT,2,76,0.74239724,-3.33449997,band_35.pdf
35,DFT,2,77,0.74935947,-3.24710000,band_35.pdf
35,DFT,2,78,0.75632171,-3.19779999,band_35.pdf
35,DFT,2,79,0.76328395,-3.18319998,band_35.pdf
35,DFT,2,80,0.77024618,-3.19900000,band_35.pdf
35,DFT,2,81,0.77720842,-3.24019998,band_35.pdf
35,DFT,2,82,0.79113290,-3.36759998,band_35.pdf
35,DFT,2,83,0.82594408,-3.18209999,band_35.pdf
35,DFT,2,84,0.83290632,-3.16320000,band_35.pdf
35,DFT,2,85,0.83986855,-3.15619997,band_35.pdf
35,DFT,2,86,0.84683079,-3.16330001,band_35.pdf
35,DFT,2,87,0.85379303,-3.18589997,band_35.pdf
35,DFT,2,88,0.86075526,-3.22489996,band_35.pdf
35,DFT,2,89,0.86771750,-3.28029997,band_35.pdf
35,DFT,2,90,0.87467974,-3.35110001,band_35.pdf
35,DFT,2,91,0.88164197,-3.43540000,band_35.pdf
35,DFT,2,92,0.88860421,-3.37709998,band_35.pdf
35,DFT,2,93,0.89556645,-3.20389999,band_35.pdf
35,DFT,2,94,0.90252868,-3.00659999,band_35.pdf
35,DFT,2,95,0.90949092,-2.78829996,band_35.pdf
35,DFT,2,96,0.92341540,-2.31200001,band_35.pdf
35,DFT,2,97,0.93037763,-2.37199997,band_35.pdf
35,DFT,2,98,0.94430211,-2.57020001,band_35.pdf
35,DFT,2,99,0.95126434,-2.66080001,band_35.pdf
35,DFT,2,100,0.95822658,-2.74290000,band_35.pdf
35,DFT,2,101,0.96518881,-2.81519996,band_35.pdf
35,DFT,2,102,0.97215105,-2.87609996,band_35.pdf
35,DFT,2,103,0.97911329,-2.92460001,band_35.pdf
35,DFT,2,104,0.98607553,-2.95980000,band_35.pdf
35,DFT,2,105,0.99303776,-2.98119996,band_35.pdf
35,DFT,2,106,1.00000000,-2.98830000,band_35.pdf
35,DFT,3,0,0.00000000,-2.50489996,band_35.pdf
35,DFT,3,1,0.04018603,-2.50189999,band_35.pdf
35,DFT,3,2,0.05628272,-2.48549997,band_35.pdf
35,DFT,3,3,0.06430322,-2.46859996,band_35.pdf
35,DFT,3,4,0.07235157,-2.44429999,band_35.pdf
35,DFT,3,5,0.08039991,-2.41140000,band_35.pdf
35,DFT,3,6,0.08842041,-2.36850001,band_35.pdf
35,DFT,3,7,0.09646875,-2.31439997,band_35.pdf
35,DFT,3,8,0.10451710,-2.24820000,band_35.pdf
35,DFT,3,9,0.11253760,-2.16899996,band_35.pdf
35,DFT,3,10,0.12058594,-2.07649999,band_35.pdf
35,DFT,3,11,0.12863429,-1.97050001,band_35.pdf
35,DFT,3,12,0.13665478,-1.85149996,band_35.pdf
35,DFT,3,13,0.14470313,-1.72129996,band_35.pdf
35,DFT,3,14,0.15275148,-1.71809998,band_35.pdf
35,DFT,3,15,0.16882032,-2.11049998,band_35.pdf
35,DFT,3,16,0.17686866,-2.28649997,band_35.pdf
35,DFT,3,17,0.18491701,-2.44550000,band_35.pdf
35,DFT,3,18,0.19293751,-2.58599996,band_35.pdf
35,DFT,3,19,0.20098585,-2.70689998,band_35.pdf
35,DFT,3,20,0.20903420,-2.80709999,band_35.pdf
35,DFT,3,21,0.21705470,-2.88589999,band_35.pdf
35,DFT,3,22,0.22510304,-2.94259996,band_35.pdf
35,DFT,3,23,0.23315139,-2.97669996,band_35.pdf
35,DFT,3,24,0.24117188,-2.98770000,band_35.pdf
35,DFT,3,25,0.24685307,-2.98309999,band_35.pdf
35,DFT,3,26,0.25256210,-2.96749999,band_35.pdf
35,DFT,3,27,0.25824329,-2.94199995,band_35.pdf
35,DFT,3,28,0.26392447,-2.90720000,band_35.pdf
35,DFT,3,29,0.27528684,-2.81440000,band_35.pdf
35,DFT,3,30,0.28664922,-2.70160001,band_35.pdf
35,DFT,3,31,0.29233040,-2.63679995,band_35.pdf
35,DFT,3,32,0.29801159,-2.55439999,band_35.pdf
35,DFT,3,33,0.30372062,-2.46309997,band_35.pdf
35,DFT,3,34,0.31508299,-2.25430000,band_35.pdf
35,DFT,3,35,0.32076417,-2.13760001,band_35.pdf
35,DFT,3,36,0.32644536,-2.13030001,band_35.pdf
35,DFT,3,37,0.33780773,-2.44849996,band_35.pdf
35,DFT,3,38,0.34919795,-2.73780000,band_35.pdf
35,DFT,3,39,0.35487914,-2.86879996,band_35.pdf
35,DFT,3,40,0.36056032,-2.75109998,band_35.pdf
35,DFT,3,41,0.37192269,-2.34459997,band_35.pdf
35,DFT,3,42,0.38896625,-1.70990000,band_35.pdf
35,DFT,3,43,0.39467528,-1.57300001,band_35.pdf
35,DFT,3,44,0.40603765,-1.61789997,band_35.pdf
35,DFT,3,45,0.41171884,-1.62479999,band_35.pdf
35,DFT,3,46,0.42308121,-1.61289997,band_35.pdf
35,DFT,3,47,0.43444358,-1.57829998,band_35.pdf
35,DFT,3,48,0.44583380,-1.52890001,band_35.pdf
35,DFT,3,49,0.45151498,-1.55219999,band_35.pdf
35,DFT,3,50,0.45719617,-1.73740001,band_35.pdf
35,DFT,3,51,0.46287735,-1.95889997,band_35.pdf
35,DFT,3,52,0.46855854,-2.16160001,band_35.pdf
35,DFT,3,53,0.47423972,-2.32810000,band_35.pdf
35,DFT,3,54,0.47992091,-2.45400001,band_35.pdf
35,DFT,3,55,0.48562994,-2.54089998,band_35.pdf
35,DFT,3,56,0.49131113,-2.59399998,band_35.pdf
35,DFT,3,57,0.49699231,-2.62039999,band_35.pdf
35,DFT,3,58,0.50267350,-2.62709999,band_35.pdf
35,DFT,3,59,0.50835468,-2.62039999,band_35.pdf
35,DFT,3,60,0.51971705,-2.58729998,band_35.pdf
35,DFT,3,61,0.53678846,-2.53649999,band_35.pdf
35,DFT,3,62,0.54815083,-2.51699999,band_35.pdf
35,DFT,3,63,0.56519439,-2.50629999,band_35.pdf
35,DFT,3,64,0.59619027,-2.50559997,band_35.pdf
35,DFT,3,65,0.60315250,-2.51899997,band_35.pdf
35,DFT,3,66,0.61011474,-2.54199998,band_35.pdf
35,DFT,3,67,0.61707697,-2.57369996,band_35.pdf
35,DFT,3,68,0.62403921,-2.61380001,band_35.pdf
35,DFT,3,69,0.63100145,-2.66229999,band_35.pdf
35,DFT,3,70,0.64492592,-2.78210001,band_35.pdf
35,DFT,3,71,0.65885040,-2.92439999,band_35.pdf
35,DFT,3,72,0.68669934,-3.22069999,band_35.pdf
35,DFT,3,73,0.70062382,-3.34669996,band_35.pdf
35,DFT,3,74,0.70758605,-3.39979996,band_35.pdf
35,DFT,3,75,0.71454829,-3.44500001,band_35.pdf
35,DFT,3,76,0.72151053,-3.16699999,band_35.pdf
35,DFT,3,77,0.72847276,-2.85199995,band_35.pdf
35,DFT,3,78,0.73543500,-2.57089996,band_35.pdf
35,DFT,3,79,0.74239724,-2.32949997,band_35.pdf
35,DFT,3,80,0.74935947,-2.13250000,band_35.pdf
35,DFT,3,81,0.75632171,-1.98210000,band_35.pdf
35,DFT,3,82,0.76328395,-1.88619997,band_35.pdf
35,DFT,3,83,0.77024618,-1.88479999,band_35.pdf
35,DFT,3,84,0.78417066,-1.86229998,band_35.pdf
35,DFT,3,85,0.79113290,-1.84420002,band_35.pdf
35,DFT,3,86,0.79809513,-1.89359998,band_35.pdf
35,DFT,3,87,0.82594408,-2.14210001,band_35.pdf
35,DFT,3,88,0.83290632,-2.18209999,band_35.pdf
35,DFT,3,89,0.83986855,-2.20329998,band_35.pdf
35,DFT,3,90,0.84683079,-2.20209997,band_35.pdf
35,DFT,3,91,0.85379303,-2.17569996,band_35.pdf
35,DFT,3,92,0.86075526,-2.12200002,band_35.pdf
35,DFT,3,93,0.86771750,-2.03939997,band_35.pdf
35,DFT,3,94,0.87467974,-1.92719999,band_35.pdf
35,DFT,3,95,0.88164197,-1.78629998,band_35.pdf
35,DFT,3,96,0.88860421,-1.81440000,band_35.pdf
35,DFT,3,97,0.89556645,-1.88789997,band_35.pdf
35,DFT,3,98,0.90252868,-1.97260000,band_35.pdf
35,DFT,3,99,0.91645316,-2.16529998,band_35.pdf
35,DFT,3,100,0.94430211,-2.56860001,band_35.pdf
35,DFT,3,101,0.95126434,-2.65960000,band_35.pdf
35,DFT,3,102,0.95822658,-2.74199997,band_35.pdf
35,DFT,3,103,0.96518881,-2.81440000,band_35.pdf
35,DFT,3,104,0.97215105,-2.87540001,band_35.pdf
35,DFT,3,105,0.97911329,-2.92389999,band_35.pdf
35,DFT,3,106,0.98607553,-2.95920000,band_35.pdf
35,DFT,3,107,0.99303776,-2.98059996,band_35.pdf
35,DFT,3,108,1.00000000,-2.98770000,band_35.pdf
35,DFT,4,0,0.00000000,-2.47249996,band_35.pdf
35,DFT,4,1,0.00804834,-2.46939999,band_35.pdf
35,DFT,4,2,0.01606884,-2.45829999,band_35.pdf
35,DFT,4,3,0.02411719,-2.43509996,band_35.pdf
35,DFT,4,4,0.03216554,-2.39800000,band_35.pdf
35,DFT,4,5,0.04018603,-2.34789996,band_35.pdf
35,DFT,4,6,0.04823438,-2.28620000,band_35.pdf
35,DFT,4,7,0.05628272,-2.21379997,band_35.pdf
35,DFT,4,8,0.06430322,-2.13169998,band_35.pdf
35,DFT,4,9,0.07235157,-2.04099996,band_35.pdf
35,DFT,4,10,0.08039991,-2.19690002,band_35.pdf
35,DFT,4,11,0.08842041,-2.33999996,band_35.pdf
35,DFT,4,12,0.09646875,-2.31080000,band_35.pdf
35,DFT,4,13,0.10451710,-2.24639999,band_35.pdf
35,DFT,4,14,0.11253760,-2.16759999,band_35.pdf
35,DFT,4,15,0.12058594,-2.07509996,band_35.pdf
35,DFT,4,16,0.12863429,-1.96880001,band_35.pdf
35,DFT,4,17,0.13665478,-1.84920001,band_35.pdf
35,DFT,4,18,0.14470313,-1.71699998,band_35.pdf
35,DFT,4,19,0.15275148,-1.57329998,band_35.pdf
35,DFT,4,20,0.16882032,-1.25950001,band_35.pdf
35,DFT,4,21,0.19293751,-0.76829997,band_35.pdf
35,DFT,4,22,0.20098585,-0.61689998,band_35.pdf
35,DFT,4,23,0.20903420,-0.48169999,band_35.pdf
35,DFT,4,24,0.21705470,-0.37000000,band_35.pdf
35,DFT,4,25,0.22510304,-0.28989998,band_35.pdf
35,DFT,4,26,0.23315139,-0.24579998,band_35.pdf
35,DFT,4,27,0.24117188,-0.23260001,band_35.pdf
35,DFT,4,28,0.24685307,-0.23969999,band_35.pdf
35,DFT,4,29,0.25256210,-0.26749997,band_35.pdf
35,DFT,4,30,0.25824329,-0.32469999,band_35.pdf
35,DFT,4,31,0.26392447,-0.40899998,band_35.pdf
35,DFT,4,32,0.26960566,-0.51579999,band_35.pdf
35,DFT,4,33,0.27528684,-0.64130002,band_35.pdf
35,DFT,4,34,0.28096803,-0.78220002,band_35.pdf
35,DFT,4,35,0.29233040,-1.09740001,band_35.pdf
35,DFT,4,36,0.30940180,-1.61339996,band_35.pdf
35,DFT,4,37,0.32076417,-1.95860000,band_35.pdf
35,DFT,4,38,0.32644536,-2.00790001,band_35.pdf
35,DFT,4,39,0.33780773,-1.73149998,band_35.pdf
35,DFT,4,40,0.34348892,-1.65049998,band_35.pdf
35,DFT,4,41,0.34919795,-1.64319998,band_35.pdf
35,DFT,4,42,0.35487914,-1.61930000,band_35.pdf
35,DFT,4,43,0.36056032,-1.58300000,band_35.pdf
35,DFT,4,44,0.37760388,-1.45749997,band_35.pdf
35,DFT,4,45,0.38328506,-1.46390000,band_35.pdf
35,DFT,4,46,0.38896625,-1.50829996,band_35.pdf
35,DFT,4,47,0.39467528,-1.48800000,band_35.pdf
35,DFT,4,48,0.40035647,-1.32619997,band_35.pdf
35,DFT,4,49,0.40603765,-1.26440000,band_35.pdf
35,DFT,4,50,0.41171884,-1.25579998,band_35.pdf
35,DFT,4,51,0.42308121,-1.26529998,band_35.pdf
35,DFT,4,52,0.42876239,-1.27800002,band_35.pdf
35,DFT,4,53,0.43444358,-1.29779999,band_35.pdf
35,DFT,4,54,0.44015261,-1.32899998,band_35.pdf
35,DFT,4,55,0.44583380,-1.38420002,band_35.pdf
35,DFT,4,56,0.45151498,-1.45419997,band_35.pdf
35,DFT,4,57,0.45719617,-1.43809999,band_35.pdf
35,DFT,4,58,0.46287735,-1.40899998,band_35.pdf
35,DFT,4,59,0.46855854,-1.39499998,band_35.pdf
35,DFT,4,60,0.47423972,-1.40320002,band_35.pdf
35,DFT,4,61,0.50267350,-1.49080000,band_35.pdf
35,DFT,4,62,0.50835468,-1.59409999,band_35.pdf
35,DFT,4,63,0.51971705,-1.83149997,band_35.pdf
35,DFT,4,64,0.53110727,-2.04140000,band_35.pdf
35,DFT,4,65,0.53678846,-2.13379996,band_35.pdf
35,DFT,4,66,0.54246965,-2.21679999,band_35.pdf
35,DFT,4,67,0.54815083,-2.28960001,band_35.pdf
35,DFT,4,68,0.55383202,-2.35160000,band_35.pdf
35,DFT,4,69,0.55951320,-2.40190000,band_35.pdf
35,DFT,4,70,0.56519439,-2.43909997,band_35.pdf
35,DFT,4,71,0.57087557,-2.46170000,band_35.pdf
35,DFT,4,72,0.57658460,-2.47070000,band_35.pdf
35,DFT,4,73,0.58922803,-2.46999999,band_35.pdf
35,DFT,4,74,0.59619027,-2.45099999,band_35.pdf
35,DFT,4,75,0.60315250,-2.40470000,band_35.pdf
35,DFT,4,76,0.61011474,-2.33490001,band_35.pdf
35,DFT,4,77,0.61707697,-2.24380001,band_35.pdf
35,DFT,4,78,0.62403921,-2.13250000,band_35.pdf
35,DFT,4,79,0.63100145,-2.00159999,band_35.pdf
35,DFT,4,80,0.63796368,-1.85140001,band_35.pdf
35,DFT,4,81,0.64492592,-1.68279997,band_35.pdf
35,DFT,4,82,0.65188816,-1.49860000,band_35.pdf
35,DFT,4,83,0.65885040,-1.38180000,band_35.pdf
35,DFT,4,84,0.67973711,-1.34959997,band_35.pdf
35,DFT,4,85,0.68669934,-1.35929999,band_35.pdf
35,DFT,4,86,0.69366158,-1.41289998,band_35.pdf
35,DFT,4,87,0.71454829,-1.63489999,band_35.pdf
35,DFT,4,88,0.72151053,-1.69809999,band_35.pdf
35,DFT,4,89,0.72847276,-1.75269998,band_35.pdf
35,DFT,4,90,0.73543500,-1.79809999,band_35.pdf
35,DFT,4,91,0.74239724,-1.83379998,band_35.pdf
35,DFT,4,92,0.74935947,-1.85999997,band_35.pdf
35,DFT,4,93,0.75632171,-1.87679998,band_35.pdf
35,DFT,4,94,0.77024618,-1.88220002,band_35.pdf
35,DFT,4,95,0.77720842,-1.87389996,band_35.pdf
35,DFT,4,96,0.79113290,-1.83809996,band_35.pdf
35,DFT,4,97,0.79809513,-1.81749997,band_35.pdf
35,DFT,4,98,0.83290632,-1.67920001,band_35.pdf
35,DFT,4,99,0.83986855,-1.65979996,band_35.pdf
35,DFT,4,100,0.84683079,-1.64769998,band_35.pdf
35,DFT,4,101,0.85379303,-1.64439999,band_35.pdf
35,DFT,4,102,0.86075526,-1.65219999,band_35.pdf
35,DFT,4,103,0.86771750,-1.67219997,band_35.pdf
35,DFT,4,104,0.87467974,-1.70559996,band_35.pdf
35,DFT,4,105,0.88860421,-1.80249998,band_35.pdf
35,DFT,4,106,0.89556645,-1.87749999,band_35.pdf
35,DFT,4,107,0.90252868,-1.96359999,band_35.pdf
35,DFT,4,108,0.92341540,-2.25179997,band_35.pdf
35,DFT,4,109,0.93037763,-2.03640001,band_35.pdf
35,DFT,4,110,0.95126434,-1.24660001,band_35.pdf
35,DFT,4,111,0.95822658,-1.00149998,band_35.pdf
35,DFT,4,112,0.96518881,-0.77750000,band_35.pdf
35,DFT,4,113,0.97215105,-0.58190000,band_35.pdf
35,DFT,4,114,0.97911329,-0.42229997,band_35.pdf
35,DFT,4,115,0.98607553,-0.30679999,band_35.pdf
35,DFT,4,116,0.99303776,-0.24610002,band_35.pdf
35,DFT,4,117,1.00000000,-0.23260001,band_35.pdf
35,DFT,5,0,0.00000000,-1.30630000,band_35.pdf
35,DFT,5,1,0.00804834,-1.31470000,band_35.pdf
35,DFT,5,2,0.01606884,-1.34330001,band_35.pdf
35,DFT,5,3,0.02411719,-1.39109998,band_35.pdf
35,DFT,5,4,0.03216554,-1.45759998,band_35.pdf
35,DFT,5,5,0.04018603,-1.54209999,band_35.pdf
35,DFT,5,6,0.04823438,-1.64379999,band_35.pdf
35,DFT,5,7,0.05628272,-1.76169998,band_35.pdf
35,DFT,5,8,0.06430322,-1.89440000,band_35.pdf
35,DFT,5,9,0.07235157,-2.04030001,band_35.pdf
35,DFT,5,10,0.08842041,-1.83769998,band_35.pdf
35,DFT,5,11,0.10451710,-1.61260000,band_35.pdf
35,DFT,5,12,0.12863429,-1.26359998,band_35.pdf
35,DFT,5,13,0.13665478,-1.28190002,band_35.pdf
35,DFT,5,14,0.14470313,-1.49439997,band_35.pdf
35,DFT,5,15,0.15275148,-1.56929997,band_35.pdf
35,DFT,5,16,0.16079982,-1.41959998,band_35.pdf
35,DFT,5,17,0.18491701,-0.92800001,band_35.pdf
35,DFT,5,18,0.19293751,-0.76619998,band_35.pdf
35,DFT,5,19,0.20098585,-0.61359998,band_35.pdf
35,DFT,5,20,0.20903420,-0.47640002,band_35.pdf
35,DFT,5,21,0.21705470,-0.36079997,band_35.pdf
35,DFT,5,22,0.22510304,-0.27290001,band_35.pdf
35,DFT,5,23,0.23315139,-0.21779998,band_35.pdf
35,DFT,5,24,0.24117188,-0.19900000,band_35.pdf
35,DFT,5,25,0.24685307,-0.20839999,band_35.pdf
35,DFT,5,26,0.25256210,-0.23660002,band_35.pdf
35,DFT,5,27,0.25824329,-0.28290001,band_35.pdf
35,DFT,5,28,0.26392447,-0.34680003,band_35.pdf
35,DFT,5,29,0.26960566,-0.42689998,band_35.pdf
35,DFT,5,30,0.27528684,-0.52170002,band_35.pdf
35,DFT,5,31,0.28096803,-0.62909997,band_35.pdf
35,DFT,5,32,0.29233040,-0.87129999,band_35.pdf
35,DFT,5,33,0.30940180,-1.25019998,band_35.pdf
35,DFT,5,34,0.31508299,-1.36340001,band_35.pdf
35,DFT,5,35,0.32076417,-1.46240001,band_35.pdf
35,DFT,5,36,0.32644536,-1.54280000,band_35.pdf
35,DFT,5,37,0.33212655,-1.60160002,band_35.pdf
35,DFT,5,38,0.33780773,-1.63730001,band_35.pdf
35,DFT,5,39,0.34348892,-1.58030001,band_35.pdf
35,DFT,5,40,0.35487914,-1.25359998,band_35.pdf
35,DFT,5,41,0.36056032,-1.07919998,band_35.pdf
35,DFT,5,42,0.36624151,-1.13949997,band_35.pdf
35,DFT,5,43,0.37192269,-1.24200000,band_35.pdf
35,DFT,5,44,0.37760388,-1.32100002,band_35.pdf
35,DFT,5,45,0.38328506,-1.34560002,band_35.pdf
35,DFT,5,46,0.38896625,-1.32079999,band_35.pdf
35,DFT,5,47,0.40035647,-1.25249998,band_35.pdf
35,DFT,5,48,0.40603765,-1.16359998,band_35.pdf
35,DFT,5,49,0.41171884,-1.11470001,band_35.pdf
35,DFT,5,50,0.42876239,-1.12350000,band_35.pdf
35,DFT,5,51,0.44015261,-1.13970000,band_35.pdf
35,DFT,5,52,0.44583380,-1.15359999,band_35.pdf
35,DFT,5,53,0.45151498,-1.18390000,band_35.pdf
35,DFT,5,54,0.45719617,-1.23770001,band_35.pdf
35,DFT,5,55,0.46287735,-1.27039998,band_35.pdf
35,DFT,5,56,0.46855854,-1.27099999,band_35.pdf
35,DFT,5,57,0.47992091,-1.21080001,band_35.pdf
35,DFT,5,58,0.49131113,-1.22279998,band_35.pdf
35,DFT,5,59,0.49699231,-1.33799998,band_35.pdf
35,DFT,5,60,0.50267350,-1.46769998,band_35.pdf
35,DFT,5,61,0.50835468,-1.49849999,band_35.pdf
35,DFT,5,62,0.51971705,-1.49629999,band_35.pdf
35,DFT,5,63,0.53110727,-1.47020001,band_35.pdf
35,DFT,5,64,0.54246965,-1.42600001,band_35.pdf
35,DFT,5,65,0.55951320,-1.35299997,band_35.pdf
35,DFT,5,66,0.57087557,-1.31870001,band_35.pdf
35,DFT,5,67,0.58226579,-1.30630000,band_35.pdf
35,DFT,5,68,0.59619027,-1.31480001,band_35.pdf
35,DFT,5,69,0.61707697,-1.35029998,band_35.pdf
35,DFT,5,70,0.63100145,-1.37340000,band_35.pdf
35,DFT,5,71,0.64492592,-1.38300001,band_35.pdf
35,DFT,5,72,0.65188816,-1.37989998,band_35.pdf
35,DFT,5,73,0.65885040,-1.35050000,band_35.pdf
35,DFT,5,74,0.67973711,-1.30300000,band_35.pdf
35,DFT,5,75,0.68669934,-1.31519999,band_35.pdf
35,DFT,5,76,0.69366158,-1.39219998,band_35.pdf
35,DFT,5,77,0.70758605,-1.55709998,band_35.pdf
35,DFT,5,78,0.71454829,-1.62979998,band_35.pdf
35,DFT,5,79,0.72151053,-1.69420000,band_35.pdf
35,DFT,5,80,0.72847276,-1.74960000,band_35.pdf
35,DFT,5,81,0.73543500,-1.79529999,band_35.pdf
35,DFT,5,82,0.74239724,-1.83139996,band_35.pdf
35,DFT,5,83,0.74935947,-1.85769997,band_35.pdf
35,DFT,5,84,0.75632171,-1.87469999,band_35.pdf
35,DFT,5,85,0.76328395,-1.87609996,band_35.pdf
35,DFT,5,86,0.77024618,-1.81629996,band_35.pdf
35,DFT,5,87,0.77720842,-1.79380001,band_35.pdf
35,DFT,5,88,0.78417066,-1.80409997,band_35.pdf
35,DFT,5,89,0.79113290,-1.83759997,band_35.pdf
35,DFT,5,90,0.80505737,-1.78359999,band_35.pdf
35,DFT,5,91,0.83290632,-1.66719998,band_35.pdf
35,DFT,5,92,0.83986855,-1.64659999,band_35.pdf
35,DFT,5,93,0.84683079,-1.63349996,band_35.pdf
35,DFT,5,94,0.85379303,-1.62959996,band_35.pdf
35,DFT,5,95,0.86075526,-1.63709999,band_35.pdf
35,DFT,5,96,0.86771750,-1.65729999,band_35.pdf
35,DFT,5,97,0.87467974,-1.69119997,band_35.pdf
35,DFT,5,98,0.88164197,-1.73910001,band_35.pdf
35,DFT,5,99,0.88860421,-1.61239998,band_35.pdf
35,DFT,5,100,0.89556645,-1.41210001,band_35.pdf
35,DFT,5,101,0.90252868,-1.18529997,band_35.pdf
35,DFT,5,102,0.91645316,-0.70100001,band_35.pdf
35,DFT,5,103,0.92341540,-0.60660001,band_35.pdf
35,DFT,5,104,0.93733987,-0.49380002,band_35.pdf
35,DFT,5,105,0.95126434,-0.39360001,band_35.pdf
35,DFT,5,106,0.96518881,-0.31069999,band_35.pdf
35,DFT,5,107,0.97911329,-0.25060002,band_35.pdf
35,DFT,5,108,0.99303776,-0.20939998,band_35.pdf
35,DFT,5,109,1.00000000,-0.19900000,band_35.pdf
35,DFT,6,0,0.00000000,-1.29910001,band_35.pdf
35,DFT,6,1,0.00804834,-1.29649997,band_35.pdf
35,DFT,6,2,0.01606884,-1.28549999,band_35.pdf
35,DFT,6,3,0.02411719,-1.26680002,band_35.pdf
35,DFT,6,4,0.03216554,-1.24100001,band_35.pdf
35,DFT,6,5,0.04823438,-1.16929999,band_35.pdf
35,DFT,6,6,0.05628272,-1.12360001,band_35.pdf
35,DFT,6,7,0.06430322,-1.07050001,band_35.pdf
35,DFT,6,8,0.07235157,-1.00829999,band_35.pdf
35,DFT,6,9,0.08039991,-0.93379997,band_35.pdf
35,DFT,6,10,0.08842041,-0.84169999,band_35.pdf
35,DFT,6,11,0.09646875,-0.72379999,band_35.pdf
35,DFT,6,12,0.10451710,-0.56889999,band_35.pdf
35,DFT,6,13,0.11253760,-0.54589998,band_35.pdf
35,DFT,6,14,0.12863429,-1.01669999,band_35.pdf
35,DFT,6,15,0.13665478,-1.11279999,band_35.pdf
35,DFT,6,16,0.15275148,-0.89620002,band_35.pdf
35,DFT,6,17,0.16882032,-0.68470000,band_35.pdf
35,DFT,6,18,0.17686866,-0.58870001,band_35.pdf
35,DFT,6,19,0.18491701,-0.50090001,band_35.pdf
35,DFT,6,20,0.19293751,-0.42210001,band_35.pdf
35,DFT,6,21,0.20098585,-0.35330000,band_35.pdf
35,DFT,6,22,0.20903420,-0.29480002,band_35.pdf
35,DFT,6,23,0.21705470,-0.24610002,band_35.pdf
35,DFT,6,24,0.22510304,-0.20599997,band_35.pdf
35,DFT,6,25,0.23315139,-0.17539999,band_35.pdf
35,DFT,6,26,0.24117188,-0.16320000,band_35.pdf
35,DFT,6,27,0.26392447,-0.18170000,band_35.pdf
35,DFT,6,28,0.28096803,-0.16340002,band_35.pdf
35,DFT,6,29,0.30372062,-0.12140001,band_35.pdf
35,DFT,6,30,0.32644536,-0.06950002,band_35.pdf
35,DFT,6,31,0.33780773,-0.42469999,band_35.pdf
35,DFT,6,32,0.34919795,-0.74580001,band_35.pdf
35,DFT,6,33,0.35487914,-0.88969998,band_35.pdf
35,DFT,6,34,0.36056032,-1.02140002,band_35.pdf
35,DFT,6,35,0.36624151,-0.89840001,band_35.pdf
35,DFT,6,36,0.39467528,0.02910000,band_35.pdf
35,DFT,6,37,0.40035647,0.05359999,band_35.pdf
35,DFT,6,38,0.41171884,0.05710001,band_35.pdf
35,DFT,6,39,0.41740002,0.04849999,band_35.pdf
35,DFT,6,40,0.42308121,0.02240000,band_35.pdf
35,DFT,6,41,0.42876239,-0.12300000,band_35.pdf
35,DFT,6,42,0.43444358,-0.38039997,band_35.pdf
35,DFT,6,43,0.44583380,-0.91659999,band_35.pdf
35,DFT,6,44,0.45151498,-1.08929999,band_35.pdf
35,DFT,6,45,0.45719617,-1.14179998,band_35.pdf
35,DFT,6,46,0.46855854,-1.17290002,band_35.pdf
35,DFT,6,47,0.47423972,-1.18280000,band_35.pdf
35,DFT,6,48,0.47992091,-1.17599999,band_35.pdf
35,DFT,6,49,0.48562994,-1.12760002,band_35.pdf
35,DFT,6,50,0.49131113,-1.20640001,band_35.pdf
35,DFT,6,51,0.49699231,-1.23229998,band_35.pdf
35,DFT,6,52,0.52539824,-1.27139997,band_35.pdf
35,DFT,6,53,0.54815083,-1.28979997,band_35.pdf
35,DFT,6,54,0.57658460,-1.29889998,band_35.pdf
35,DFT,6,55,0.58922803,-1.30130000,band_35.pdf
35,DFT,6,56,0.60315250,-1.31650001,band_35.pdf
35,DFT,6,57,0.63100145,-1.35400002,band_35.pdf
35,DFT,6,58,0.64492592,-1.35539999,band_35.pdf
35,DFT,6,59,0.65188816,-1.34770000,band_35.pdf
35,DFT,6,60,0.65885040,-1.27280000,band_35.pdf
35,DFT,6,61,0.66581263,-1.07149999,band_35.pdf
35,DFT,6,62,0.67277487,-1.09809997,band_35.pdf
35,DFT,6,63,0.67973711,-1.18969996,band_35.pdf
35,DFT,6,64,0.68669934,-1.25749998,band_35.pdf
35,DFT,6,65,0.69366158,-1.26419998,band_35.pdf
35,DFT,6,66,0.70758605,-1.23420000,band_35.pdf
35,DFT,6,67,0.73543500,-1.16040000,band_35.pdf
35,DFT,6,68,0.75632171,-1.11960000,band_35.pdf
35,DFT,6,69,0.77720842,-1.09560000,band_35.pdf
35,DFT,6,70,0.79113290,-1.08850002,band_35.pdf
35,DFT,6,71,0.83986855,-1.10159999,band_35.pdf
35,DFT,6,72,0.85379303,-1.07600000,band_35.pdf
35,DFT,6,73,0.86075526,-1.05310000,band_35.pdf
35,DFT,6,74,0.86771750,-1.02259997,band_35.pdf
35,DFT,6,75,0.88164197,-0.94059998,band_35.pdf
35,DFT,6,76,0.89556645,-0.83489998,band_35.pdf
35,DFT,6,77,0.94430211,-0.42030000,band_35.pdf
35,DFT,6,78,0.95822658,-0.31970000,band_35.pdf
35,DFT,6,79,0.97215105,-0.24200000,band_35.pdf
35,DFT,6,80,0.98607553,-0.19039998,band_35.pdf
35,DFT,6,81,0.99303776,-0.17259999,band_35.pdf
35,DFT,6,82,1.00000000,-0.16320000,band_35.pdf
35,DFT,7,0,0.00000000,-0.38360002,band_35.pdf
35,DFT,7,1,0.03216554,-0.37750002,band_35.pdf
35,DFT,7,2,0.04823438,-0.38379998,band_35.pdf
35,DFT,7,3,0.06430322,-0.37429998,band_35.pdf
35,DFT,7,4,0.07235157,-0.35879999,band_35.pdf
35,DFT,7,5,0.08039991,-0.33370000,band_35.pdf
35,DFT,7,6,0.08842041,-0.29750001,band_35.pdf
35,DFT,7,7,0.09646875,-0.25000001,band_35.pdf
35,DFT,7,8,0.11253760,-0.36410002,band_35.pdf
35,DFT,7,9,0.12058594,-0.10570001,band_35.pdf
35,DFT,7,10,0.12863429,0.09089998,band_35.pdf
35,DFT,7,11,0.13665478,0.22870001,band_35.pdf
35,DFT,7,12,0.14470313,0.37659998,band_35.pdf
35,DFT,7,13,0.15275148,0.53879999,band_35.pdf
35,DFT,7,14,0.16079982,0.71469998,band_35.pdf
35,DFT,7,15,0.17686866,1.09860002,band_35.pdf
35,DFT,7,16,0.20098585,1.69349998,band_35.pdf
35,DFT,7,17,0.20903420,1.87079999,band_35.pdf
35,DFT,7,18,0.21705470,2.02219998,band_35.pdf
35,DFT,7,19,0.22510304,2.13519999,band_35.pdf
35,DFT,7,20,0.23315139,2.19850001,band_35.pdf
35,DFT,7,21,0.24117188,2.21649996,band_35.pdf
35,DFT,7,22,0.24685307,2.20690001,band_35.pdf
35,DFT,7,23,0.25256210,2.16770000,band_35.pdf
35,DFT,7,24,0.25824329,2.09000000,band_35.pdf
35,DFT,7,25,0.26392447,1.97940001,band_35.pdf
35,DFT,7,26,0.26960566,1.84240000,band_35.pdf
35,DFT,7,27,0.27528684,1.68430001,band_35.pdf
35,DFT,7,28,0.28664922,1.32289998,band_35.pdf
35,DFT,7,29,0.30372062,0.72419998,band_35.pdf
35,DFT,7,30,0.32076417,0.12470001,band_35.pdf
35,DFT,7,31,0.32644536,-0.06600000,band_35.pdf
35,DFT,7,32,0.34348892,-0.03030001,band_35.pdf
35,DFT,7,33,0.37192269,0.02499998,band_35.pdf
35,DFT,7,34,0.39467528,0.06009997,band_35.pdf
35,DFT,7,35,0.40035647,0.19549999,band_35.pdf
35,DFT,7,36,0.40603765,0.30750001,band_35.pdf
35,DFT,7,37,0.41171884,0.27470003,band_35.pdf
35,DFT,7,38,0.41740002,0.22629999,band_35.pdf
35,DFT,7,39,0.42308121,0.08749997,band_35.pdf
35,DFT,7,40,0.42876239,-0.02159998,band_35.pdf
35,DFT,7,41,0.43444358,-0.08970003,band_35.pdf
35,DFT,7,42,0.44015261,-0.21339999,band_35.pdf
35,DFT,7,43,0.44583380,-0.36369998,band_35.pdf
35,DFT,7,44,0.45151498,-0.50179998,band_35.pdf
35,DFT,7,45,0.45719617,-0.61620002,band_35.pdf
35,DFT,7,46,0.46287735,-0.70419999,band_35.pdf
35,DFT,7,47,0.47423972,-0.83819997,band_35.pdf
35,DFT,7,48,0.47992091,-0.94779998,band_35.pdf
35,DFT,7,49,0.48562994,-1.07500001,band_35.pdf
35,DFT,7,50,0.49131113,-1.06830001,band_35.pdf
35,DFT,7,51,0.53110727,-0.63440000,band_35.pdf
35,DFT,7,52,0.54246965,-0.53230002,band_35.pdf
35,DFT,7,53,0.55383202,-0.45120001,band_35.pdf
35,DFT,7,54,0.55951320,-0.42040001,band_35.pdf
35,DFT,7,55,0.56519439,-0.39779998,band_35.pdf
35,DFT,7,56,0.57087557,-0.38520001,band_35.pdf
35,DFT,7,57,0.58226579,-0.38360002,band_35.pdf
35,DFT,7,58,0.58922803,-0.38400000,band_35.pdf
35,DFT,7,59,0.59619027,-0.39250001,band_35.pdf
35,DFT,7,60,0.60315250,-0.41150001,band_35.pdf
35,DFT,7,61,0.61011474,-0.44010002,band_35.pdf
35,DFT,7,62,0.61707697,-0.47819997,band_35.pdf
35,DFT,7,63,0.62403921,-0.52610001,band_35.pdf
35,DFT,7,64,0.63100145,-0.58389998,band_35.pdf
35,DFT,7,65,0.63796368,-0.65130001,band_35.pdf
35,DFT,7,66,0.65188816,-0.81120001,band_35.pdf
35,DFT,7,67,0.67973711,-1.17189997,band_35.pdf
35,DFT,7,68,0.68669934,-1.23380002,band_35.pdf
35,DFT,7,69,0.69366158,-1.23889996,band_35.pdf
35,DFT,7,70,0.71454829,-1.18259998,band_35.pdf
35,DFT,7,71,0.73543500,-1.13080000,band_35.pdf
35,DFT,7,72,0.74935947,-1.10630001,band_35.pdf
35,DFT,7,73,0.76328395,-1.09099999,band_35.pdf
35,DFT,7,74,0.78417066,-1.08510001,band_35.pdf
35,DFT,7,75,0.80505737,-1.08319999,band_35.pdf
35,DFT,7,76,0.83290632,-1.07189998,band_35.pdf
35,DFT,7,77,0.84683079,-1.05260001,band_35.pdf
35,DFT,7,78,0.86075526,-1.01470002,band_35.pdf
35,DFT,7,79,0.87467974,-0.95380002,band_35.pdf
35,DFT,7,80,0.88860421,-0.87069998,band_35.pdf
35,DFT,7,81,0.90252868,-0.77009998,band_35.pdf
35,DFT,7,82,0.90949092,-0.70940001,band_35.pdf
35,DFT,7,83,0.91645316,-0.60720002,band_35.pdf
35,DFT,7,84,0.92341540,-0.34680003,band_35.pdf
35,DFT,7,85,0.93733987,0.27500000,band_35.pdf
35,DFT,7,86,0.95126434,0.91209999,band_35.pdf
35,DFT,7,87,0.95822658,1.21650002,band_35.pdf
35,DFT,7,88,0.96518881,1.49920000,band_35.pdf
35,DFT,7,89,0.97215105,1.74999999,band_35.pdf
35,DFT,7,90,0.97911329,1.95829996,band_35.pdf
35,DFT,7,91,0.98607553,2.11250002,band_35.pdf
35,DFT,7,92,0.99303776,2.19759997,band_35.pdf
35,DFT,7,93,1.00000000,2.21649996,band_35.pdf
35,DFT,8,0,0.00000000,-0.36240002,band_35.pdf
35,DFT,8,1,0.02411719,-0.37170000,band_35.pdf
35,DFT,8,2,0.04823438,-0.38140002,band_35.pdf
35,DFT,8,3,0.06430322,-0.37049999,band_35.pdf
35,DFT,8,4,0.07235157,-0.35440000,band_35.pdf
35,DFT,8,5,0.08039991,-0.32870000,band_35.pdf
35,DFT,8,6,0.08842041,-0.29149997,band_35.pdf
35,DFT,8,7,0.09646875,-0.24110002,band_35.pdf
35,DFT,8,8,0.10451710,-0.17759998,band_35.pdf
35,DFT,8,9,0.11253760,-0.10170000,band_35.pdf
35,DFT,8,10,0.12058594,-0.00670000,band_35.pdf
35,DFT,8,11,0.12863429,0.10549998,band_35.pdf
35,DFT,8,12,0.13665478,0.23459998,band_35.pdf
35,DFT,8,13,0.14470313,0.38020001,band_35.pdf
35,DFT,8,14,0.15275148,0.54160000,band_35.pdf
35,DFT,8,15,0.16079982,0.71709999,band_35.pdf
35,DFT,8,16,0.17686866,1.10109999,band_35.pdf
35,DFT,8,17,0.20098585,1.69729997,band_35.pdf
35,DFT,8,18,0.20903420,1.87609996,band_35.pdf
35,DFT,8,19,0.21705470,2.03039996,band_35.pdf
35,DFT,8,20,0.22510304,2.15029999,band_35.pdf
35,DFT,8,21,0.23315139,2.22659996,band_35.pdf
35,DFT,8,22,0.24117188,2.25289997,band_35.pdf
35,DFT,8,23,0.24685307,2.23969999,band_35.pdf
35,DFT,8,24,0.25256210,2.20039997,band_35.pdf
35,DFT,8,25,0.25824329,2.13590001,band_35.pdf
35,DFT,8,26,0.26392447,2.04779997,band_35.pdf
35,DFT,8,27,0.26960566,1.93839999,band_35.pdf
35,DFT,8,28,0.27528684,1.81069996,band_35.pdf
35,DFT,8,29,0.28664922,1.51619997,band_35.pdf
35,DFT,8,30,0.30372062,1.05509997,band_35.pdf
35,DFT,8,31,0.30940180,0.92109999,band_35.pdf
35,DFT,8,32,0.31508299,0.80799997,band_35.pdf
35,DFT,8,33,0.32076417,0.72149999,band_35.pdf
35,DFT,8,34,0.32644536,0.66559999,band_35.pdf
35,DFT,8,35,0.33212655,0.64180001,band_35.pdf
35,DFT,8,36,0.33780773,0.64879998,band_35.pdf
35,DFT,8,37,0.34348892,0.68310000,band_35.pdf
35,DFT,8,38,0.34919795,0.73979997,band_35.pdf
35,DFT,8,39,0.35487914,0.81309998,band_35.pdf
35,DFT,8,40,0.36624151,0.98710000,band_35.pdf
35,DFT,8,41,0.37760388,1.16479999,band_35.pdf
35,DFT,8,42,0.38328506,1.24480000,band_35.pdf
35,DFT,8,43,0.39467528,0.72209999,band_35.pdf
35,DFT,8,44,0.40035647,0.49710002,band_35.pdf
35,DFT,8,45,0.40603765,0.33560002,band_35.pdf
35,DFT,8,46,0.41171884,0.34960003,band_35.pdf
35,DFT,8,47,0.41740002,0.32110003,band_35.pdf
35,DFT,8,48,0.42308121,0.23940002,band_35.pdf
35,DFT,8,49,0.42876239,0.11719998,band_35.pdf
35,DFT,8,50,0.43444358,-0.02229999,band_35.pdf
35,DFT,8,51,0.44015261,-0.13080000,band_35.pdf
35,DFT,8,52,0.45151498,-0.31909999,band_35.pdf
35,DFT,8,53,0.46287735,-0.53780001,band_35.pdf
35,DFT,8,54,0.46855854,-0.65070001,band_35.pdf
35,DFT,8,55,0.47423972,-0.73780000,band_35.pdf
35,DFT,8,56,0.47992091,-0.76490002,band_35.pdf
35,DFT,8,57,0.48562994,-0.75740000,band_35.pdf
35,DFT,8,58,0.49131113,-0.73230001,band_35.pdf
35,DFT,8,59,0.50267350,-0.65420002,band_35.pdf
35,DFT,8,60,0.51971705,-0.52419999,band_35.pdf
35,DFT,8,61,0.53110727,-0.45580003,band_35.pdf
35,DFT,8,62,0.54246965,-0.40920000,band_35.pdf
35,DFT,8,63,0.55383202,-0.38209997,band_35.pdf
35,DFT,8,64,0.56519439,-0.36840000,band_35.pdf
35,DFT,8,65,0.58226579,-0.36240002,band_35.pdf
35,DFT,8,66,0.59619027,-0.36599999,band_35.pdf
35,DFT,8,67,0.60315250,-0.38470001,band_35.pdf
35,DFT,8,68,0.61011474,-0.41440002,band_35.pdf
35,DFT,8,69,0.61707697,-0.45450001,band_35.pdf
35,DFT,8,70,0.62403921,-0.50469999,band_35.pdf
35,DFT,8,71,0.63100145,-0.56520001,band_35.pdf
35,DFT,8,72,0.63796368,-0.63529997,band_35.pdf
35,DFT,8,73,0.65188816,-0.80019997,band_35.pdf
35,DFT,8,74,0.65885040,-0.89100000,band_35.pdf
35,DFT,8,75,0.66581263,-0.97050001,band_35.pdf
35,DFT,8,76,0.67277487,-0.79550001,band_35.pdf
35,DFT,8,77,0.67973711,-0.52900002,band_35.pdf
35,DFT,8,78,0.68669934,-0.23619997,band_35.pdf
35,DFT,8,79,0.69366158,0.08340001,band_35.pdf
35,DFT,8,80,0.70062382,0.43230002,band_35.pdf
35,DFT,8,81,0.70758605,0.81350002,band_35.pdf
35,DFT,8,82,0.72151053,1.66070000,band_35.pdf
35,DFT,8,83,0.72847276,1.70969998,band_35.pdf
35,DFT,8,84,0.74935947,1.78880001,band_35.pdf
35,DFT,8,85,0.76328395,1.82979997,band_35.pdf
35,DFT,8,86,0.77720842,1.85849999,band_35.pdf
35,DFT,8,87,0.79113290,1.87200000,band_35.pdf
35,DFT,8,88,0.80505737,1.85700001,band_35.pdf
35,DFT,8,89,0.81898184,1.82029997,band_35.pdf
35,DFT,8,90,0.83290632,1.76289999,band_35.pdf
35,DFT,8,91,0.86771750,1.59590000,band_35.pdf
35,DFT,8,92,0.87467974,1.57690000,band_35.pdf
35,DFT,8,93,0.88164197,1.56819997,band_35.pdf
35,DFT,8,94,0.88860421,1.57130000,band_35.pdf
35,DFT,8,95,0.89556645,1.58679999,band_35.pdf
35,DFT,8,96,0.90252868,1.61450002,band_35.pdf
35,DFT,8,97,0.90949092,1.65329999,band_35.pdf
35,DFT,8,98,0.92341540,1.75630000,band_35.pdf
35,DFT,8,99,0.93733987,1.87169997,band_35.pdf
35,DFT,8,100,0.95822658,2.04930001,band_35.pdf
35,DFT,8,101,0.97215105,2.14679998,band_35.pdf
35,DFT,8,102,0.97911329,2.18429998,band_35.pdf
35,DFT,8,103,0.99303776,2.23889996,band_35.pdf
35,DFT,8,104,1.00000000,2.25289997,band_35.pdf
35,DFT,9,0,0.00000000,-0.33100001,band_35.pdf
35,DFT,9,1,0.00804834,-0.32789998,band_35.pdf
35,DFT,9,2,0.01606884,-0.31550003,band_35.pdf
35,DFT,9,3,0.02411719,-0.28829999,band_35.pdf
35,DFT,9,4,0.03216554,-0.24540000,band_35.pdf
35,DFT,9,5,0.04018603,-0.18829999,band_35.pdf
35,DFT,9,6,0.04823438,-0.11850000,band_35.pdf
35,DFT,9,7,0.05628272,-0.03679999,band_35.pdf
35,DFT,9,8,0.06430322,0.05560003,band_35.pdf
35,DFT,9,9,0.07235157,0.15780002,band_35.pdf
35,DFT,9,10,0.08039991,0.26879999,band_35.pdf
35,DFT,9,11,0.08842041,0.16359998,band_35.pdf
35,DFT,9,12,0.09646875,-0.06450002,band_35.pdf
35,DFT,9,13,0.10451710,-0.17589998,band_35.pdf
35,DFT,9,14,0.11253760,-0.09329999,band_35.pdf
35,DFT,9,15,0.12058594,0.01879998,band_35.pdf
35,DFT,9,16,0.12863429,0.28929997,band_35.pdf
35,DFT,9,17,0.13665478,0.72130002,band_35.pdf
35,DFT,9,18,0.14470313,1.24419999,band_35.pdf
35,DFT,9,19,0.15275148,1.44979998,band_35.pdf
35,DFT,9,20,0.16882032,1.69270001,band_35.pdf
35,DFT,9,21,0.17686866,1.80259999,band_35.pdf
35,DFT,9,22,0.18491701,1.90309998,band_35.pdf
35,DFT,9,23,0.19293751,1.99309998,band_35.pdf
35,DFT,9,24,0.20098585,2.07160001,band_35.pdf
35,DFT,9,25,0.20903420,2.13799999,band_35.pdf
35,DFT,9,26,0.21705470,2.19230000,band_35.pdf
35,DFT,9,27,0.22510304,2.23619997,band_35.pdf
35,DFT,9,28,0.23315139,2.27170000,band_35.pdf
35,DFT,9,29,0.24117188,2.28749996,band_35.pdf
35,DFT,9,30,0.25824329,2.26629997,band_35.pdf
35,DFT,9,31,0.26960566,2.27400001,band_35.pdf
35,DFT,9,32,0.28664922,2.30059999,band_35.pdf
35,DFT,9,33,0.30940180,2.35209999,band_35.pdf
35,DFT,9,34,0.36056032,2.47869996,band_35.pdf
35,DFT,9,35,0.36624151,2.22389997,band_35.pdf
35,DFT,9,36,0.37760388,1.57789999,band_35.pdf
35,DFT,9,37,0.38328506,1.27269999,band_35.pdf
35,DFT,9,38,0.38896625,1.31439997,band_35.pdf
35,DFT,9,39,0.39467528,1.37099998,band_35.pdf
35,DFT,9,40,0.40035647,1.41250000,band_35.pdf
35,DFT,9,41,0.40603765,1.43749998,band_35.pdf
35,DFT,9,42,0.41171884,1.44560001,band_35.pdf
35,DFT,9,43,0.42876239,1.44069997,band_35.pdf
35,DFT,9,44,0.44015261,1.42299999,band_35.pdf
35,DFT,9,45,0.45151498,1.39119999,band_35.pdf
35,DFT,9,46,0.47992091,1.28809997,band_35.pdf
35,DFT,9,47,0.48562994,1.24409998,band_35.pdf
35,DFT,9,48,0.50267350,0.79450002,band_35.pdf
35,DFT,9,49,0.51403587,0.51509997,band_35.pdf
35,DFT,9,50,0.52539824,0.26380000,band_35.pdf
35,DFT,9,51,0.53678846,0.04849999,band_35.pdf
35,DFT,9,52,0.54246965,-0.04370001,band_35.pdf
35,DFT,9,53,0.54815083,-0.12459999,band_35.pdf
35,DFT,9,54,0.55383202,-0.19350001,band_35.pdf
35,DFT,9,55,0.55951320,-0.24959997,band_35.pdf
35,DFT,9,56,0.56519439,-0.29190001,band_35.pdf
35,DFT,9,57,0.57087557,-0.31839998,band_35.pdf
35,DFT,9,58,0.57658460,-0.32909999,band_35.pdf
35,DFT,9,59,0.58922803,-0.32849998,band_35.pdf
35,DFT,9,60,0.59619027,-0.30580000,band_35.pdf
35,DFT,9,61,0.60315250,-0.25340002,band_35.pdf
35,DFT,9,62,0.61011474,-0.17610000,band_35.pdf
35,DFT,9,63,0.61707697,-0.07629997,band_35.pdf
35,DFT,9,64,0.62403921,0.04509998,band_35.pdf
35,DFT,9,65,0.63100145,0.18690002,band_35.pdf
35,DFT,9,66,0.63796368,0.34869999,band_35.pdf
35,DFT,9,67,0.64492592,0.52940001,band_35.pdf
35,DFT,9,68,0.65188816,0.72800002,band_35.pdf
35,DFT,9,69,0.65885040,0.94360001,band_35.pdf
35,DFT,9,70,0.67277487,1.41590000,band_35.pdf
35,DFT,9,71,0.67973711,1.50719996,band_35.pdf
35,DFT,9,72,0.70062382,1.58920000,band_35.pdf
35,DFT,9,73,0.72151053,1.68299999,band_35.pdf
35,DFT,9,74,0.72847276,1.73780000,band_35.pdf
35,DFT,9,75,0.74239724,1.79040000,band_35.pdf
35,DFT,9,76,0.75632171,1.83139996,band_35.pdf
35,DFT,9,77,0.77024618,1.85949998,band_35.pdf
35,DFT,9,78,0.78417066,1.87229997,band_35.pdf
35,DFT,9,79,0.80505737,1.86739999,band_35.pdf
35,DFT,9,80,0.81898184,1.84119999,band_35.pdf
35,DFT,9,81,0.83290632,1.79289997,band_35.pdf
35,DFT,9,82,0.85379303,1.69380001,band_35.pdf
35,DFT,9,83,0.86771750,1.63280000,band_35.pdf
35,DFT,9,84,0.87467974,1.61160001,band_35.pdf
35,DFT,9,85,0.88164197,1.59949997,band_35.pdf
35,DFT,9,86,0.88860421,1.59829996,band_35.pdf
35,DFT,9,87,0.89556645,1.60880001,band_35.pdf
35,DFT,9,88,0.90252868,1.63079997,band_35.pdf
35,DFT,9,89,0.90949092,1.66369996,band_35.pdf
35,DFT,9,90,0.91645316,1.70610001,band_35.pdf
35,DFT,9,91,0.92341540,1.75800000,band_35.pdf
35,DFT,9,92,0.93733987,1.88479999,band_35.pdf
35,DFT,9,93,0.95822658,2.07710000,band_35.pdf
35,DFT,9,94,0.96518881,2.13300000,band_35.pdf
35,DFT,9,95,0.97215105,2.18159999,band_35.pdf
35,DFT,9,96,0.97911329,2.22159997,band_35.pdf
35,DFT,9,97,0.98607553,2.25229996,band_35.pdf
35,DFT,9,98,0.99303776,2.27529997,band_35.pdf
35,DFT,9,99,1.00000000,2.28749996,band_35.pdf
35,DFT,10,0,0.00000000,1.57630000,band_35.pdf
35,DFT,10,1,0.00804834,1.56360002,band_35.pdf
35,DFT,10,2,0.01606884,1.52450002,band_35.pdf
35,DFT,10,3,0.02411719,1.45979998,band_35.pdf
35,DFT,10,4,0.03216554,1.37020002,band_35.pdf
35,DFT,10,5,0.04018603,1.25660000,band_35.pdf
35,DFT,10,6,0.04823438,1.12040002,band_35.pdf
35,DFT,10,7,0.05628272,0.96289998,band_35.pdf
35,DFT,10,8,0.06430322,0.78619997,band_35.pdf
35,DFT,10,9,0.07235157,0.59239999,band_35.pdf
35,DFT,10,10,0.08039991,0.38389999,band_35.pdf
35,DFT,10,11,0.08842041,0.38750001,band_35.pdf
35,DFT,10,12,0.10451710,0.64269999,band_35.pdf
35,DFT,10,13,0.14470313,1.31970000,band_35.pdf
35,DFT,10,14,0.15275148,1.84619999,band_35.pdf
35,DFT,10,15,0.16079982,2.51590000,band_35.pdf
35,DFT,10,16,0.16882032,3.24150000,band_35.pdf
35,DFT,10,17,0.17686866,4.01239995,band_35.pdf
35,DFT,10,18,0.19293751,5.64529997,band_35.pdf
35,DFT,10,19,0.20903420,7.30119993,band_35.pdf
35,DFT,10,20,0.21705470,8.07499995,band_35.pdf
35,DFT,10,21,0.21956881,8.28298041,band_35.pdf
35,DFT,11,0,0.27268164,8.28298041,band_35.pdf
35,DFT,11,1,0.27528684,8.13279998,band_35.pdf
35,DFT,11,2,0.28664922,7.41649995,band_35.pdf
35,DFT,11,3,0.30940180,5.88869999,band_35.pdf
35,DFT,11,4,0.33212655,4.36419997,band_35.pdf
35,DFT,11,5,0.34919795,3.26519997,band_35.pdf
35,DFT,11,6,0.36056032,2.56850000,band_35.pdf
35,DFT,11,7,0.36624151,2.49669998,band_35.pdf
35,DFT,11,8,0.38328506,2.52479999,band_35.pdf
35,DFT,11,9,0.38896625,2.43809999,band_35.pdf
35,DFT,11,10,0.39467528,2.20699996,band_35.pdf
35,DFT,11,11,0.40035647,2.01359996,band_35.pdf
35,DFT,11,12,0.40603765,1.87919999,band_35.pdf
35,DFT,11,13,0.41171884,1.82999999,band_35.pdf
35,DFT,11,14,0.42308121,1.82560000,band_35.pdf
35,DFT,11,15,0.44015261,1.80309998,band_35.pdf
35,DFT,11,16,0.45719617,1.76580000,band_35.pdf
35,DFT,11,17,0.46287735,1.75130000,band_35.pdf
35,DFT,11,18,0.46855854,1.69339997,band_35.pdf
35,DFT,11,19,0.47992091,1.39619999,band_35.pdf
35,DFT,11,20,0.48562994,1.27120001,band_35.pdf
35,DFT,11,21,0.49699231,1.24979999,band_35.pdf
35,DFT,11,22,0.50267350,1.24720001,band_35.pdf
35,DFT,11,23,0.50835468,1.25129997,band_35.pdf
35,DFT,11,24,0.51403587,1.26239997,band_35.pdf
35,DFT,11,25,0.51971705,1.28049999,band_35.pdf
35,DFT,11,26,0.53110727,1.33569997,band_35.pdf
35,DFT,11,27,0.56519439,1.53929999,band_35.pdf
35,DFT,11,28,0.57087557,1.55950000,band_35.pdf
35,DFT,11,29,0.57658460,1.57209997,band_35.pdf
35,DFT,11,30,0.58226579,1.57630000,band_35.pdf
35,DFT,11,31,0.59619027,1.56449999,band_35.pdf
35,DFT,11,32,0.61011474,1.53309998,band_35.pdf
35,DFT,11,33,0.63100145,1.47910001,band_35.pdf
35,DFT,11,34,0.64492592,1.45969996,band_35.pdf
35,DFT,11,35,0.65885040,1.46340000,band_35.pdf
35,DFT,11,36,0.66581263,1.47449999,band_35.pdf
35,DFT,11,37,0.67277487,1.49370001,band_35.pdf
35,DFT,11,38,0.67973711,1.53890001,band_35.pdf
35,DFT,11,39,0.70062382,1.62349997,band_35.pdf
35,DFT,11,40,0.71454829,1.68530000,band_35.pdf
35,DFT,11,41,0.72151053,1.73690002,band_35.pdf
35,DFT,11,42,0.72847276,2.18620001,band_35.pdf
35,DFT,11,43,0.73543500,2.72079997,band_35.pdf
35,DFT,11,44,0.74239724,3.29719998,band_35.pdf
35,DFT,11,45,0.74935947,3.91280000,band_35.pdf
35,DFT,11,46,0.75632171,4.56519995,band_35.pdf
35,DFT,11,47,0.77024618,5.96539995,band_35.pdf
35,DFT,11,48,0.78417066,7.43909997,band_35.pdf
35,DFT,11,49,0.79113290,8.10769998,band_35.pdf
35,DFT,11,50,0.80505737,7.52399997,band_35.pdf
35,DFT,11,51,0.81201961,7.26639998,band_35.pdf
35,DFT,11,52,0.81898184,7.03759996,band_35.pdf
35,DFT,11,53,0.82594408,6.83859996,band_35.pdf
35,DFT,11,54,0.83290632,6.67079994,band_35.pdf
35,DFT,11,55,0.83986855,6.53529998,band_35.pdf
35,DFT,11,56,0.84683079,6.43219995,band_35.pdf
35,DFT,11,57,0.85379303,6.36239996,band_35.pdf
35,DFT,11,58,0.86075526,6.32529994,band_35.pdf
35,DFT,11,59,0.86771750,6.32079994,band_35.pdf
35,DFT,11,60,0.87467974,6.34799997,band_35.pdf
35,DFT,11,61,0.88164197,6.40499997,band_35.pdf
35,DFT,11,62,0.88860421,6.49059998,band_35.pdf
35,DFT,11,63,0.89556645,6.60309994,band_35.pdf
35,DFT,11,64,0.90252868,6.74009994,band_35.pdf
35,DFT,11,65,0.90949092,6.89979998,band_35.pdf
35,DFT,11,66,0.91645316,7.07979999,band_35.pdf
35,DFT,11,67,0.92341540,7.27809997,band_35.pdf
35,DFT,11,68,0.93037763,7.49129994,band_35.pdf
35,DFT,11,69,0.94430211,7.95249994,band_35.pdf
35,DFT,11,70,0.95391065,8.28298041,band_35.pdf
35,DFT,12,0,0.00000000,1.57750001,band_35.pdf
35,DFT,12,1,0.00804834,1.58229998,band_35.pdf
35,DFT,12,2,0.01606884,1.59719996,band_35.pdf
35,DFT,12,3,0.02411719,1.62160000,band_35.pdf
35,DFT,12,4,0.03216554,1.65460000,band_35.pdf
35,DFT,12,5,0.04823438,1.74190002,band_35.pdf
35,DFT,12,6,0.06430322,1.84929996,band_35.pdf
35,DFT,12,7,0.08039991,1.96940002,band_35.pdf
35,DFT,12,8,0.09646875,2.10630001,band_35.pdf
35,DFT,12,9,0.10451710,2.18919997,band_35.pdf
35,DFT,12,10,0.11253760,2.29089997,band_35.pdf
35,DFT,12,11,0.12058594,2.42160001,band_35.pdf
35,DFT,12,12,0.12863429,2.59489996,band_35.pdf
35,DFT,12,13,0.13665478,2.82539998,band_35.pdf
35,DFT,12,14,0.14470313,3.12659997,band_35.pdf
35,DFT,12,15,0.15275148,3.50779997,band_35.pdf
35,DFT,12,16,0.16079982,3.97159995,band_35.pdf
35,DFT,12,17,0.16882032,4.51329996,band_35.pdf
35,DFT,12,18,0.17686866,5.12339999,band_35.pdf
35,DFT,12,19,0.18491701,5.78829996,band_35.pdf
35,DFT,12,20,0.21336715,8.28298041,band_35.pdf
35,DFT,13,0,0.28374628,8.28298041,band_35.pdf
35,DFT,13,1,0.29233040,7.81139998,band_35.pdf
35,DFT,13,2,0.30940180,6.81899995,band_35.pdf
35,DFT,13,3,0.34348892,4.81199998,band_35.pdf
35,DFT,13,4,0.36056032,3.85630000,band_35.pdf
35,DFT,13,5,0.37192269,3.25369999,band_35.pdf
35,DFT,13,6,0.38328506,2.69409998,band_35.pdf
35,DFT,13,7,0.38896625,2.53170001,band_35.pdf
35,DFT,13,8,0.40603765,2.54369998,band_35.pdf
35,DFT,13,9,0.41171884,2.54450001,band_35.pdf
35,DFT,13,10,0.41740002,2.53450001,band_35.pdf
35,DFT,13,11,0.42308121,2.50480001,band_35.pdf
35,DFT,13,12,0.42876239,2.45589998,band_35.pdf
35,DFT,13,13,0.43444358,2.38879997,band_35.pdf
35,DFT,13,14,0.44015261,2.30480002,band_35.pdf
35,DFT,13,15,0.44583380,2.20549998,band_35.pdf
35,DFT,13,16,0.45151498,2.09280000,band_35.pdf
35,DFT,13,17,0.46287735,1.83470002,band_35.pdf
35,DFT,13,18,0.46855854,1.73630001,band_35.pdf
35,DFT,13,19,0.50267350,1.65099998,band_35.pdf
35,DFT,13,20,0.51971705,1.61940001,band_35.pdf
35,DFT,13,21,0.54246965,1.59250000,band_35.pdf
35,DFT,13,22,0.56519439,1.57999998,band_35.pdf
35,DFT,13,23,0.59619027,1.56620000,band_35.pdf
35,DFT,13,24,0.61011474,1.53819999,band_35.pdf
35,DFT,13,25,0.63100145,1.49279998,band_35.pdf
35,DFT,13,26,0.64492592,1.47980002,band_35.pdf
35,DFT,13,27,0.65885040,1.48920001,band_35.pdf
35,DFT,13,28,0.66581263,1.50260001,band_35.pdf
35,DFT,13,29,0.67277487,1.52359998,band_35.pdf
35,DFT,13,30,0.67973711,1.69220002,band_35.pdf
35,DFT,13,31,0.68669934,1.96700000,band_35.pdf
35,DFT,13,32,0.69366158,2.25899996,band_35.pdf
35,DFT,13,33,0.70062382,2.56740000,band_35.pdf
35,DFT,13,34,0.70758605,2.89369999,band_35.pdf
35,DFT,13,35,0.71454829,3.24029999,band_35.pdf
35,DFT,13,36,0.72151053,3.61029999,band_35.pdf
35,DFT,13,37,0.72847276,4.00730000,band_35.pdf
35,DFT,13,38,0.73543500,4.43540000,band_35.pdf
35,DFT,13,39,0.74239724,4.89869999,band_35.pdf
35,DFT,13,40,0.74935947,5.39999998,band_35.pdf
35,DFT,13,41,0.75632171,5.94119999,band_35.pdf
35,DFT,13,42,0.76328395,6.52209994,band_35.pdf
35,DFT,13,43,0.77720842,7.78999996,band_35.pdf
35,DFT,13,44,0.78256963,8.28298041,band_35.pdf
35,DFT,14,0,0.78768929,8.28298041,band_35.pdf
35,DFT,14,1,0.80505737,7.55619994,band_35.pdf
35,DFT,14,2,0.81201961,7.29639996,band_35.pdf
35,DFT,14,3,0.81898184,7.06539994,band_35.pdf
35,DFT,14,4,0.82594408,6.86459999,band_35.pdf
35,DFT,14,5,0.83290632,6.69529993,band_35.pdf
35,DFT,14,6,0.83986855,6.55859996,band_35.pdf
35,DFT,14,7,0.84683079,6.45459996,band_35.pdf
35,DFT,14,8,0.85379303,6.38459994,band_35.pdf
35,DFT,14,9,0.86075526,6.34789996,band_35.pdf
35,DFT,14,10,0.86771750,6.34429994,band_35.pdf
35,DFT,14,11,0.87467974,6.37309997,band_35.pdf
35,DFT,14,12,0.88164197,6.43219995,band_35.pdf
35,DFT,14,13,0.88860421,6.52039994,band_35.pdf
35,DFT,14,14,0.89556645,6.63599999,band_35.pdf
35,DFT,14,15,0.90252868,6.77659996,band_35.pdf
35,DFT,14,16,0.90949092,6.94019994,band_35.pdf
35,DFT,14,17,0.91645316,7.12449998,band_35.pdf
35,DFT,14,18,0.92341540,7.32729997,band_35.pdf
35,DFT,14,19,0.93037763,7.54529997,band_35.pdf
35,DFT,14,20,0.94430211,8.01689995,band_35.pdf
35,DFT,14,21,0.95186079,8.28298041,band_35.pdf
35,DFT,15,0,0.28780938,8.28298041,band_35.pdf
35,DFT,15,1,0.29801159,7.96889996,band_35.pdf
35,DFT,15,2,0.30372062,7.81029998,band_35.pdf
35,DFT,15,3,0.30940180,7.66499998,band_35.pdf
35,DFT,15,4,0.31508299,7.53339996,band_35.pdf
35,DFT,15,5,0.32076417,7.41509998,band_35.pdf
35,DFT,15,6,0.32644536,7.31019994,band_35.pdf
35,DFT,15,7,0.33212655,7.21759996,band_35.pdf
35,DFT,15,8,0.33780773,7.13639994,band_35.pdf
35,DFT,15,9,0.34348892,7.06609996,band_35.pdf
35,DFT,15,10,0.34919795,7.00559994,band_35.pdf
35,DFT,15,11,0.35487914,6.95399998,band_35.pdf
35,DFT,15,12,0.36056032,6.91029997,band_35.pdf
35,DFT,15,13,0.37192269,6.84339993,band_35.pdf
35,DFT,15,14,0.38328506,6.79879994,band_35.pdf
35,DFT,15,15,0.39467528,6.77189994,band_35.pdf
35,DFT,15,16,0.40603765,6.75929996,band_35.pdf
35,DFT,15,17,0.41171884,6.75769997,band_35.pdf
35,DFT,15,18,0.41740002,6.82769999,band_35.pdf
35,DFT,15,19,0.42308121,7.03099997,band_35.pdf
35,DFT,15,20,0.42876239,7.35079998,band_35.pdf
35,DFT,15,21,0.43444358,7.76649996,band_35.pdf
35,DFT,15,22,0.44040564,8.28298041,band_35.pdf
35,model,0,0,0.00000000,-8.50767193,band_35.pdf
35,model,0,1,0.00804834,-8.48399531,band_35.pdf
35,model,0,2,0.01606884,-8.41492745,band_35.pdf
35,model,0,3,0.02411719,-8.30477496,band_35.pdf
35,model,0,4,0.03216554,-8.15662922,band_35.pdf
35,model,0,5,0.04018603,-7.96938384,band_35.pdf
35,model,0,6,0.04823438,-7.73791802,band_35.pdf
35,model,0,7,0.05628272,-7.45692064,band_35.pdf
35,model,0,8,0.06430322,-7.12679193,band_35.pdf
35,model,0,9,0.07235157,-6.75799201,band_35.pdf
35,model,0,10,0.08842041,-5.99018723,band_35.pdf
35,model,0,11,0.09646875,-5.63542291,band_35.pdf
35,model,0,12,0.10451710,-5.31497444,band_35.pdf
35,model,0,13,0.11253760,-5.02692086,band_35.pdf
35,model,0,14,0.12058594,-4.76796652,band_35.pdf
35,model,0,15,0.12863429,-4.54369406,band_35.pdf
35,model,0,16,0.13665478,-4.37023017,band_35.pdf
35,model,0,17,0.14470313,-4.26402597,band_35.pdf
35,model,0,18,0.15275148,-4.22893919,band_35.pdf
35,model,0,19,0.16079982,-4.25332448,band_35.pdf
35,model,0,20,0.16882032,-4.31702222,band_35.pdf
35,model,0,21,0.20903420,-4.73126832,band_35.pdf
35,model,0,22,0.21705470,-4.79443040,band_35.pdf
35,model,0,23,0.22510304,-4.83823440,band_35.pdf
35,model,0,24,0.23315139,-4.86376299,band_35.pdf
35,model,0,25,0.24117188,-4.87242890,band_35.pdf
35,model,0,26,0.24685307,-4.86769486,band_35.pdf
35,model,0,27,0.25256210,-4.85375221,band_35.pdf
35,model,0,28,0.25824329,-4.83071476,band_35.pdf
35,model,0,29,0.26392447,-4.79892519,band_35.pdf
35,model,0,30,0.26960566,-4.75901599,band_35.pdf
35,model,0,31,0.28096803,-4.65891581,band_35.pdf
35,model,0,32,0.30940180,-4.37304682,band_35.pdf
35,model,0,33,0.31508299,-4.33125412,band_35.pdf
35,model,0,34,0.32076417,-4.30268344,band_35.pdf
35,model,0,35,0.32644536,-4.29045792,band_35.pdf
35,model,0,36,0.33212655,-4.29651833,band_35.pdf
35,model,0,37,0.33780773,-4.32109019,band_35.pdf
35,model,0,38,0.34348892,-4.36254927,band_35.pdf
35,model,0,39,0.34919795,-4.41778628,band_35.pdf
35,model,0,40,0.36056032,-4.55395717,band_35.pdf
35,model,0,41,0.37760388,-4.76897848,band_35.pdf
35,model,0,42,0.38328506,-4.83239047,band_35.pdf
35,model,0,43,0.38896625,-4.88797130,band_35.pdf
35,model,0,44,0.39467528,-4.93375311,band_35.pdf
35,model,0,45,0.40035647,-4.96795691,band_35.pdf
35,model,0,46,0.40603765,-4.98912557,band_35.pdf
35,model,0,47,0.41740002,-4.99697450,band_35.pdf
35,model,0,48,0.42876239,-5.00360488,band_35.pdf
35,model,0,49,0.44015261,-5.02446349,band_35.pdf
35,model,0,50,0.44583380,-5.04594509,band_35.pdf
35,model,0,51,0.45151498,-5.08008550,band_35.pdf
35,model,0,52,0.45719617,-5.13234655,band_35.pdf
35,model,0,53,0.46287735,-5.20886657,band_35.pdf
35,model,0,54,0.46855854,-5.31527785,band_35.pdf
35,model,0,55,0.47423972,-5.45507080,band_35.pdf
35,model,0,56,0.47992091,-5.62812498,band_35.pdf
35,model,0,57,0.48562994,-5.83038327,band_35.pdf
35,model,0,58,0.49699231,-6.29275757,band_35.pdf
35,model,0,59,0.51403587,-7.01184652,band_35.pdf
35,model,0,60,0.52539824,-7.44215824,band_35.pdf
35,model,0,61,0.53110727,-7.63376640,band_35.pdf
35,model,0,62,0.53678846,-7.80808517,band_35.pdf
35,model,0,63,0.54246965,-7.96457077,band_35.pdf
35,model,0,64,0.54815083,-8.10282500,band_35.pdf
35,model,0,65,0.55383202,-8.22238678,band_35.pdf
35,model,0,66,0.55951320,-8.32252162,band_35.pdf
35,model,0,67,0.56519439,-8.40223161,band_35.pdf
35,model,0,68,0.57087557,-8.46034914,band_35.pdf
35,model,0,69,0.57658460,-8.49576724,band_35.pdf
35,model,0,70,0.58226579,-8.50767193,band_35.pdf
35,model,0,71,0.58922803,-8.48981797,band_35.pdf
35,model,0,72,0.59619027,-8.43670357,band_35.pdf
35,model,0,73,0.60315250,-8.34936766,band_35.pdf
35,model,0,74,0.61011474,-8.22873040,band_35.pdf
35,model,0,75,0.61707697,-8.07514777,band_35.pdf
35,model,0,76,0.62403921,-7.88860034,band_35.pdf
35,model,0,77,0.63100145,-7.66965806,band_35.pdf
35,model,0,78,0.63796368,-7.42060862,band_35.pdf
35,model,0,79,0.64492592,-7.14624251,band_35.pdf
35,model,0,80,0.65885040,-6.54969446,band_35.pdf
35,model,0,81,0.69366158,-4.99135773,band_35.pdf
35,model,0,82,0.70758605,-4.36681281,band_35.pdf
35,model,0,83,0.71454829,-4.07661529,band_35.pdf
35,model,0,84,0.72151053,-3.81704501,band_35.pdf
35,model,0,85,0.72847276,-3.59913654,band_35.pdf
35,model,0,86,0.73543500,-3.54621056,band_35.pdf
35,model,0,87,0.74239724,-3.55772007,band_35.pdf
35,model,0,88,0.74935947,-3.55769317,band_35.pdf
35,model,0,89,0.75632171,-3.54693113,band_35.pdf
35,model,0,90,0.76328395,-3.52624221,band_35.pdf
35,model,0,91,0.77720842,-3.46267368,band_35.pdf
35,model,0,92,0.79113290,-3.38911156,band_35.pdf
35,model,0,93,0.79809513,-3.46453193,band_35.pdf
35,model,0,94,0.81201961,-3.63476698,band_35.pdf
35,model,0,95,0.81898184,-3.70981457,band_35.pdf
35,model,0,96,0.82594408,-3.77281105,band_35.pdf
35,model,0,97,0.83290632,-3.82079570,band_35.pdf
35,model,0,98,0.83986855,-3.85117676,band_35.pdf
35,model,0,99,0.84683079,-3.86136054,band_35.pdf
35,model,0,100,0.85379303,-3.84863929,band_35.pdf
35,model,0,101,0.86075526,-3.81043192,band_35.pdf
35,model,0,102,0.86771750,-3.74476845,band_35.pdf
35,model,0,103,0.87467974,-3.65081127,band_35.pdf
35,model,0,104,0.88164197,-3.53030804,band_35.pdf
35,model,0,105,0.88860421,-3.56023710,band_35.pdf
35,model,0,106,0.90252868,-3.76412873,band_35.pdf
35,model,0,107,0.91645316,-3.99206160,band_35.pdf
35,model,0,108,0.93733987,-4.33848931,band_35.pdf
35,model,0,109,0.94430211,-4.44274716,band_35.pdf
35,model,0,110,0.95126434,-4.53749109,band_35.pdf
35,model,0,111,0.95822658,-4.62157559,band_35.pdf
35,model,0,112,0.96518881,-4.69448978,band_35.pdf
35,model,0,113,0.97215105,-4.75593035,band_35.pdf
35,model,0,114,0.97911329,-4.80541249,band_35.pdf
35,model,0,115,0.98607553,-4.84205826,band_35.pdf
35,model,0,116,0.99303776,-4.86473442,band_35.pdf
35,model,0,117,1.00000000,-4.87242890,band_35.pdf
35,model,0,118,1.00000000,-4.87242890,band_35.pdf
35,model,1,0,0.00000000,-8.35513272,band_35.pdf
35,model,1,1,0.00804834,-8.33248702,band_35.pdf
35,model,1,2,0.01606884,-8.26522035,band_35.pdf
35,model,1,3,0.02411719,-8.15478400,band_35.pdf
35,model,1,4,0.03216554,-8.00218299,band_35.pdf
35,model,1,5,0.04018603,-7.80701035,band_35.pdf
35,model,1,6,0.04823438,-7.56794515,band_35.pdf
35,model,1,7,0.05628272,-7.28478676,band_35.pdf
35,model,1,8,0.06430322,-6.96104001,band_35.pdf
35,model,1,9,0.07235157,-6.60468903,band_35.pdf
35,model,1,10,0.08842041,-5.83426188,band_35.pdf
35,model,1,11,0.10451710,-5.02357643,band_35.pdf
35,model,1,12,0.12058594,-4.20026974,band_35.pdf
35,model,1,13,0.12863429,-3.82080358,band_35.pdf
35,model,1,14,0.13665478,-3.49541240,band_35.pdf
35,model,1,15,0.14470313,-3.65306625,band_35.pdf
35,model,1,16,0.16079982,-3.99222352,band_35.pdf
35,model,1,17,0.16882032,-4.14874823,band_35.pdf
35,model,1,18,0.17686866,-4.29462169,band_35.pdf
35,model,1,19,0.18491701,-4.42803310,band_35.pdf
35,model,1,20,0.19293751,-4.54673869,band_35.pdf
35,model,1,21,0.20098585,-4.64646046,band_35.pdf
35,model,1,22,0.20903420,-4.71519778,band_35.pdf
35,model,1,23,0.21705470,-4.77613516,band_35.pdf
35,model,1,24,0.22510304,-4.82632063,band_35.pdf
35,model,1,25,0.23315139,-4.86022648,band_35.pdf
35,model,1,26,0.24117188,-4.87199585,band_35.pdf
35,model,1,27,0.24685307,-4.86645101,band_35.pdf
35,model,1,28,0.25256210,-4.84994529,band_35.pdf
35,model,1,29,0.25824329,-4.82342198,band_35.pdf
35,model,1,30,0.26392447,-4.78795146,band_35.pdf
35,model,1,31,0.26960566,-4.74429956,band_35.pdf
35,model,1,32,0.27528684,-4.69259509,band_35.pdf
35,model,1,33,0.28096803,-4.63229480,band_35.pdf
35,model,1,34,0.28664922,-4.56242430,band_35.pdf
35,model,1,35,0.29233040,-4.48202271,band_35.pdf
35,model,1,36,0.29801159,-4.39051449,band_35.pdf
35,model,1,37,0.30372062,-4.28792234,band_35.pdf
35,model,1,38,0.30940180,-4.17478879,band_35.pdf
35,model,1,39,0.32076417,-3.92034849,band_35.pdf
35,model,1,40,0.33212655,-3.63267499,band_35.pdf
35,model,1,41,0.34348892,-3.31148390,band_35.pdf
35,model,1,42,0.35487914,-2.96471599,band_35.pdf
35,model,1,43,0.36056032,-3.04707353,band_35.pdf
35,model,1,44,0.37192269,-3.24854767,band_35.pdf
35,model,1,45,0.37760388,-3.33930249,band_35.pdf
35,model,1,46,0.38328506,-3.42116519,band_35.pdf
35,model,1,47,0.38896625,-3.49241765,band_35.pdf
35,model,1,48,0.39467528,-3.55107031,band_35.pdf
35,model,1,49,0.40035647,-3.59499902,band_35.pdf
35,model,1,50,0.40603765,-3.62226945,band_35.pdf
35,model,1,51,0.41740002,-3.63923191,band_35.pdf
35,model,1,52,0.42308121,-3.66294680,band_35.pdf
35,model,1,53,0.42876239,-3.70438615,band_35.pdf
35,model,1,54,0.43444358,-3.76624946,band_35.pdf
35,model,1,55,0.44015261,-3.85188691,band_35.pdf
35,model,1,56,0.44583380,-3.96464335,band_35.pdf
35,model,1,57,0.45151498,-4.10701105,band_35.pdf
35,model,1,58,0.45719617,-4.27976905,band_35.pdf
35,model,1,59,0.46287735,-4.48156235,band_35.pdf
35,model,1,60,0.46855854,-4.70893390,band_35.pdf
35,model,1,61,0.47992091,-5.21986098,band_35.pdf
35,model,1,62,0.50835468,-6.56909479,band_35.pdf
35,model,1,63,0.51971705,-7.04864171,band_35.pdf
35,model,1,64,0.52539824,-7.26531562,band_35.pdf
35,model,1,65,0.53110727,-7.46487060,band_35.pdf
35,model,1,66,0.53678846,-7.64631992,band_35.pdf
35,model,1,67,0.54246965,-7.80879840,band_35.pdf
35,model,1,68,0.54815083,-7.95146766,band_35.pdf
35,model,1,69,0.55383202,-8.07355134,band_35.pdf
35,model,1,70,0.55951320,-8.17432108,band_35.pdf
35,model,1,71,0.56519439,-8.25319561,band_35.pdf
35,model,1,72,0.57087557,-8.30976162,band_35.pdf
35,model,1,73,0.57658460,-8.34378164,band_35.pdf
35,model,1,74,0.58226579,-8.35513272,band_35.pdf
35,model,1,75,0.58922803,-8.33809786,band_35.pdf
35,model,1,76,0.59619027,-8.28696122,band_35.pdf
35,model,1,77,0.60315250,-8.20175349,band_35.pdf
35,model,1,78,0.61011474,-8.08282945,band_35.pdf
35,model,1,79,0.61707697,-7.93117677,band_35.pdf
35,model,1,80,0.62403921,-7.74846540,band_35.pdf
35,model,1,81,0.63100145,-7.53685245,band_35.pdf
35,model,1,82,0.63796368,-7.29850196,band_35.pdf
35,model,1,83,0.64492592,-7.03524959,band_35.pdf
35,model,1,84,0.65188816,-6.74833529,band_35.pdf
35,model,1,85,0.65885040,-6.43858659,band_35.pdf
35,model,1,86,0.66581263,-6.10686079,band_35.pdf
35,model,1,87,0.67973711,-5.38622523,band_35.pdf
35,model,1,88,0.70758605,-3.86570170,band_35.pdf
35,model,1,89,0.71454829,-3.50959311,band_35.pdf
35,model,1,90,0.72151053,-3.48974166,band_35.pdf
35,model,1,91,0.72847276,-3.52224723,band_35.pdf
35,model,1,92,0.73543500,-3.54425022,band_35.pdf
35,model,1,93,0.74239724,-3.55652800,band_35.pdf
35,model,1,94,0.74935947,-3.55736553,band_35.pdf
35,model,1,95,0.75632171,-3.54596539,band_35.pdf
35,model,1,96,0.76328395,-3.52374864,band_35.pdf
35,model,1,97,0.77720842,-3.45596017,band_35.pdf
35,model,1,98,0.79113290,-3.37930951,band_35.pdf
35,model,1,99,0.80505737,-3.30590949,band_35.pdf
35,model,1,100,0.81898184,-3.23226520,band_35.pdf
35,model,1,101,0.82594408,-3.20163594,band_35.pdf
35,model,1,102,0.83290632,-3.17965553,band_35.pdf
35,model,1,103,0.83986855,-3.17054473,band_35.pdf
35,model,1,104,0.84683079,-3.17800737,band_35.pdf
35,model,1,105,0.85379303,-3.20414421,band_35.pdf
35,model,1,106,0.86075526,-3.24881571,band_35.pdf
35,model,1,107,0.86771750,-3.30980706,band_35.pdf
35,model,1,108,0.87467974,-3.38372633,band_35.pdf
35,model,1,109,0.88164197,-3.46653031,band_35.pdf
35,model,1,110,0.88860421,-3.53803694,band_35.pdf
35,model,1,111,0.90252868,-3.74876846,band_35.pdf
35,model,1,112,0.91645316,-3.98243848,band_35.pdf
35,model,1,113,0.93037763,-4.22079893,band_35.pdf
35,model,1,114,0.94430211,-4.43902242,band_35.pdf
35,model,1,115,0.95126434,-4.53455197,band_35.pdf
35,model,1,116,0.95822658,-4.61932541,band_35.pdf
35,model,1,117,0.96518881,-4.69284707,band_35.pdf
35,model,1,118,0.97215105,-4.75479884,band_35.pdf
35,model,1,119,0.97911329,-4.80466709,band_35.pdf
35,model,1,120,0.98607553,-4.84154114,band_35.pdf
35,model,1,121,0.99303776,-4.86429362,band_35.pdf
35,model,1,122,1.00000000,-4.87199585,band_35.pdf
35,model,1,123,1.00000000,-4.87199585,band_35.pdf
35,model,2,0,0.00000000,-2.53118995,band_35.pdf
35,model,2,1,0.01606884,-2.52237379,band_35.pdf
35,model,2,2,0.05628272,-2.48573069,band_35.pdf
35,model,2,3,0.06430322,-2.46928641,band_35.pdf
35,model,2,4,0.07235157,-2.44593695,band_35.pdf
35,model,2,5,0.08039991,-2.41499410,band_35.pdf
35,model,2,6,0.08842041,-2.40341029,band_35.pdf
35,model,2,7,0.09646875,-2.55912567,band_35.pdf
35,model,2,8,0.11253760,-2.92017021,band_35.pdf
35,model,2,9,0.13665478,-3.47357845,band_35.pdf
35,model,2,10,0.14470313,-3.23965952,band_35.pdf
35,model,2,11,0.15275148,-3.05239092,band_35.pdf
35,model,2,12,0.16079982,-2.92048512,band_35.pdf
35,model,2,13,0.16882032,-2.83009692,band_35.pdf
35,model,2,14,0.17686866,-2.77480735,band_35.pdf
35,model,2,15,0.18491701,-2.75490199,band_35.pdf
35,model,2,16,0.19293751,-2.76991631,band_35.pdf
35,model,2,17,0.20098585,-2.81215166,band_35.pdf
35,model,2,18,0.21705470,-2.91921940,band_35.pdf
35,model,2,19,0.22510304,-2.95821417,band_35.pdf
35,model,2,20,0.23315139,-2.98074322,band_35.pdf
35,model,2,21,0.24117188,-2.98833182,band_35.pdf
35,model,2,22,0.24685307,-2.98409334,band_35.pdf
35,model,2,23,0.25256210,-2.97160374,band_35.pdf
35,model,2,24,0.25824329,-2.95062800,band_35.pdf
35,model,2,25,0.26392447,-2.92089090,band_35.pdf
35,model,2,26,0.26960566,-2.88213466,band_35.pdf
35,model,2,27,0.27528684,-2.83417751,band_35.pdf
35,model,2,28,0.28096803,-2.77699301,band_35.pdf
35,model,2,29,0.29233040,-2.64357176,band_35.pdf
35,model,2,30,0.30372062,-2.54123319,band_35.pdf
35,model,2,31,0.30940180,-2.50524940,band_35.pdf
35,model,2,32,0.31508299,-2.48598883,band_35.pdf
35,model,2,33,0.32076417,-2.48804201,band_35.pdf
35,model,2,34,0.32644536,-2.51443616,band_35.pdf
35,model,2,35,0.33212655,-2.56559235,band_35.pdf
35,model,2,36,0.33780773,-2.63893229,band_35.pdf
35,model,2,37,0.34348892,-2.72944727,band_35.pdf
35,model,2,38,0.35487914,-2.92746956,band_35.pdf
35,model,2,39,0.36056032,-2.98894753,band_35.pdf
35,model,2,40,0.36624151,-3.09997707,band_35.pdf
35,model,2,41,0.37192269,-3.19994062,band_35.pdf
35,model,2,42,0.37760388,-3.28747004,band_35.pdf
35,model,2,43,0.38328506,-3.36170794,band_35.pdf
35,model,2,44,0.38896625,-3.42217756,band_35.pdf
35,model,2,45,0.39467528,-3.46877877,band_35.pdf
35,model,2,46,0.40035647,-3.50169772,band_35.pdf
35,model,2,47,0.40603765,-3.52125495,band_35.pdf
35,model,2,48,0.41171884,-3.52773620,band_35.pdf
35,model,2,49,0.42308121,-3.51778379,band_35.pdf
35,model,2,50,0.43444358,-3.48757081,band_35.pdf
35,model,2,51,0.44583380,-3.43687462,band_35.pdf
35,model,2,52,0.45719617,-3.36716220,band_35.pdf
35,model,2,53,0.46855854,-3.28214566,band_35.pdf
35,model,2,54,0.48562994,-3.13649995,band_35.pdf
35,model,2,55,0.53110727,-2.72855127,band_35.pdf
35,model,2,56,0.54246965,-2.64472319,band_35.pdf
35,model,2,57,0.55383202,-2.58011723,band_35.pdf
35,model,2,58,0.55951320,-2.55702521,band_35.pdf
35,model,2,59,0.56519439,-2.54116784,band_35.pdf
35,model,2,60,0.57658460,-2.53089756,band_35.pdf
35,model,2,61,0.59619027,-2.53519902,band_35.pdf
35,model,2,62,0.60315250,-2.54813653,band_35.pdf
35,model,2,63,0.61011474,-2.56896344,band_35.pdf
35,model,2,64,0.61707697,-2.59774564,band_35.pdf
35,model,2,65,0.62403921,-2.63490971,band_35.pdf
35,model,2,66,0.63100145,-2.68071302,band_35.pdf
35,model,2,67,0.63796368,-2.73493079,band_35.pdf
35,model,2,68,0.65188816,-2.86435209,band_35.pdf
35,model,2,69,0.68669934,-3.22177374,band_35.pdf
35,model,2,70,0.70062382,-3.34586006,band_35.pdf
35,model,2,71,0.71454829,-3.44811841,band_35.pdf
35,model,2,72,0.72847276,-3.51910472,band_35.pdf
35,model,2,73,0.73543500,-3.42358352,band_35.pdf
35,model,2,74,0.74239724,-3.29850960,band_35.pdf
35,model,2,75,0.74935947,-3.21744769,band_35.pdf
35,model,2,76,0.75632171,-3.17598038,band_35.pdf
35,model,2,77,0.76328395,-3.16873269,band_35.pdf
35,model,2,78,0.77024618,-3.19040614,band_35.pdf
35,model,2,79,0.77720842,-3.23592026,band_35.pdf
35,model,2,80,0.79113290,-3.36755246,band_35.pdf
35,model,2,81,0.80505737,-3.28686316,band_35.pdf
35,model,2,82,0.81898184,-3.20655560,band_35.pdf
35,model,2,83,0.82594408,-3.17286198,band_35.pdf
35,model,2,84,0.83290632,-3.14825967,band_35.pdf
35,model,2,85,0.83986855,-3.13722124,band_35.pdf
35,model,2,86,0.84683079,-3.14367968,band_35.pdf
35,model,2,87,0.85379303,-3.16985953,band_35.pdf
35,model,2,88,0.86075526,-3.21559643,band_35.pdf
35,model,2,89,0.86771750,-3.27852910,band_35.pdf
35,model,2,90,0.87467974,-3.35507448,band_35.pdf
35,model,2,91,0.88164197,-3.44127206,band_35.pdf
35,model,2,92,0.88860421,-3.37737536,band_35.pdf
35,model,2,93,0.89556645,-3.20385330,band_35.pdf
35,model,2,94,0.90252868,-3.00710277,band_35.pdf
35,model,2,95,0.90949092,-2.78975532,band_35.pdf
35,model,2,96,0.92341540,-2.31200173,band_35.pdf
35,model,2,97,0.93037763,-2.36656397,band_35.pdf
35,model,2,98,0.94430211,-2.57422916,band_35.pdf
35,model,2,99,0.95126434,-2.66688413,band_35.pdf
35,model,2,100,0.95822658,-2.74905646,band_35.pdf
35,model,2,101,0.96518881,-2.81986604,band_35.pdf
35,model,2,102,0.97215105,-2.87892733,band_35.pdf
35,model,2,103,0.97911329,-2.92589843,band_35.pdf
35,model,2,104,0.98607553,-2.96023554,band_35.pdf
35,model,2,105,0.99303776,-2.98124807,band_35.pdf
35,model,2,106,1.00000000,-2.98833182,band_35.pdf
35,model,2,107,1.00000000,-2.98833182,band_35.pdf
35,model,3,0,0.00000000,-2.50484835,band_35.pdf
35,model,3,1,0.04018603,-2.50257708,band_35.pdf
35,model,3,2,0.05628272,-2.48562706,band_35.pdf
35,model,3,3,0.06430322,-2.46851808,band_35.pdf
35,model,3,4,0.07235157,-2.44417296,band_35.pdf
35,model,3,5,0.08039991,-2.41103782,band_35.pdf
35,model,3,6,0.08842041,-2.36766788,band_35.pdf
35,model,3,7,0.09646875,-2.31302761,band_35.pdf
35,model,3,8,0.10451710,-2.24650415,band_35.pdf
35,model,3,9,0.11253760,-2.16775966,band_35.pdf
35,model,3,10,0.12058594,-2.07647517,band_35.pdf
35,model,3,11,0.12863429,-1.97225838,band_35.pdf
35,model,3,12,0.13665478,-1.85483236,band_35.pdf
35,model,3,13,0.14470313,-1.72533031,band_35.pdf
35,model,3,14,0.15275148,-1.71305187,band_35.pdf
35,model,3,15,0.16882032,-2.10882089,band_35.pdf
35,model,3,16,0.17686866,-2.28620326,band_35.pdf
35,model,3,17,0.18491701,-2.44544046,band_35.pdf
35,model,3,18,0.19293751,-2.58515988,band_35.pdf
35,model,3,19,0.20098585,-2.70485474,band_35.pdf
35,model,3,20,0.20903420,-2.80435598,band_35.pdf
35,model,3,21,0.21705470,-2.88333740,band_35.pdf
35,model,3,22,0.22510304,-2.94101170,band_35.pdf
35,model,3,23,0.23315139,-2.97627379,band_35.pdf
35,model,3,24,0.24117188,-2.98771783,band_35.pdf
35,model,3,25,0.24685307,-2.98248908,band_35.pdf
35,model,3,26,0.25256210,-2.96668308,band_35.pdf
35,model,3,27,0.25824329,-2.94086595,band_35.pdf
35,model,3,28,0.26392447,-2.90588315,band_35.pdf
35,model,3,29,0.27528684,-2.81320183,band_35.pdf
35,model,3,30,0.28664922,-2.70119949,band_35.pdf
35,model,3,31,0.29233040,-2.63565564,band_35.pdf
35,model,3,32,0.30372062,-2.46058560,band_35.pdf
35,model,3,33,0.31508299,-2.25327720,band_35.pdf
35,model,3,34,0.32076417,-2.13767680,band_35.pdf
35,model,3,35,0.32644536,-2.13151234,band_35.pdf
35,model,3,36,0.33780773,-2.44650852,band_35.pdf
35,model,3,37,0.34919795,-2.73378002,band_35.pdf
35,model,3,38,0.35487914,-2.86281668,band_35.pdf
35,model,3,39,0.36056032,-2.75328588,band_35.pdf
35,model,3,40,0.37192269,-2.34079500,band_35.pdf
35,model,3,41,0.38896625,-1.69947247,band_35.pdf
35,model,3,42,0.39467528,-1.55695636,band_35.pdf
35,model,3,43,0.40035647,-1.59019691,band_35.pdf
35,model,3,44,0.40603765,-1.61239316,band_35.pdf
35,model,3,45,0.41171884,-1.61991298,band_35.pdf
35,model,3,46,0.42308121,-1.60879444,band_35.pdf
35,model,3,47,0.43444358,-1.57455165,band_35.pdf
35,model,3,48,0.44583380,-1.51955838,band_35.pdf
35,model,3,49,0.45151498,-1.54436143,band_35.pdf
35,model,3,50,0.45719617,-1.73528172,band_35.pdf
35,model,3,51,0.46287735,-1.95338813,band_35.pdf
35,model,3,52,0.46855854,-2.15335476,band_35.pdf
35,model,3,53,0.47423972,-2.31933550,band_35.pdf
35,model,3,54,0.47992091,-2.44630785,band_35.pdf
35,model,3,55,0.48562994,-2.53531497,band_35.pdf
35,model,3,56,0.49131113,-2.59100286,band_35.pdf
35,model,3,57,0.49699231,-2.61969500,band_35.pdf
35,model,3,58,0.50267350,-2.62798362,band_35.pdf
35,model,3,59,0.50835468,-2.62199856,band_35.pdf
35,model,3,60,0.51971705,-2.58790567,band_35.pdf
35,model,3,61,0.53678846,-2.53445054,band_35.pdf
35,model,3,62,0.54815083,-2.51424348,band_35.pdf
35,model,3,63,0.56519439,-2.50075597,band_35.pdf
35,model,3,64,0.59619027,-2.50550280,band_35.pdf
35,model,3,65,0.60315250,-2.51847888,band_35.pdf
35,model,3,66,0.61011474,-2.54112897,band_35.pdf
35,model,3,67,0.61707697,-2.57258965,band_35.pdf
35,model,3,68,0.62403921,-2.61293682,band_35.pdf
35,model,3,69,0.63100145,-2.66218304,band_35.pdf
35,model,3,70,0.63796368,-2.71988068,band_35.pdf
35,model,3,71,0.65188816,-2.85564685,band_35.pdf
35,model,3,72,0.68669934,-3.22068873,band_35.pdf
35,model,3,73,0.70062382,-3.34346039,band_35.pdf
35,model,3,74,0.71454829,-3.44563390,band_35.pdf
35,model,3,75,0.72151053,-3.17451986,band_35.pdf
35,model,3,76,0.72847276,-2.86678902,band_35.pdf
35,model,3,77,0.73543500,-2.59065988,band_35.pdf
35,model,3,78,0.74239724,-2.35088671,band_35.pdf
35,model,3,79,0.74935947,-2.15197547,band_35.pdf
35,model,3,80,0.75632171,-1.99758719,band_35.pdf
35,model,3,81,0.76328395,-1.89159900,band_35.pdf
35,model,3,82,0.77720842,-1.87548775,band_35.pdf
35,model,3,83,0.79113290,-1.84418082,band_35.pdf
35,model,3,84,0.79809513,-1.89003675,band_35.pdf
35,model,3,85,0.81201961,-2.01569681,band_35.pdf
35,model,3,86,0.82594408,-2.13604179,band_35.pdf
35,model,3,87,0.83290632,-2.17997221,band_35.pdf
35,model,3,88,0.83986855,-2.20571801,band_35.pdf
35,model,3,89,0.84683079,-2.20830667,band_35.pdf
35,model,3,90,0.85379303,-2.18373381,band_35.pdf
35,model,3,91,0.86075526,-2.12938723,band_35.pdf
35,model,3,92,0.86771750,-2.04423431,band_35.pdf
35,model,3,93,0.87467974,-1.92870139,band_35.pdf
35,model,3,94,0.88164197,-1.78547987,band_35.pdf
35,model,3,95,0.88860421,-1.81812806,band_35.pdf
35,model,3,96,0.89556645,-1.88793735,band_35.pdf
35,model,3,97,0.90252868,-1.96685454,band_35.pdf
35,model,3,98,0.90949092,-2.05545380,band_35.pdf
35,model,3,99,0.92341540,-2.25770711,band_35.pdf
35,model,3,100,0.94430211,-2.57267278,band_35.pdf
35,model,3,101,0.95126434,-2.66573175,band_35.pdf
35,model,3,102,0.95822658,-2.74818765,band_35.pdf
35,model,3,103,0.96518881,-2.81914535,band_35.pdf
35,model,3,104,0.97215105,-2.87826174,band_35.pdf
35,model,3,105,0.97911329,-2.92525470,band_35.pdf
35,model,3,106,0.98607553,-2.95960739,band_35.pdf
35,model,3,107,0.99303776,-2.98063053,band_35.pdf
35,model,3,108,1.00000000,-2.98771783,band_35.pdf
35,model,3,109,1.00000000,-2.98771783,band_35.pdf
35,model,4,0,0.00000000,-2.47248189,band_35.pdf
35,model,4,1,0.00804834,-2.46951119,band_35.pdf
35,model,4,2,0.01606884,-2.45863575,band_35.pdf
35,model,4,3,0.02411719,-2.43576129,band_35.pdf
35,model,4,4,0.03216554,-2.39894702,band_35.pdf
35,model,4,5,0.04018603,-2.34889302,band_35.pdf
35,model,4,6,0.04823438,-2.28684302,band_35.pdf
35,model,4,7,0.05628272,-2.21398192,band_35.pdf
35,model,4,8,0.07235157,-2.04647850,band_35.pdf
35,model,4,9,0.08039991,-2.20608043,band_35.pdf
35,model,4,10,0.08842041,-2.34417581,band_35.pdf
35,model,4,11,0.09646875,-2.30956984,band_35.pdf
35,model,4,12,0.10451710,-2.24465555,band_35.pdf
35,model,4,13,0.11253760,-2.16632373,band_35.pdf
35,model,4,14,0.12058594,-2.07505464,band_35.pdf
35,model,4,15,0.12863429,-1.97059469,band_35.pdf
35,model,4,16,0.13665478,-1.85259451,band_35.pdf
35,model,4,17,0.14470313,-1.72109799,band_35.pdf
35,model,4,18,0.15275148,-1.57696607,band_35.pdf
35,model,4,19,0.16882032,-1.26036640,band_35.pdf
35,model,4,20,0.19293751,-0.76981198,band_35.pdf
35,model,4,21,0.20098585,-0.61979744,band_35.pdf
35,model,4,22,0.20903420,-0.48520148,band_35.pdf
35,model,4,23,0.21705470,-0.37282707,band_35.pdf
35,model,4,24,0.22510304,-0.29103819,band_35.pdf
35,model,4,25,0.23315139,-0.24588346,band_35.pdf
35,model,4,26,0.24117188,-0.23261239,band_35.pdf
35,model,4,27,0.24685307,-0.24135099,band_35.pdf
35,model,4,28,0.25256210,-0.27260709,band_35.pdf
35,model,4,29,0.25824329,-0.33047537,band_35.pdf
35,model,4,30,0.26392447,-0.41373556,band_35.pdf
35,model,4,31,0.26960566,-0.51951300,band_35.pdf
35,model,4,32,0.27528684,-0.64446907,band_35.pdf
35,model,4,33,0.28096803,-0.78523091,band_35.pdf
35,model,4,34,0.29233040,-1.10133953,band_35.pdf
35,model,4,35,0.30940180,-1.61835013,band_35.pdf
35,model,4,36,0.32076417,-1.96241219,band_35.pdf
35,model,4,37,0.32644536,-2.01064112,band_35.pdf
35,model,4,38,0.33780773,-1.74091591,band_35.pdf
35,model,4,39,0.34348892,-1.65749990,band_35.pdf
35,model,4,40,0.34919795,-1.64177732,band_35.pdf
35,model,4,41,0.35487914,-1.61590230,band_35.pdf
35,model,4,42,0.36624151,-1.53590253,band_35.pdf
35,model,4,43,0.37760388,-1.44935207,band_35.pdf
35,model,4,44,0.38328506,-1.45098565,band_35.pdf
35,model,4,45,0.38896625,-1.50190622,band_35.pdf
35,model,4,46,0.39467528,-1.49020059,band_35.pdf
35,model,4,47,0.40035647,-1.31220530,band_35.pdf
35,model,4,48,0.40603765,-1.25763507,band_35.pdf
35,model,4,49,0.41171884,-1.25189317,band_35.pdf
35,model,4,50,0.42308121,-1.26132823,band_35.pdf
35,model,4,51,0.42876239,-1.27442132,band_35.pdf
35,model,4,52,0.43444358,-1.29573644,band_35.pdf
35,model,4,53,0.44015261,-1.33058480,band_35.pdf
35,model,4,54,0.45151498,-1.45998702,band_35.pdf
35,model,4,55,0.45719617,-1.42858571,band_35.pdf
35,model,4,56,0.46287735,-1.38879713,band_35.pdf
35,model,4,57,0.46855854,-1.36767516,band_35.pdf
35,model,4,58,0.47423972,-1.38287180,band_35.pdf
35,model,4,59,0.49131113,-1.45304505,band_35.pdf
35,model,4,60,0.49699231,-1.47257526,band_35.pdf
35,model,4,61,0.50267350,-1.50086783,band_35.pdf
35,model,4,62,0.50835468,-1.59830144,band_35.pdf
35,model,4,63,0.51971705,-1.82999490,band_35.pdf
35,model,4,64,0.53110727,-2.04094901,band_35.pdf
35,model,4,65,0.53678846,-2.13475818,band_35.pdf
35,model,4,66,0.54246965,-2.21918194,band_35.pdf
35,model,4,67,0.54815083,-2.29315453,band_35.pdf
35,model,4,68,0.55383202,-2.35576916,band_35.pdf
35,model,4,69,0.55951320,-2.40615709,band_35.pdf
35,model,4,70,0.56519439,-2.44311556,band_35.pdf
35,model,4,71,0.57087557,-2.46455012,band_35.pdf
35,model,4,72,0.58226579,-2.47248189,band_35.pdf
35,model,4,73,0.58922803,-2.47017981,band_35.pdf
35,model,4,74,0.59619027,-2.45224574,band_35.pdf
35,model,4,75,0.60315250,-2.40723030,band_35.pdf
35,model,4,76,0.61011474,-2.33791443,band_35.pdf
35,model,4,77,0.61707697,-2.24629127,band_35.pdf
35,model,4,78,0.62403921,-2.13337065,band_35.pdf
35,model,4,79,0.63100145,-2.00023670,band_35.pdf
35,model,4,80,0.63796368,-1.84811382,band_35.pdf
35,model,4,81,0.64492592,-1.67839506,band_35.pdf
35,model,4,82,0.65188816,-1.49452338,band_35.pdf
35,model,4,83,0.65885040,-1.38364682,band_35.pdf
35,model,4,84,0.67973711,-1.34919299,band_35.pdf
35,model,4,85,0.68669934,-1.35926847,band_35.pdf
35,model,4,86,0.69366158,-1.41145747,band_35.pdf
35,model,4,87,0.71454829,-1.62835712,band_35.pdf
35,model,4,88,0.72847276,-1.74927497,band_35.pdf
35,model,4,89,0.73543500,-1.79750632,band_35.pdf
35,model,4,90,0.74239724,-1.83587088,band_35.pdf
35,model,4,91,0.74935947,-1.86349489,band_35.pdf
35,model,4,92,0.75632171,-1.88017030,band_35.pdf
35,model,4,93,0.76328395,-1.88478394,band_35.pdf
35,model,4,94,0.77024618,-1.88227485,band_35.pdf
35,model,4,95,0.78417066,-1.85751446,band_35.pdf
35,model,4,96,0.79809513,-1.81929957,band_35.pdf
35,model,4,97,0.81201961,-1.76173867,band_35.pdf
35,model,4,98,0.83290632,-1.66010989,band_35.pdf
35,model,4,99,0.83986855,-1.63443258,band_35.pdf
35,model,4,100,0.84683079,-1.61966378,band_35.pdf
35,model,4,101,0.85379303,-1.61879840,band_35.pdf
35,model,4,102,0.86075526,-1.63313102,band_35.pdf
35,model,4,103,0.86771750,-1.66214678,band_35.pdf
35,model,4,104,0.87467974,-1.70397396,band_35.pdf
35,model,4,105,0.88860421,-1.80605285,band_35.pdf
35,model,4,106,0.89556645,-1.87745289,band_35.pdf
35,model,4,107,0.90252868,-1.95796699,band_35.pdf
35,model,4,108,0.90949092,-2.04796723,band_35.pdf
35,model,4,109,0.92341540,-2.24392046,band_35.pdf
35,model,4,110,0.93037763,-2.03685716,band_35.pdf
35,model,4,111,0.95126434,-1.23967333,band_35.pdf
35,model,4,112,0.95822658,-0.99442222,band_35.pdf
35,model,4,113,0.96518881,-0.77172053,band_35.pdf
35,model,4,114,0.97215105,-0.57827083,band_35.pdf
35,model,4,115,0.97911329,-0.42062497,band_35.pdf
35,model,4,116,0.98607553,-0.30635285,band_35.pdf
35,model,4,117,0.99303776,-0.24612739,band_35.pdf
35,model,4,118,1.00000000,-0.23261239,band_35.pdf
35,model,4,119,1.00000000,-0.23261239,band_35.pdf
35,model,5,0,0.00000000,-1.30631250,band_35.pdf
35,model,5,1,0.00804834,-1.31426553,band_35.pdf
35,model,5,2,0.01606884,-1.34147950,band_35.pdf
35,model,5,3,0.02411719,-1.38759683,band_35.pdf
35,model,5,4,0.03216554,-1.45260052,band_35.pdf
35,model,5,5,0.04018603,-1.53658459,band_35.pdf
35,model,5,6,0.04823438,-1.63929850,band_35.pdf
35,model,5,7,0.05628272,-1.75984510,band_35.pdf
35,model,5,8,0.07235157,-2.04074970,band_35.pdf
35,model,5,9,0.08842041,-1.83865061,band_35.pdf
35,model,5,10,0.10451710,-1.61471604,band_35.pdf
35,model,5,11,0.12863429,-1.26167602,band_35.pdf
35,model,5,12,0.13665478,-1.27738366,band_35.pdf
35,model,5,13,0.14470313,-1.48868994,band_35.pdf
35,model,5,14,0.15275148,-1.57276734,band_35.pdf
35,model,5,15,0.16079982,-1.42199093,band_35.pdf
35,model,5,16,0.20098585,-0.61661245,band_35.pdf
35,model,5,17,0.20903420,-0.48013116,band_35.pdf
35,model,5,18,0.21705470,-0.36409137,band_35.pdf
35,model,5,19,0.22510304,-0.27483191,band_35.pdf
35,model,5,20,0.23315139,-0.21832835,band_35.pdf
35,model,5,21,0.24117188,-0.19895705,band_35.pdf
35,model,5,22,0.24685307,-0.20536780,band_35.pdf
35,model,5,23,0.25256210,-0.22842504,band_35.pdf
35,model,5,24,0.25824329,-0.27527497,band_35.pdf
35,model,5,25,0.26392447,-0.34148898,band_35.pdf
35,model,5,26,0.26960566,-0.42321446,band_35.pdf
35,model,5,27,0.27528684,-0.51835914,band_35.pdf
35,model,5,28,0.28096803,-0.62499965,band_35.pdf
35,model,5,29,0.29233040,-0.86398262,band_35.pdf
35,model,5,30,0.30940180,-1.24193992,band_35.pdf
35,model,5,31,0.31508299,-1.35658406,band_35.pdf
35,model,5,32,0.32076417,-1.45697509,band_35.pdf
35,model,5,33,0.32644536,-1.53808872,band_35.pdf
35,model,5,34,0.33212655,-1.59591997,band_35.pdf
35,model,5,35,0.33780773,-1.62593867,band_35.pdf
35,model,5,36,0.34348892,-1.56983231,band_35.pdf
35,model,5,37,0.34919795,-1.41770908,band_35.pdf
35,model,5,38,0.36056032,-1.07871569,band_35.pdf
35,model,5,39,0.36624151,-1.14558285,band_35.pdf
35,model,5,40,0.37192269,-1.24811131,band_35.pdf
35,model,5,41,0.37760388,-1.33173385,band_35.pdf
35,model,5,42,0.38328506,-1.36196378,band_35.pdf
35,model,5,43,0.40035647,-1.27414179,band_35.pdf
35,model,5,44,0.40603765,-1.17677857,band_35.pdf
35,model,5,45,0.41171884,-1.12439328,band_35.pdf
35,model,5,46,0.42876239,-1.12950762,band_35.pdf
35,model,5,47,0.44583380,-1.14877791,band_35.pdf
35,model,5,48,0.45151498,-1.15878928,band_35.pdf
35,model,5,49,0.45719617,-1.22436963,band_35.pdf
35,model,5,50,0.46287735,-1.27582058,band_35.pdf
35,model,5,51,0.46855854,-1.28783157,band_35.pdf
35,model,5,52,0.47992091,-1.22842806,band_35.pdf
35,model,5,53,0.48562994,-1.23248892,band_35.pdf
35,model,5,54,0.49131113,-1.24880054,band_35.pdf
35,model,5,55,0.49699231,-1.33902462,band_35.pdf
35,model,5,56,0.50267350,-1.44850055,band_35.pdf
35,model,5,57,0.50835468,-1.48354266,band_35.pdf
35,model,5,58,0.51403587,-1.48979326,band_35.pdf
35,model,5,59,0.51971705,-1.48790455,band_35.pdf
35,model,5,60,0.53110727,-1.46392482,band_35.pdf
35,model,5,61,0.54246965,-1.41955495,band_35.pdf
35,model,5,62,0.55951320,-1.34628060,band_35.pdf
35,model,5,63,0.57087557,-1.31368188,band_35.pdf
35,model,5,64,0.58226579,-1.30631250,band_35.pdf
35,model,5,65,0.59619027,-1.31448629,band_35.pdf
35,model,5,66,0.61011474,-1.33678398,band_35.pdf
35,model,5,67,0.63100145,-1.37621748,band_35.pdf
35,model,5,68,0.64492592,-1.38678821,band_35.pdf
35,model,5,69,0.65188816,-1.38299681,band_35.pdf
35,model,5,70,0.65885040,-1.35194761,band_35.pdf
35,model,5,71,0.67277487,-1.31664837,band_35.pdf
35,model,5,72,0.67973711,-1.30244402,band_35.pdf
35,model,5,73,0.68669934,-1.31519833,band_35.pdf
35,model,5,74,0.70062382,-1.47282956,band_35.pdf
35,model,5,75,0.71454829,-1.62308286,band_35.pdf
35,model,5,76,0.72151053,-1.68841313,band_35.pdf
35,model,5,77,0.72847276,-1.74600768,band_35.pdf
35,model,5,78,0.73543500,-1.79472315,band_35.pdf
35,model,5,79,0.74239724,-1.83340367,band_35.pdf
35,model,5,80,0.74935947,-1.86124300,band_35.pdf
35,model,5,81,0.75632171,-1.87809745,band_35.pdf
35,model,5,82,0.76328395,-1.88402242,band_35.pdf
35,model,5,83,0.77024618,-1.82446599,band_35.pdf
35,model,5,84,0.77720842,-1.79964281,band_35.pdf
35,model,5,85,0.78417066,-1.80724130,band_35.pdf
35,model,5,86,0.79113290,-1.83760038,band_35.pdf
35,model,5,87,0.80505737,-1.78611785,band_35.pdf
35,model,5,88,0.81898184,-1.71858350,band_35.pdf
35,model,5,89,0.83290632,-1.64818374,band_35.pdf
35,model,5,90,0.83986855,-1.62112217,band_35.pdf
35,model,5,91,0.84683079,-1.60517024,band_35.pdf
35,model,5,92,0.85379303,-1.60348179,band_35.pdf
35,model,5,93,0.86075526,-1.61747368,band_35.pdf
35,model,5,94,0.86771750,-1.64668370,band_35.pdf
35,model,5,95,0.87467974,-1.68921600,band_35.pdf
35,model,5,96,0.88164197,-1.74204748,band_35.pdf
35,model,5,97,0.88860421,-1.61074530,band_35.pdf
35,model,5,98,0.89556645,-1.41212674,band_35.pdf
35,model,5,99,0.90252868,-1.18823648,band_35.pdf
35,model,5,100,0.91645316,-0.70565642,band_35.pdf
35,model,5,101,0.92341540,-0.61076289,band_35.pdf
35,model,5,102,0.93733987,-0.49968447,band_35.pdf
35,model,5,103,0.95126434,-0.40029799,band_35.pdf
35,model,5,104,0.96518881,-0.31592454,band_35.pdf
35,model,5,105,0.97911329,-0.25288314,band_35.pdf
35,model,5,106,0.99303776,-0.20953198,band_35.pdf
35,model,5,107,1.00000000,-0.19895705,band_35.pdf
35,model,5,108,1.00000000,-0.19895705,band_35.pdf
35,model,6,0,0.00000000,-1.29909319,band_35.pdf
35,model,6,1,0.00804834,-1.29669412,band_35.pdf
35,model,6,2,0.01606884,-1.28617595,band_35.pdf
35,model,6,3,0.02411719,-1.26801502,band_35.pdf
35,model,6,4,0.03216554,-1.24244637,band_35.pdf
35,model,6,5,0.04018603,-1.20965350,band_35.pdf
35,model,6,6,0.05628272,-1.12371560,band_35.pdf
35,model,6,7,0.06430322,-1.07044331,band_35.pdf
35,model,6,8,0.07235157,-1.00810009,band_35.pdf
35,model,6,9,0.08039991,-0.93234366,band_35.pdf
35,model,6,10,0.08842041,-0.83683703,band_35.pdf
35,model,6,11,0.09646875,-0.71435823,band_35.pdf
35,model,6,12,0.10451710,-0.55722742,band_35.pdf
35,model,6,13,0.11253760,-0.54779692,band_35.pdf
35,model,6,14,0.12863429,-1.01413734,band_35.pdf
35,model,6,15,0.13665478,-1.10901321,band_35.pdf
35,model,6,16,0.15275148,-0.89266593,band_35.pdf
35,model,6,17,0.16882032,-0.68402747,band_35.pdf
35,model,6,18,0.18491701,-0.50053202,band_35.pdf
35,model,6,19,0.19293751,-0.42069423,band_35.pdf
35,model,6,20,0.20098585,-0.35070666,band_35.pdf
35,model,6,21,0.20903420,-0.29172476,band_35.pdf
35,model,6,22,0.21705470,-0.24377430,band_35.pdf
35,model,6,23,0.22510304,-0.20510942,band_35.pdf
35,model,6,24,0.23315139,-0.17536023,band_35.pdf
35,model,6,25,0.24117188,-0.16319680,band_35.pdf
35,model,6,26,0.25824329,-0.18715159,band_35.pdf
35,model,6,27,0.26960566,-0.18103050,band_35.pdf
35,model,6,28,0.28664922,-0.15545883,band_35.pdf
35,model,6,29,0.32076417,-0.08683782,band_35.pdf
35,model,6,30,0.32644536,-0.10008496,band_35.pdf
35,model,6,31,0.33212655,-0.25899493,band_35.pdf
35,model,6,32,0.34348892,-0.60043692,band_35.pdf
35,model,6,33,0.34919795,-0.75558446,band_35.pdf
35,model,6,34,0.35487914,-0.89848966,band_35.pdf
35,model,6,35,0.36056032,-1.02811975,band_35.pdf
35,model,6,36,0.36624151,-0.89735553,band_35.pdf
35,model,6,37,0.38328506,-0.32664747,band_35.pdf
35,model,6,38,0.38896625,-0.13669381,band_35.pdf
35,model,6,39,0.39467528,0.03671977,band_35.pdf
35,model,6,40,0.40035647,0.05569488,band_35.pdf
35,model,6,41,0.41171884,0.05871055,band_35.pdf
35,model,6,42,0.41740002,0.05016397,band_35.pdf
35,model,6,43,0.42308121,0.02378179,band_35.pdf
35,model,6,44,0.42876239,-0.13829623,band_35.pdf
35,model,6,45,0.44583380,-0.93284561,band_35.pdf
35,model,6,46,0.45151498,-1.12271200,band_35.pdf
35,model,6,47,0.45719617,-1.16973007,band_35.pdf
35,model,6,48,0.47423972,-1.20051296,band_35.pdf
35,model,6,49,0.47992091,-1.18680813,band_35.pdf
35,model,6,50,0.48562994,-1.14366303,band_35.pdf
35,model,6,51,0.49131113,-1.19620403,band_35.pdf
35,model,6,52,0.49699231,-1.23766518,band_35.pdf
35,model,6,53,0.51403587,-1.26317760,band_35.pdf
35,model,6,54,0.54246965,-1.29241938,band_35.pdf
35,model,6,55,0.56519439,-1.30217818,band_35.pdf
35,model,6,56,0.59619027,-1.30709682,band_35.pdf
35,model,6,57,0.63796368,-1.36061541,band_35.pdf
35,model,6,58,0.64492592,-1.35916644,band_35.pdf
35,model,6,59,0.65188816,-1.35063835,band_35.pdf
35,model,6,60,0.65885040,-1.27018906,band_35.pdf
35,model,6,61,0.66581263,-1.07003355,band_35.pdf
35,model,6,62,0.67277487,-1.09876621,band_35.pdf
35,model,6,63,0.67973711,-1.19054739,band_35.pdf
35,model,6,64,0.68669934,-1.25746704,band_35.pdf
35,model,6,65,0.69366158,-1.26519777,band_35.pdf
35,model,6,66,0.70758605,-1.23889676,band_35.pdf
35,model,6,67,0.75632171,-1.11618885,band_35.pdf
35,model,6,68,0.77024618,-1.09920743,band_35.pdf
35,model,6,69,0.79113290,-1.08848544,band_35.pdf
35,model,6,70,0.81898184,-1.10308978,band_35.pdf
35,model,6,71,0.83290632,-1.10805831,band_35.pdf
35,model,6,72,0.84683079,-1.09475761,band_35.pdf
35,model,6,73,0.85379303,-1.07716428,band_35.pdf
35,model,6,74,0.86075526,-1.05182368,band_35.pdf
35,model,6,75,0.87467974,-0.98101866,band_35.pdf
35,model,6,76,0.88860421,-0.88844961,band_35.pdf
35,model,6,77,0.90252868,-0.77682096,band_35.pdf
35,model,6,78,0.95126434,-0.37543031,band_35.pdf
35,model,6,79,0.96518881,-0.28383618,band_35.pdf
35,model,6,80,0.97911329,-0.21569993,band_35.pdf
35,model,6,81,0.99303776,-0.17278235,band_35.pdf
35,model,6,82,1.00000000,-0.16319680,band_35.pdf
35,model,6,83,1.00000000,-0.16319680,band_35.pdf
35,model,7,0,0.00000000,-0.38357863,band_35.pdf
35,model,7,1,0.03216554,-0.37990626,band_35.pdf
35,model,7,2,0.04823438,-0.38605697,band_35.pdf
35,model,7,3,0.05628272,-0.38298028,band_35.pdf
35,model,7,4,0.06430322,-0.37309861,band_35.pdf
35,model,7,5,0.07235157,-0.35480532,band_35.pdf
35,model,7,6,0.08039991,-0.32692126,band_35.pdf
35,model,7,7,0.08842041,-0.28877936,band_35.pdf
35,model,7,8,0.09646875,-0.24117052,band_35.pdf
35,model,7,9,0.10451710,-0.31211868,band_35.pdf
35,model,7,10,0.11253760,-0.35613520,band_35.pdf
35,model,7,11,0.12058594,-0.10564265,band_35.pdf
35,model,7,12,0.12863429,0.08811817,band_35.pdf
35,model,7,13,0.13665478,0.22597276,band_35.pdf
35,model,7,14,0.14470313,0.37616321,band_35.pdf
35,model,7,15,0.15275148,0.54179557,band_35.pdf
35,model,7,16,0.16882032,0.90778590,band_35.pdf
35,model,7,17,0.20098585,1.68356267,band_35.pdf
35,model,7,18,0.20903420,1.86167598,band_35.pdf
35,model,7,19,0.21705470,2.01606106,band_35.pdf
35,model,7,20,0.22510304,2.13271608,band_35.pdf
35,model,7,21,0.23315139,2.19820969,band_35.pdf
35,model,7,22,0.24117188,2.21656999,band_35.pdf
35,model,7,23,0.24685307,2.20435075,band_35.pdf
35,model,7,24,0.25256210,2.16066472,band_35.pdf
35,model,7,25,0.25824329,2.08201130,band_35.pdf
35,model,7,26,0.26392447,1.97191403,band_35.pdf
35,model,7,27,0.26960566,1.83563051,band_35.pdf
35,model,7,28,0.27528684,1.67856670,band_35.pdf
35,model,7,29,0.28664922,1.32101074,band_35.pdf
35,model,7,30,0.30372062,0.72859695,band_35.pdf
35,model,7,31,0.32076417,0.12976980,band_35.pdf
35,model,7,32,0.32644536,-0.03821531,band_35.pdf
35,model,7,33,0.33212655,-0.05350585,band_35.pdf
35,model,7,34,0.35487914,-0.00764121,band_35.pdf
35,model,7,35,0.37760388,0.03525451,band_35.pdf
35,model,7,36,0.39467528,0.05982476,band_35.pdf
35,model,7,37,0.40035647,0.19908804,band_35.pdf
35,model,7,38,0.40603765,0.30885892,band_35.pdf
35,model,7,39,0.41171884,0.27475969,band_35.pdf
35,model,7,40,0.41740002,0.22365178,band_35.pdf
35,model,7,41,0.42308121,0.07998093,band_35.pdf
35,model,7,42,0.42876239,-0.01647852,band_35.pdf
35,model,7,43,0.43444358,-0.08292431,band_35.pdf
35,model,7,44,0.44015261,-0.21708397,band_35.pdf
35,model,7,45,0.44583380,-0.36622323,band_35.pdf
35,model,7,46,0.45151498,-0.49819581,band_35.pdf
35,model,7,47,0.45719617,-0.60540012,band_35.pdf
35,model,7,48,0.46287735,-0.68585634,band_35.pdf
35,model,7,49,0.46855854,-0.74398235,band_35.pdf
35,model,7,50,0.47423972,-0.81693469,band_35.pdf
35,model,7,51,0.48562994,-1.05592169,band_35.pdf
35,model,7,52,0.49131113,-1.06570477,band_35.pdf
35,model,7,53,0.50267350,-0.94578039,band_35.pdf
35,model,7,54,0.52539824,-0.69532725,band_35.pdf
35,model,7,55,0.53678846,-0.58385027,band_35.pdf
35,model,7,56,0.54815083,-0.49147199,band_35.pdf
35,model,7,57,0.55383202,-0.45431438,band_35.pdf
35,model,7,58,0.55951320,-0.42419869,band_35.pdf
35,model,7,59,0.56519439,-0.40205185,band_35.pdf
35,model,7,60,0.57087557,-0.38870127,band_35.pdf
35,model,7,61,0.58226579,-0.38357863,band_35.pdf
35,model,7,62,0.58922803,-0.38407252,band_35.pdf
35,model,7,63,0.59619027,-0.39263563,band_35.pdf
35,model,7,64,0.60315250,-0.41147471,band_35.pdf
35,model,7,65,0.61011474,-0.43942341,band_35.pdf
35,model,7,66,0.61707697,-0.47645079,band_35.pdf
35,model,7,67,0.62403921,-0.52298623,band_35.pdf
35,model,7,68,0.63100145,-0.57949027,band_35.pdf
35,model,7,69,0.63796368,-0.64613613,band_35.pdf
35,model,7,70,0.64492592,-0.72248487,band_35.pdf
35,model,7,71,0.65885040,-0.89830617,band_35.pdf
35,model,7,72,0.67973711,-1.17267085,band_35.pdf
35,model,7,73,0.68669934,-1.23373976,band_35.pdf
35,model,7,74,0.69366158,-1.24015661,band_35.pdf
35,model,7,75,0.70758605,-1.20751121,band_35.pdf
35,model,7,76,0.74239724,-1.11690001,band_35.pdf
35,model,7,77,0.75632171,-1.09366324,band_35.pdf
35,model,7,78,0.77024618,-1.08406774,band_35.pdf
35,model,7,79,0.83290632,-1.07392614,band_35.pdf
35,model,7,80,0.84683079,-1.05501732,band_35.pdf
35,model,7,81,0.86075526,-1.01320685,band_35.pdf
35,model,7,82,0.87467974,-0.94974082,band_35.pdf
35,model,7,83,0.88860421,-0.86883302,band_35.pdf
35,model,7,84,0.90252868,-0.77162941,band_35.pdf
35,model,7,85,0.90949092,-0.71220149,band_35.pdf
35,model,7,86,0.91645316,-0.61285328,band_35.pdf
35,model,7,87,0.92341540,-0.35216588,band_35.pdf
35,model,7,88,0.93733987,0.27868706,band_35.pdf
35,model,7,89,0.95126434,0.92175895,band_35.pdf
35,model,7,90,0.95822658,1.22480505,band_35.pdf
35,model,7,91,0.96518881,1.50418057,band_35.pdf
35,model,7,92,0.97215105,1.75147034,band_35.pdf
35,model,7,93,0.97911329,1.95756298,band_35.pdf
35,model,7,94,0.98607553,2.11149594,band_35.pdf
35,model,7,95,0.99303776,2.19726386,band_35.pdf
35,model,7,96,1.00000000,2.21656999,band_35.pdf
35,model,7,97,1.00000000,2.21656999,band_35.pdf
35,model,8,0,0.00000000,-0.36237040,band_35.pdf
35,model,8,1,0.01606884,-0.36768204,band_35.pdf
35,model,8,2,0.04823438,-0.38362792,band_35.pdf
35,model,8,3,0.05628272,-0.37978569,band_35.pdf
35,model,8,4,0.06430322,-0.36929720,band_35.pdf
35,model,8,5,0.07235157,-0.35043578,band_35.pdf
35,model,8,6,0.08039991,-0.32189466,band_35.pdf
35,model,8,7,0.08842041,-0.28272244,band_35.pdf
35,model,8,8,0.09646875,-0.23204373,band_35.pdf
35,model,8,9,0.10451710,-0.17058556,band_35.pdf
35,model,8,10,0.11253760,-0.09787406,band_35.pdf
35,model,8,11,0.12058594,-0.00666901,band_35.pdf
35,model,8,12,0.12863429,0.10284336,band_35.pdf
35,model,8,13,0.13665478,0.23172746,band_35.pdf
35,model,8,14,0.14470313,0.37962205,band_35.pdf
35,model,8,15,0.15275148,0.54439111,band_35.pdf
35,model,8,16,0.16882032,0.91004153,band_35.pdf
35,model,8,17,0.20903420,1.86672746,band_35.pdf
35,model,8,18,0.21705470,2.02385383,band_35.pdf
35,model,8,19,0.22510304,2.14706802,band_35.pdf
35,model,8,20,0.23315139,2.22582121,band_35.pdf
35,model,8,21,0.24117188,2.25291217,band_35.pdf
35,model,8,22,0.24685307,2.24404156,band_35.pdf
35,model,8,23,0.25256210,2.20913182,band_35.pdf
35,model,8,24,0.25824329,2.14217496,band_35.pdf
35,model,8,25,0.26392447,2.05104066,band_35.pdf
35,model,8,26,0.26960566,1.93999216,band_35.pdf
35,model,8,27,0.27528684,1.81217073,band_35.pdf
35,model,8,28,0.28664922,1.52068996,band_35.pdf
35,model,8,29,0.30372062,1.06364146,band_35.pdf
35,model,8,30,0.30940180,0.92897737,band_35.pdf
35,model,8,31,0.31508299,0.81407271,band_35.pdf
35,model,8,32,0.32076417,0.72510754,band_35.pdf
35,model,8,33,0.32644536,0.66674531,band_35.pdf
35,model,8,34,0.33212655,0.64108062,band_35.pdf
35,model,8,35,0.33780773,0.64716847,band_35.pdf
35,model,8,36,0.34348892,0.68137500,band_35.pdf
35,model,8,37,0.34919795,0.73834994,band_35.pdf
35,model,8,38,0.35487914,0.81209573,band_35.pdf
35,model,8,39,0.36624151,0.98679321,band_35.pdf
35,model,8,40,0.37760388,1.16446168,band_35.pdf
35,model,8,41,0.38328506,1.24026640,band_35.pdf
35,model,8,42,0.38896625,1.01366478,band_35.pdf
35,model,8,43,0.39467528,0.74406381,band_35.pdf
35,model,8,44,0.40035647,0.50938995,band_35.pdf
35,model,8,45,0.40603765,0.33928833,band_35.pdf
35,model,8,46,0.41171884,0.34957070,band_35.pdf
35,model,8,47,0.41740002,0.31880731,band_35.pdf
35,model,8,48,0.42308121,0.23213847,band_35.pdf
35,model,8,49,0.42876239,0.10438671,band_35.pdf
35,model,8,50,0.43444358,-0.03947990,band_35.pdf
35,model,8,51,0.44015261,-0.13652786,band_35.pdf
35,model,8,52,0.44583380,-0.22383652,band_35.pdf
35,model,8,53,0.45151498,-0.32138614,band_35.pdf
35,model,8,54,0.46287735,-0.54337601,band_35.pdf
35,model,8,55,0.46855854,-0.65984144,band_35.pdf
35,model,8,56,0.47423972,-0.74146691,band_35.pdf
35,model,8,57,0.47992091,-0.75827604,band_35.pdf
35,model,8,58,0.48562994,-0.74994862,band_35.pdf
35,model,8,59,0.49131113,-0.72672915,band_35.pdf
35,model,8,60,0.50267350,-0.65245552,band_35.pdf
35,model,8,61,0.51971705,-0.52144442,band_35.pdf
35,model,8,62,0.53110727,-0.45113508,band_35.pdf
35,model,8,63,0.54246965,-0.40422092,band_35.pdf
35,model,8,64,0.55383202,-0.37673898,band_35.pdf
35,model,8,65,0.56519439,-0.36149850,band_35.pdf
35,model,8,66,0.57658460,-0.36111896,band_35.pdf
35,model,8,67,0.59619027,-0.36635346,band_35.pdf
35,model,8,68,0.60315250,-0.38474427,band_35.pdf
35,model,8,69,0.61011474,-0.41392835,band_35.pdf
35,model,8,70,0.61707697,-0.45292454,band_35.pdf
35,model,8,71,0.62403921,-0.50184460,band_35.pdf
35,model,8,72,0.63100145,-0.56095773,band_35.pdf
35,model,8,73,0.63796368,-0.63027414,band_35.pdf
35,model,8,74,0.64492592,-0.70919471,band_35.pdf
35,model,8,75,0.66581263,-0.96997034,band_35.pdf
35,model,8,76,0.67277487,-0.79572989,band_35.pdf
35,model,8,77,0.67973711,-0.52993964,band_35.pdf
35,model,8,78,0.68669934,-0.23617165,band_35.pdf
35,model,8,79,0.69366158,0.08707599,band_35.pdf
35,model,8,80,0.70062382,0.44321682,band_35.pdf
35,model,8,81,0.70758605,0.83573141,band_35.pdf
35,model,8,82,0.71454829,1.26641402,band_35.pdf
35,model,8,83,0.72151053,1.67437100,band_35.pdf
35,model,8,84,0.73543500,1.73662789,band_35.pdf
35,model,8,85,0.74935947,1.78957071,band_35.pdf
35,model,8,86,0.76328395,1.83121600,band_35.pdf
35,model,8,87,0.77720842,1.85908613,band_35.pdf
35,model,8,88,0.79113290,1.87202103,band_35.pdf
35,model,8,89,0.80505737,1.85734981,band_35.pdf
35,model,8,90,0.81898184,1.82064177,band_35.pdf
35,model,8,91,0.83290632,1.76235076,band_35.pdf
35,model,8,92,0.86075526,1.62584613,band_35.pdf
35,model,8,93,0.86771750,1.59959880,band_35.pdf
35,model,8,94,0.87467974,1.58065490,band_35.pdf
35,model,8,95,0.88164197,1.57106526,band_35.pdf
35,model,8,96,0.88860421,1.57270495,band_35.pdf
35,model,8,97,0.89556645,1.58687642,band_35.pdf
35,model,8,98,0.90252868,1.61387152,band_35.pdf
35,model,8,99,0.90949092,1.65276124,band_35.pdf
35,model,8,100,0.92341540,1.75604885,band_35.pdf
35,model,8,101,0.94430211,1.92883452,band_35.pdf
35,model,8,102,0.95822658,2.04448961,band_35.pdf
35,model,8,103,0.97215105,2.14372483,band_35.pdf
35,model,8,104,0.97911329,2.18250311,band_35.pdf
35,model,8,105,0.99303776,2.23867269,band_35.pdf
35,model,8,106,1.00000000,2.25291217,band_35.pdf
35,model,8,107,1.00000000,2.25291217,band_35.pdf
35,model,9,0,0.00000000,-0.33101583,band_35.pdf
35,model,9,1,0.00804834,-0.32838415,band_35.pdf
35,model,9,2,0.01606884,-0.31732540,band_35.pdf
35,model,9,3,0.02411719,-0.29193870,band_35.pdf
35,model,9,4,0.03216554,-0.25030419,band_35.pdf
35,model,9,5,0.04018603,-0.19330828,band_35.pdf
35,model,9,6,0.04823438,-0.12215536,band_35.pdf
35,model,9,7,0.05628272,-0.03820121,band_35.pdf
35,model,9,8,0.06430322,0.05698276,band_35.pdf
35,model,9,9,0.07235157,0.16176874,band_35.pdf
35,model,9,10,0.08039991,0.27459729,band_35.pdf
35,model,9,11,0.08842041,0.16134328,band_35.pdf
35,model,9,12,0.09646875,-0.06710782,band_35.pdf
35,model,9,13,0.10451710,-0.16851585,band_35.pdf
35,model,9,14,0.11253760,-0.08927605,band_35.pdf
35,model,9,15,0.12058594,0.01880685,band_35.pdf
35,model,9,16,0.12863429,0.28628828,band_35.pdf
35,model,9,17,0.13665478,0.73381018,band_35.pdf
35,model,9,18,0.14470313,1.29593913,band_35.pdf
35,model,9,19,0.15275148,1.44164710,band_35.pdf
35,model,9,20,0.16882032,1.68807476,band_35.pdf
35,model,9,21,0.17686866,1.80108976,band_35.pdf
35,model,9,22,0.18491701,1.90456388,band_35.pdf
35,model,9,23,0.19293751,1.99663969,band_35.pdf
35,model,9,24,0.20098585,2.07597245,band_35.pdf
35,model,9,25,0.20903420,2.14192434,band_35.pdf
35,model,9,26,0.21705470,2.19489447,band_35.pdf
35,model,9,27,0.22510304,2.23715636,band_35.pdf
35,model,9,28,0.23315139,2.27172436,band_35.pdf
35,model,9,29,0.24117188,2.28753355,band_35.pdf
35,model,9,30,0.25824329,2.26398289,band_35.pdf
35,model,9,31,0.26960566,2.27325325,band_35.pdf
35,model,9,32,0.28664922,2.30018075,band_35.pdf
35,model,9,33,0.30940180,2.34988507,band_35.pdf
35,model,9,34,0.33780773,2.43046653,band_35.pdf
35,model,9,35,0.35487914,2.47387913,band_35.pdf
35,model,9,36,0.36056032,2.48213119,band_35.pdf
35,model,9,37,0.36624151,2.21490435,band_35.pdf
35,model,9,38,0.37760388,1.60215695,band_35.pdf
35,model,9,39,0.38328506,1.30837978,band_35.pdf
35,model,9,40,0.38896625,1.31617551,band_35.pdf
35,model,9,41,0.39467528,1.37256502,band_35.pdf
35,model,9,42,0.40035647,1.41448694,band_35.pdf
35,model,9,43,0.40603765,1.44022805,band_35.pdf
35,model,9,44,0.41171884,1.44890326,band_35.pdf
35,model,9,45,0.42876239,1.44545183,band_35.pdf
35,model,9,46,0.44015261,1.42759354,band_35.pdf
35,model,9,47,0.45151498,1.39489493,band_35.pdf
35,model,9,48,0.47423972,1.30889743,band_35.pdf
35,model,9,49,0.47992091,1.28650548,band_35.pdf
35,model,9,50,0.48562994,1.22749011,band_35.pdf
35,model,9,51,0.51403587,0.52056755,band_35.pdf
35,model,9,52,0.52539824,0.26848509,band_35.pdf
35,model,9,53,0.53678846,0.04791864,band_35.pdf
35,model,9,54,0.54246965,-0.04704782,band_35.pdf
35,model,9,55,0.54815083,-0.13002853,band_35.pdf
35,model,9,56,0.55383202,-0.20001687,band_35.pdf
35,model,9,57,0.55951320,-0.25623646,band_35.pdf
35,model,9,58,0.56519439,-0.29778328,band_35.pdf
35,model,9,59,0.57087557,-0.32256096,band_35.pdf
35,model,9,60,0.57658460,-0.33033388,band_35.pdf
35,model,9,61,0.58922803,-0.32880072,band_35.pdf
35,model,9,62,0.59619027,-0.30779915,band_35.pdf
35,model,9,63,0.60315250,-0.25704448,band_35.pdf
35,model,9,64,0.61011474,-0.18026028,band_35.pdf
35,model,9,65,0.61707697,-0.07911502,band_35.pdf
35,model,9,66,0.62403921,0.04497965,band_35.pdf
35,model,9,67,0.63100145,0.18979251,band_35.pdf
35,model,9,68,0.63796368,0.35254364,band_35.pdf
35,model,9,69,0.64492592,0.53068646,band_35.pdf
35,model,9,70,0.65188816,0.72294475,band_35.pdf
35,model,9,71,0.65885040,0.92992119,band_35.pdf
35,model,9,72,0.66581263,1.15388420,band_35.pdf
35,model,9,73,0.67277487,1.39500389,band_35.pdf
35,model,9,74,0.67973711,1.50818662,band_35.pdf
35,model,9,75,0.70062382,1.58682161,band_35.pdf
35,model,9,76,0.71454829,1.64675291,band_35.pdf
35,model,9,77,0.72847276,1.73567684,band_35.pdf
35,model,9,78,0.74239724,1.79023956,band_35.pdf
35,model,9,79,0.75632171,1.83285426,band_35.pdf
35,model,9,80,0.77024618,1.86076451,band_35.pdf
35,model,9,81,0.78417066,1.87257915,band_35.pdf
35,model,9,82,0.80505737,1.86800467,band_35.pdf
35,model,9,83,0.81898184,1.84180284,band_35.pdf
35,model,9,84,0.83290632,1.79248648,band_35.pdf
35,model,9,85,0.86771750,1.63653363,band_35.pdf
35,model,9,86,0.87467974,1.61537020,band_35.pdf
35,model,9,87,0.88164197,1.60241859,band_35.pdf
35,model,9,88,0.88860421,1.59971818,band_35.pdf
35,model,9,89,0.89556645,1.60878075,band_35.pdf
35,model,9,90,0.90252868,1.63013106,band_35.pdf
35,model,9,91,0.90949092,1.66307306,band_35.pdf
35,model,9,92,0.91645316,1.70583417,band_35.pdf
35,model,9,93,0.92341540,1.75774127,band_35.pdf
35,model,9,94,0.94430211,1.94696517,band_35.pdf
35,model,9,95,0.95822658,2.07183332,band_35.pdf
35,model,9,96,0.97215105,2.17828702,band_35.pdf
35,model,9,97,0.97911329,2.21963317,band_35.pdf
35,model,9,98,0.98607553,2.25146107,band_35.pdf
35,model,9,99,0.99303776,2.27507276,band_35.pdf
35,model,9,100,1.00000000,2.28753355,band_35.pdf
35,model,9,101,1.00000000,2.28753355,band_35.pdf
35,model,10,0,0.00000000,1.57636873,band_35.pdf
35,model,10,1,0.00804834,1.56381402,band_35.pdf
35,model,10,2,0.01606884,1.52531083,band_35.pdf
35,model,10,3,0.02411719,1.46119331,band_35.pdf
35,model,10,4,0.03216554,1.37183710,band_35.pdf
35,model,10,5,0.04018603,1.25807860,band_35.pdf
35,model,10,6,0.04823438,1.12129094,band_35.pdf
35,model,10,7,0.05628272,0.96323965,band_35.pdf
35,model,10,8,0.06430322,0.78594592,band_35.pdf
35,model,10,9,0.07235157,0.59154705,band_35.pdf
35,model,10,10,0.08039991,0.38241352,band_35.pdf
35,model,10,11,0.08842041,0.39406493,band_35.pdf
35,model,10,12,0.10451710,0.64771557,band_35.pdf
35,model,10,13,0.14470313,1.31205019,band_35.pdf
35,model,10,14,0.15275148,1.94509809,band_35.pdf
35,model,10,15,0.17686866,4.05329617,band_35.pdf
35,model,10,16,0.18491701,4.77736313,band_35.pdf
35,model,10,17,0.19293751,5.55333335,band_35.pdf
35,model,10,18,0.20098585,6.40853856,band_35.pdf
35,model,10,19,0.21708078,8.28298041,band_35.pdf
35,model,11,0,0.27463263,8.28298041,band_35.pdf
35,model,11,1,0.28664922,7.40000389,band_35.pdf
35,model,11,2,0.29801159,6.63135868,band_35.pdf
35,model,11,3,0.31508299,5.51834658,band_35.pdf
35,model,11,4,0.34919795,3.21196139,band_35.pdf
35,model,11,5,0.36056032,2.53781986,band_35.pdf
35,model,11,6,0.36624151,2.49680941,band_35.pdf
35,model,11,7,0.38328506,2.51893924,band_35.pdf
35,model,11,8,0.38896625,2.39963720,band_35.pdf
35,model,11,9,0.39467528,2.17722488,band_35.pdf
35,model,11,10,0.40035647,1.99498726,band_35.pdf
35,model,11,11,0.40603765,1.87078376,band_35.pdf
35,model,11,12,0.41171884,1.82573023,band_35.pdf
35,model,11,13,0.42876239,1.81697782,band_35.pdf
35,model,11,14,0.44015261,1.80028553,band_35.pdf
35,model,11,15,0.45719617,1.75897807,band_35.pdf
35,model,11,16,0.46287735,1.74008187,band_35.pdf
35,model,11,17,0.46855854,1.68003374,band_35.pdf
35,model,11,18,0.47992091,1.39382462,band_35.pdf
35,model,11,19,0.48562994,1.28490217,band_35.pdf
35,model,11,20,0.49131113,1.26380248,band_35.pdf
35,model,11,21,0.50267350,1.25071591,band_35.pdf
35,model,11,22,0.50835468,1.25413381,band_35.pdf
35,model,11,23,0.51403587,1.26464896,band_35.pdf
35,model,11,24,0.51971705,1.28232963,band_35.pdf
35,model,11,25,0.53110727,1.33702671,band_35.pdf
35,model,11,26,0.56519439,1.54060635,band_35.pdf
35,model,11,27,0.57087557,1.56063548,band_35.pdf
35,model,11,28,0.57658460,1.57299035,band_35.pdf
35,model,11,29,0.58226579,1.57636873,band_35.pdf
35,model,11,30,0.59619027,1.56444229,band_35.pdf
35,model,11,31,0.61011474,1.53291021,band_35.pdf
35,model,11,32,0.63100145,1.47929416,band_35.pdf
35,model,11,33,0.64492592,1.46109685,band_35.pdf
35,model,11,34,0.65885040,1.46589274,band_35.pdf
35,model,11,35,0.66581263,1.47692501,band_35.pdf
35,model,11,36,0.67277487,1.49474924,band_35.pdf
35,model,11,37,0.67973711,1.53982013,band_35.pdf
35,model,11,38,0.70062382,1.62115890,band_35.pdf
35,model,11,39,0.71454829,1.68223670,band_35.pdf
35,model,11,40,0.72151053,1.76428734,band_35.pdf
35,model,11,41,0.72847276,2.25471461,band_35.pdf
35,model,11,42,0.73543500,2.80100024,band_35.pdf
35,model,11,43,0.74239724,3.38701181,band_35.pdf
35,model,11,44,0.74935947,4.02136927,band_35.pdf
35,model,11,45,0.75632171,4.72142243,band_35.pdf
35,model,11,46,0.76328395,5.51067995,band_35.pdf
35,model,11,47,0.77024618,6.41317993,band_35.pdf
35,model,11,48,0.77720842,7.44708245,band_35.pdf
35,model,11,49,0.78217673,8.28298041,band_35.pdf
35,model,12,0,0.81208445,8.28298041,band_35.pdf
35,model,12,1,0.81898184,7.85712585,band_35.pdf
35,model,12,2,0.82594408,7.47341190,band_35.pdf
35,model,12,3,0.83290632,7.13261583,band_35.pdf
35,model,12,4,0.83986855,6.83351577,band_35.pdf
35,model,12,5,0.84683079,6.57836337,band_35.pdf
35,model,12,6,0.85379303,6.37332482,band_35.pdf
35,model,12,7,0.86075526,6.22761488,band_35.pdf
35,model,12,8,0.86771750,6.15116359,band_35.pdf
35,model,12,9,0.87467974,6.15164060,band_35.pdf
35,model,12,10,0.88164197,6.23154895,band_35.pdf
35,model,12,11,0.88860421,6.38620361,band_35.pdf
35,model,12,12,0.89556645,6.60314473,band_35.pdf
35,model,12,13,0.90252868,6.86328693,band_35.pdf
35,model,12,14,0.91645316,7.42365539,band_35.pdf
35,model,12,15,0.92341540,7.68606845,band_35.pdf
35,model,12,16,0.93037763,7.92420826,band_35.pdf
35,model,12,17,0.94214045,8.28298041,band_35.pdf
35,model,12,18,0.94214045,8.28298041,band_35.pdf
35,model,13,0,0.00000000,1.57755523,band_35.pdf
35,model,13,1,0.00804834,1.58204113,band_35.pdf
35,model,13,2,0.01606884,1.59635876,band_35.pdf
35,model,13,3,0.02411719,1.62016893,band_35.pdf
35,model,13,4,0.03216554,1.65297317,band_35.pdf
35,model,13,5,0.04823438,1.74095086,band_35.pdf
35,model,13,6,0.06430322,1.84993718,band_35.pdf
35,model,13,7,0.08039991,1.97402853,band_35.pdf
35,model,13,8,0.09646875,2.11200541,band_35.pdf
35,model,13,9,0.10451710,2.19169372,band_35.pdf
35,model,13,10,0.11253760,2.28980411,band_35.pdf
35,model,13,11,0.12058594,2.42160624,band_35.pdf
35,model,13,12,0.12863429,2.60418370,band_35.pdf
35,model,13,13,0.13665478,2.84961676,band_35.pdf
35,model,13,14,0.14470313,3.15969749,band_35.pdf
35,model,13,15,0.15275148,3.52958308,band_35.pdf
35,model,13,16,0.16079982,3.96028145,band_35.pdf
35,model,13,17,0.16882032,4.46953744,band_35.pdf
35,model,13,18,0.17686866,5.08901003,band_35.pdf
35,model,13,19,0.18491701,5.84655412,band_35.pdf
35,model,13,20,0.19293751,6.74303384,band_35.pdf
35,model,13,21,0.20528719,8.28298041,band_35.pdf
35,model,14,0,0.29381154,8.28298041,band_35.pdf
35,model,14,1,0.30372062,7.44578925,band_35.pdf
35,model,14,2,0.30940180,6.98823157,band_35.pdf
35,model,14,3,0.31508299,6.56177038,band_35.pdf
35,model,14,4,0.32076417,6.16914541,band_35.pdf
35,model,14,5,0.32644536,5.80779995,band_35.pdf
35,model,14,6,0.33780773,5.14996815,band_35.pdf
35,model,14,7,0.37760388,2.94317224,band_35.pdf
35,model,14,8,0.38328506,2.66293246,band_35.pdf
35,model,14,9,0.38896625,2.53270166,band_35.pdf
35,model,14,10,0.41171884,2.54565072,band_35.pdf
35,model,14,11,0.41740002,2.53578060,band_35.pdf
35,model,14,12,0.42308121,2.50634667,band_35.pdf
35,model,14,13,0.42876239,2.45787898,band_35.pdf
35,model,14,14,0.43444358,2.39124816,band_35.pdf
35,model,14,15,0.44015261,2.30761833,band_35.pdf
35,model,14,16,0.44583380,2.20845734,band_35.pdf
35,model,14,17,0.45151498,2.09554212,band_35.pdf
35,model,14,18,0.46287735,1.83923735,band_35.pdf
35,model,14,19,0.46855854,1.74089890,band_35.pdf
35,model,14,20,0.47423972,1.71762315,band_35.pdf
35,model,14,21,0.49131113,1.67404946,band_35.pdf
35,model,14,22,0.51403587,1.63002370,band_35.pdf
35,model,14,23,0.53678846,1.59693803,band_35.pdf
35,model,14,24,0.55383202,1.58288790,band_35.pdf
35,model,14,25,0.57658460,1.57691997,band_35.pdf
35,model,14,26,0.58922803,1.57457950,band_35.pdf
35,model,14,27,0.60315250,1.55347406,band_35.pdf
35,model,14,28,0.63100145,1.49296960,band_35.pdf
35,model,14,29,0.64492592,1.48125385,band_35.pdf
35,model,14,30,0.65885040,1.49174844,band_35.pdf
35,model,14,31,0.67277487,1.52475828,band_35.pdf
35,model,14,32,0.67973711,1.67671971,band_35.pdf
35,model,14,33,0.68669934,1.96702506,band_35.pdf
35,model,14,34,0.70062382,2.60721744,band_35.pdf
35,model,14,35,0.72151053,3.58608735,band_35.pdf
35,model,14,36,0.72847276,3.90993868,band_35.pdf
35,model,14,37,0.73543500,4.25636455,band_35.pdf
35,model,14,38,0.74239724,4.65616534,band_35.pdf
35,model,14,39,0.74935947,5.14690271,band_35.pdf
35,model,14,40,0.75632171,5.76587288,band_35.pdf
35,model,14,41,0.76328395,6.54221339,band_35.pdf
35,model,14,42,0.77024618,7.49012262,band_35.pdf
35,model,14,43,0.77519376,8.28298041,band_35.pdf
35,model,15,0,0.81273178,8.28298041,band_35.pdf
35,model,15,1,0.81898184,7.89496410,band_35.pdf
35,model,15,2,0.82594408,7.50909027,band_35.pdf
35,model,15,3,0.83290632,7.16611601,band_35.pdf
35,model,15,4,0.83986855,6.86461812,band_35.pdf
35,model,15,5,0.84683079,6.60678315,band_35.pdf
35,model,15,6,0.85379303,6.39893037,band_35.pdf
35,model,15,7,0.86075526,6.25066881,band_35.pdf
35,model,15,8,0.86771750,6.17250442,band_35.pdf
35,model,15,9,0.87467974,6.17273418,band_35.pdf
35,model,15,10,0.88164197,6.25437406,band_35.pdf
35,model,15,11,0.88860421,6.41299484,band_35.pdf
35,model,15,12,0.89556645,6.63606190,band_35.pdf
35,model,15,13,0.90252868,6.90410530,band_35.pdf
35,model,15,14,0.91645316,7.48325139,band_35.pdf
35,model,15,15,0.92341540,7.75545554,band_35.pdf
35,model,15,16,0.93037763,8.00326350,band_35.pdf
35,model,15,17,0.93906281,8.28298041,band_35.pdf
35,model,15,18,0.93906281,8.28298041,band_35.pdf
35,model,16,0,0.30011171,8.28298041,band_35.pdf
35,model,16,1,0.30940180,7.87813270,band_35.pdf
35,model,16,2,0.31508299,7.65876342,band_35.pdf
35,model,16,3,0.32076417,7.46830390,band_35.pdf
35,model,16,4,0.32644536,7.31018003,band_35.pdf
35,model,16,5,0.33212655,7.18462383,band_35.pdf
35,model,16,6,0.33780773,7.08895285,band_35.pdf
35,model,16,7,0.34348892,7.01827688,band_35.pdf
35,model,16,8,0.34919795,6.96657756,band_35.pdf
35,model,16,9,0.35487914,6.92781528,band_35.pdf
35,model,16,10,0.36624151,6.87029899,band_35.pdf
35,model,16,11,0.38328506,6.80414636,band_35.pdf
35,model,16,12,0.39467528,6.77433059,band_35.pdf
35,model,16,13,0.40603765,6.75967530,band_35.pdf
35,model,16,14,0.41171884,6.75789324,band_35.pdf
35,model,16,15,0.41740002,6.86596073,band_35.pdf
35,model,16,16,0.42308121,7.18120599,band_35.pdf
35,model,16,17,0.42876239,7.68128915,band_35.pdf
35,model,16,18,0.43395747,8.28298041,band_35.pdf
